label,f0,f1,f2,f3,f4,f5,f6,f7,f8,f9,f10,f11,f12,f13,f14,f15,f16,f17,f18,f19,f20,f21,f22,f23,f24,f25,f26,f27,f28,f29,f30,f31,f32,f33,f34,f35,f36,f37,f38,f39,f40,f41,f42,f43,f44,f45,f46,f47,f48,f49,f50,f51,f52,f53,f54,f55,f56,f57,f58,f59,f60,f61,f62
0,0.0,0.0,0.0,-0.27416953444480896,-0.021213211119174957,-0.08984430879354477,-0.5377317667007446,-0.2786310613155365,-0.12175919860601425,-0.5028790831565857,-0.5963783860206604,-0.15734831988811493,-0.2624334990978241,-0.6546053886413574,-0.1711144745349884,-0.4263511896133423,-0.6490176916122437,-0.014308753423392773,-0.4762028157711029,-0.8793354630470276,-0.16175466775894165,-0.416098028421402,-0.6018184423446655,-0.2330792248249054,-0.3907778263092041,-0.4959217607975006,-0.2630596458911896,-0.2580483555793762,-0.7212555408477783,-0.025158992037177086,-0.31191760301589966,-0.9380075335502625,-0.17232024669647217,-0.24942761659622192,-0.5977044701576233,-0.18272028863430023,-0.23412562906742096,-0.5245605111122131,-0.14870019257068634,-0.08836786448955536,-0.7596206665039062,-0.06627656519412994,-0.13059578835964203,-0.968408465385437,-0.20845262706279755,-0.08520187437534332,-0.6317830681800842,-0.15609750151634216,-0.07043959200382233,-0.5309573411941528,-0.0761655792593956,0.0947304293513298,-0.7647966146469116,-0.11880084872245789,0.04746752604842186,-0.9619158506393433,-0.1889118254184723,0.05997898429632187,-0.7319105267524719,-0.14087438583374023,0.07243414968252182,-0.6256062984466553,-0.08160104602575302
0,0.0,0.0,0.0,-0.2752658426761627,-0.0249080341309309,-0.09378553181886673,-0.5338107943534851,-0.2875613570213318,-0.13355210423469543,-0.4926341772079468,-0.6027168035507202,-0.17620399594306946,-0.26628583669662476,-0.6494940519332886,-0.19815367460250854,-0.4171188473701477,-0.6708168983459473,-0.025179553776979446,-0.46764862537384033,-0.8839144706726074,-0.1621720939874649,-0.4120732843875885,-0.60428786277771,-0.22384196519851685,-0.37954697012901306,-0.5076863765716553,-0.2495487630367279,-0.2519907057285309,-0.7424495816230774,-0.033880580216646194,-0.30369243025779724,-0.9440552592277527,-0.1711977869272232,-0.2511606216430664,-0.6068814992904663,-0.17003551125526428,-0.2229754775762558,-0.5302842855453491,-0.13094434142112732,-0.08678299933671951,-0.7726743221282959,-0.07194197177886963,-0.12369125336408615,-0.954147458076477,-0.20759835839271545,-0.09217128902673721,-0.6223384737968445,-0.14822202920913696,-0.06800159066915512,-0.5210790038108826,-0.06589706242084503,0.0928538516163826,-0.7682286500930786,-0.12168591469526291,0.04310901090502739,-0.961088240146637,-0.1865786612033844,0.04884667322039604,-0.7368521690368652,-0.13327793776988983,0.06885678321123123,-0.6329081058502197,-0.07228433340787888
0,0.0,0.0,0.0,-0.26693323254585266,-0.02293287217617035,-0.09467282146215439,-0.5211928486824036,-0.2892615497112274,-0.13734254240989685,-0.47951459884643555,-0.6056293845176697,-0.18176953494548798,-0.2505238652229309,-0.6502344012260437,-0.2063506841659546,-0.4032351076602936,-0.6865576505661011,-0.036902882158756256,-0.4514027237892151,-0.8917931318283081,-0.17102152109146118,-0.40018230676651,-0.6151622533798218,-0.23009449243545532,-0.36335983872413635,-0.5210824012756348,-0.2555895149707794,-0.23710012435913086,-0.7553027272224426,-0.04635047912597656,-0.2877799868583679,-0.9576965570449829,-0.18263746798038483,-0.239572674036026,-0.6229029297828674,-0.17906033992767334,-0.20694473385810852,-0.545492947101593,-0.13905440270900726,-0.0706164687871933,-0.7779817581176758,-0.08391483873128891,-0.1019885241985321,-0.9604001045227051,-0.22017508745193481,-0.07626252621412277,-0.6282601356506348,-0.15964704751968384,-0.05310108885169029,-0.5269761681556702,-0.07744316011667252,0.1092652678489685,-0.7623526453971863,-0.13295577466487885,0.06301939487457275,-0.9596884846687317,-0.20199398696422577,0.06132865324616432,-0.7318205833435059,-0.1499766856431961,0.07692933082580566,-0.6227486729621887,-0.09003187716007233
0,0.0,0.0,0.0,-0.2646677494049072,-0.020831985399127007,-0.09960455447435379,-0.5191234946250916,-0.28738167881965637,-0.14297504723072052,-0.47882962226867676,-0.6103309988975525,-0.18764914572238922,-0.2546248435974121,-0.6625233888626099,-0.21130409836769104,-0.40594714879989624,-0.684116542339325,-0.026820240542292595,-0.455002099275589,-0.8794847726821899,-0.1670638769865036,-0.3909715414047241,-0.6066395044326782,-0.23389331996440887,-0.35050883889198303,-0.5188602209091187,-0.2640454173088074,-0.23622556030750275,-0.7586252689361572,-0.035777345299720764,-0.28628504276275635,-0.9581445455551147,-0.17893542349338531,-0.23026975989341736,-0.6216630935668945,-0.1811119168996811,-0.20477624237537384,-0.5430198311805725,-0.14272534847259521,-0.06790462881326675,-0.7844040393829346,-0.07486622780561447,-0.09996845573186874,-0.9628908634185791,-0.2175276130437851,-0.0727272778749466,-0.6314605474472046,-0.15872478485107422,-0.05928713455796242,-0.5319993495941162,-0.07542853057384491,0.11297863721847534,-0.7725573182106018,-0.12589119374752045,0.06649056077003479,-0.9572827816009521,-0.19788046181201935,0.06688236445188522,-0.7281837463378906,-0.14551469683647156,0.07588755339384079,-0.625324547290802,-0.08415862172842026
0,0.0,0.0,0.0,-0.2701096832752228,-0.02103213034570217,-0.09548740833997726,-0.5357188582420349,-0.28621208667755127,-0.1369839608669281,-0.5098297595977783,-0.6137486100196838,-0.180814728140831,-0.28506702184677124,-0.6630435585975647,-0.2039741575717926,-0.40151289105415344,-0.6809711456298828,-0.02486581727862358,-0.4580954909324646,-0.8889029622077942,-0.16090434789657593,-0.40050026774406433,-0.6114099025726318,-0.22162555158138275,-0.3617457151412964,-0.5230384469032288,-0.24765866994857788,-0.23376332223415375,-0.7569519877433777,-0.033922843635082245,-0.2876713275909424,-0.9535724520683289,-0.17207470536231995,-0.23713907599449158,-0.6181663274765015,-0.1694662868976593,-0.21115413308143616,-0.5462949275970459,-0.12896758317947388,-0.0672188252210617,-0.7850674986839294,-0.07258167862892151,-0.10544513911008835,-0.9609399437904358,-0.21173427999019623,-0.07961016893386841,-0.62986820936203,-0.15103068947792053,-0.06300189346075058,-0.5349018573760986,-0.06736015528440475,0.11261097341775894,-0.775104820728302,-0.12277460098266602,0.05803239345550537,-0.9610353112220764,-0.1918162703514099,0.058833807706832886,-0.7347986102104187,-0.1386464685201645,0.0729592964053154,-0.6331536173820496,-0.07718285173177719
0,0.0,0.0,0.0,-0.266523152589798,-0.030057393014431,-0.09052397310733795,-0.5245259404182434,-0.28196093440055847,-0.1310003697872162,-0.49161145091056824,-0.5984933376312256,-0.17572955787181854,-0.2718023955821991,-0.6945785880088806,-0.20050664246082306,-0.40525829792022705,-0.6758753657341003,-0.020595334470272064,-0.46211591362953186,-0.8862911462783813,-0.16424560546875,-0.39812418818473816,-0.6141563653945923,-0.23199237883090973,-0.3556011915206909,-0.5110456943511963,-0.25918224453926086,-0.23529547452926636,-0.7503780126571655,-0.03199600428342819,-0.2864227592945099,-0.9581032991409302,-0.1750926375389099,-0.2307141274213791,-0.620206892490387,-0.17863473296165466,-0.20775486528873444,-0.5304031372070312,-0.1407928466796875,-0.06574839353561401,-0.7824966907501221,-0.07283061742782593,-0.10015426576137543,-0.9633331298828125,-0.21793264150619507,-0.06948228180408478,-0.6268730163574219,-0.1599498838186264,-0.055368322879076004,-0.513471782207489,-0.07560725510120392,0.11656592041254044,-0.7767878770828247,-0.1239876002073288,0.0658201053738594,-0.9669080972671509,-0.19766229391098022,0.07030214369297028,-0.7371412515640259,-0.14407192170619965,0.08050626516342163,-0.6271611452102661,-0.0801055058836937
0,0.0,0.0,0.0,-0.26331958174705505,-0.01965182274580002,-0.09684018790721893,-0.5245679020881653,-0.27660664916038513,-0.1400986760854721,-0.49568066000938416,-0.6030992269515991,-0.18554820120334625,-0.2697235345840454,-0.6770860552787781,-0.20880770683288574,-0.41314858198165894,-0.6750251054763794,-0.024839306250214577,-0.4758361279964447,-0.8795340061187744,-0.1684940755367279,-0.4031015932559967,-0.5950348377227783,-0.2332049161195755,-0.35847437381744385,-0.5103991627693176,-0.2606394290924072,-0.24218982458114624,-0.7573860883712769,-0.03493334352970123,-0.3005176782608032,-0.9537136554718018,-0.17754727602005005,-0.23592717945575714,-0.6079742312431335,-0.17423149943351746,-0.20866252481937408,-0.5463590621948242,-0.13221143186092377,-0.07053354382514954,-0.7894929051399231,-0.07584431022405624,-0.11274299025535583,-0.9568996429443359,-0.2191973179578781,-0.0774509385228157,-0.6186274886131287,-0.1549578607082367,-0.058862991631031036,-0.5370275974273682,-0.06799725443124771,0.11517283320426941,-0.784849226474762,-0.1283867359161377,0.05605312064290047,-0.9596498012542725,-0.19880411028862,0.06258531659841537,-0.7282687425613403,-0.14277969300746918,0.07937499135732651,-0.6393204927444458,-0.07859603315591812
0,0.0,0.0,0.0,-0.2639344334602356,-0.0174737386405468,-0.08897879719734192,-0.5261310935020447,-0.28331759572029114,-0.12497946619987488,-0.4959598183631897,-0.6070643663406372,-0.16419872641563416,-0.2803465723991394,-0.6778386235237122,-0.18192851543426514,-0.4199308156967163,-0.6694290637969971,-0.01930788718163967,-0.48737260699272156,-0.8698711395263672,-0.16039469838142395,-0.41111546754837036,-0.5911768674850464,-0.22693756222724915,-0.36730441451072693,-0.5088436007499695,-0.25648313760757446,-0.25140342116355896,-0.7489936351776123,-0.03097674250602722,-0.3134114742279053,-0.9496174454689026,-0.17220547795295715,-0.24426764249801636,-0.6043018102645874,-0.17135383188724518,-0.21910840272903442,-0.530056357383728,-0.13133129477500916,-0.08345930278301239,-0.7822201251983643,-0.07202117890119553,-0.1296081691980362,-0.9656960964202881,-0.21466398239135742,-0.08802095055580139,-0.6198331713676453,-0.15165801346302032,-0.06804046779870987,-0.5132868885993958,-0.06532686948776245,0.099751316010952,-0.7810382843017578,-0.12386688590049744,0.04156963899731636,-0.9590138792991638,-0.1979760229587555,0.04756224527955055,-0.7226731777191162,-0.14527730643749237,0.05862497538328171,-0.618902862071991,-0.08275245875120163
0,0.0,0.0,0.0,-0.26276886463165283,-0.018427714705467224,-0.08557356894016266,-0.52816241979599,-0.2647797465324402,-0.12329200655221939,-0.5115064382553101,-0.585732102394104,-0.16581152379512787,-0.2953980565071106,-0.6593464612960815,-0.18875433504581451,-0.4232790172100067,-0.6608397364616394,-0.013558885082602501,-0.49540776014328003,-0.8666552305221558,-0.14937357604503632,-0.4189521372318268,-0.5952823758125305,-0.21487624943256378,-0.3677213788032532,-0.4994758367538452,-0.24337823688983917,-0.2576407492160797,-0.7440872192382812,-0.026613149791955948,-0.3286145329475403,-0.9444641470909119,-0.16416288912296295,-0.2549039125442505,-0.6084172129631042,-0.165054589509964,-0.21464616060256958,-0.5173311233520508,-0.12607690691947937,-0.09152180701494217,-0.7807459831237793,-0.06838468462228775,-0.1485343873500824,-0.9626474380493164,-0.20774365961551666,-0.10105257481336594,-0.6247575283050537,-0.1478680968284607,-0.07071279734373093,-0.5027560591697693,-0.06336002796888351,0.09008260071277618,-0.7791146636009216,-0.12075785547494888,0.024127265438437462,-0.9631698131561279,-0.1950673758983612,0.031958576291799545,-0.7293374538421631,-0.14434266090393066,0.04943542927503586,-0.609836220741272,-0.08289865404367447
0,0.0,0.0,0.0,-0.26416367292404175,-0.008936218917369843,-0.0889897271990776,-0.5282235145568848,-0.2485899031162262,-0.1288539171218872,-0.5166168212890625,-0.5750409364700317,-0.17279116809368134,-0.3073383867740631,-0.6676995754241943,-0.19730323553085327,-0.4403902590274811,-0.6407346725463867,-0.016535721719264984,-0.517296552658081,-0.8364466428756714,-0.15524932742118835,-0.4314356744289398,-0.5737205743789673,-0.2213367521762848,-0.375345915555954,-0.4826119840145111,-0.24827659130096436,-0.2776557207107544,-0.730171263217926,-0.02803986892104149,-0.35407525300979614,-0.9352169036865234,-0.16883626580238342,-0.2715762257575989,-0.6030489802360535,-0.16898871958255768,-0.2277049720287323,-0.505669116973877,-0.126845583319664,-0.11269990354776382,-0.7726888060569763,-0.06835835427045822,-0.1736208200454712,-0.9483664631843567,-0.21426856517791748,-0.11769113689661026,-0.6083152890205383,-0.1550786793231964,-0.08240782469511032,-0.4764523208141327,-0.06722266972064972,0.06951917707920074,-0.7776747345924377,-0.11879837512969971,-0.005147728603333235,-0.9606358408927917,-0.19715259969234467,0.010991518385708332,-0.7283245325088501,-0.14581701159477234,0.0353805236518383,-0.6048476696014404,-0.08137815445661545
0,0.0,0.0,0.0,-0.2644868493080139,-0.013756999745965004,-0.08564874529838562,-0.528346836566925,-0.24220974743366241,-0.12740303575992584,-0.5253392457962036,-0.5594434142112732,-0.17415942251682281,-0.31727921962738037,-0.675470232963562,-0.20239733159542084,-0.443337082862854,-0.6483487486839294,-0.01778074912726879,-0.527376115322113,-0.8380197882652283,-0.15514406561851501,-0.44624948501586914,-0.5746771693229675,-0.22157256305217743,-0.38948947191238403,-0.4750891923904419,-0.24819660186767578,-0.2804504930973053,-0.7333722710609436,-0.031129522249102592,-0.36502623558044434,-0.9309972524642944,-0.16935332119464874,-0.2827156186103821,-0.6025012135505676,-0.1711317002773285,-0.23102958500385284,-0.5017181634902954,-0.13089054822921753,-0.11428655683994293,-0.7741722464561462,-0.07234131544828415,-0.18810319900512695,-0.9532952904701233,-0.21405626833438873,-0.13062784075737,-0.6175891757011414,-0.15611357986927032,-0.08707395195960999,-0.48379990458488464,-0.07030574232339859,0.06975583732128143,-0.7785096168518066,-0.12329761683940887,-0.015278121456503868,-0.9603521823883057,-0.19963857531547546,-0.003249888774007559,-0.7302838563919067,-0.1489206850528717,0.02487049624323845,-0.6053122878074646,-0.08500992506742477
0,0.0,0.0,0.0,-0.2611912190914154,-0.008868847973644733,-0.0884193480014801,-0.5291376113891602,-0.23761051893234253,-0.1288452297449112,-0.5368443131446838,-0.5627365708351135,-0.17464685440063477,-0.32731807231903076,-0.6684424877166748,-0.20155879855155945,-0.439133882522583,-0.6306818723678589,-0.013758382759988308,-0.5289126038551331,-0.834266185760498,-0.14939966797828674,-0.44288578629493713,-0.5766509771347046,-0.21379321813583374,-0.37957701086997986,-0.4816683232784271,-0.2390841245651245,-0.2794349789619446,-0.7220652103424072,-0.024804813787341118,-0.3659760355949402,-0.93062424659729,-0.16237081587314606,-0.2840144634246826,-0.6013487577438354,-0.16239695250988007,-0.22976289689540863,-0.4971562922000885,-0.12012787163257599,-0.11594294011592865,-0.7661681175231934,-0.06451956927776337,-0.1917564570903778,-0.9504840970039368,-0.20708973705768585,-0.13383279740810394,-0.6131730079650879,-0.14890168607234955,-0.08649984002113342,-0.47597652673721313,-0.06139001250267029,0.0659351721405983,-0.7739190459251404,-0.11438338458538055,-0.01877211220562458,-0.9637051820755005,-0.18992339074611664,-0.0036934164818376303,-0.7375776171684265,-0.13923406600952148,0.029233437031507492,-0.6125778555870056,-0.07521415501832962
0,0.0,0.0,0.0,-0.25712254643440247,-0.010352800600230694,-0.08910880237817764,-0.520018994808197,-0.23000261187553406,-0.13294482231140137,-0.5208819508552551,-0.5494673848152161,-0.18143637478351593,-0.30989953875541687,-0.6625572443008423,-0.21087293326854706,-0.44310030341148376,-0.6310125589370728,-0.02188972570002079,-0.5283373594284058,-0.8299533724784851,-0.1609175205230713,-0.4420836865901947,-0.5703547596931458,-0.2259354144334793,-0.3813498616218567,-0.47848600149154663,-0.2521001100540161,-0.2814028859138489,-0.7215943336486816,-0.03444727882742882,-0.3658566474914551,-0.9306712746620178,-0.1769505888223648,-0.2833631932735443,-0.6002756357192993,-0.17698246240615845,-0.2323153018951416,-0.5020005106925964,-0.1346815973520279,-0.11608995497226715,-0.7658922076225281,-0.07540078461170197,-0.18613657355308533,-0.949467122554779,-0.22074627876281738,-0.1293967366218567,-0.6125237941741943,-0.1609087437391281,-0.08607252687215805,-0.48425227403640747,-0.07288497686386108,0.06834938377141953,-0.7739214301109314,-0.12647630274295807,-0.014711480587720871,-0.9555745124816895,-0.20212262868881226,-0.0010882822098210454,-0.7261289954185486,-0.1499445140361786,0.027632085606455803,-0.6054162979125977,-0.08559200912714005
0,0.0,0.0,0.0,-0.25908440351486206,-0.017601612955331802,-0.09071949869394302,-0.5187899470329285,-0.23839588463306427,-0.1365751326084137,-0.5158718228340149,-0.5519254803657532,-0.1872793436050415,-0.30842772126197815,-0.6774527430534363,-0.21808047592639923,-0.43757373094558716,-0.6477820873260498,-0.02430410496890545,-0.5322012901306152,-0.8301643133163452,-0.17072045803070068,-0.4420417547225952,-0.5688924193382263,-0.23780231177806854,-0.37867793440818787,-0.48933538794517517,-0.2640233337879181,-0.274125337600708,-0.7366255521774292,-0.03789622709155083,-0.3655637502670288,-0.9307863116264343,-0.18647882342338562,-0.27930349111557007,-0.5916227102279663,-0.18462428450584412,-0.22430479526519775,-0.5084800720214844,-0.13976924121379852,-0.10727804899215698,-0.7791991829872131,-0.08118713647127151,-0.18262575566768646,-0.9444300532341003,-0.23336078226566315,-0.12424887716770172,-0.6018332839012146,-0.17071141302585602,-0.07606574892997742,-0.48925909399986267,-0.07892318069934845,0.07821452617645264,-0.7869296669960022,-0.13471494615077972,-0.009790373034775257,-0.9627658128738403,-0.21360467374324799,0.0019364797044545412,-0.7306598424911499,-0.15970870852470398,0.03392922133207321,-0.6181591749191284,-0.09273736923933029
0,0.0,0.0,0.0,-0.258296400308609,-0.006459712516516447,-0.08242378383874893,-0.5234010815620422,-0.23560865223407745,-0.12108920514583588,-0.5181770324707031,-0.5556879043579102,-0.16566941142082214,-0.3106589913368225,-0.6769647002220154,-0.19106251001358032,-0.43972745537757874,-0.6327659487724304,-0.016486424952745438,-0.5340831875801086,-0.8360374569892883,-0.15667051076889038,-0.44559022784233093,-0.5705471038818359,-0.22142216563224792,-0.38207054138183594,-0.4742136001586914,-0.24620190262794495,-0.2756994962692261,-0.7216905951499939,-0.031813718378543854,-0.3668556213378906,-0.9302778840065002,-0.17358894646167755,-0.28064316511154175,-0.5950421690940857,-0.17253470420837402,-0.22798196971416473,-0.49888548254966736,-0.12901677191257477,-0.10743317008018494,-0.7650900483131409,-0.07529936730861664,-0.18382684886455536,-0.9488270878791809,-0.21859632432460785,-0.12525586783885956,-0.608116865158081,-0.15498369932174683,-0.08196762949228287,-0.4833722412586212,-0.06498110294342041,0.07964888960123062,-0.7733763456344604,-0.12844571471214294,-0.008589597418904305,-0.9554175138473511,-0.2017136663198471,0.0063529121689498425,-0.7230545878410339,-0.14599135518074036,0.036441244184970856,-0.6082369089126587,-0.07937867939472198
0,0.0,0.0,0.0,-0.25827479362487793,-0.008323234505951405,-0.08549558371305466,-0.5235891342163086,-0.2387373447418213,-0.12408169358968735,-0.5173190236091614,-0.5636141300201416,-0.16767828166484833,-0.3077388405799866,-0.6893740892410278,-0.19152158498764038,-0.4426678419113159,-0.6307597756385803,-0.017352411523461342,-0.535723090171814,-0.8182110786437988,-0.15612566471099854,-0.4479890465736389,-0.5500435829162598,-0.21744121611118317,-0.38708117604255676,-0.4689430594444275,-0.24140937626361847,-0.28193187713623047,-0.7260755896568298,-0.03188903629779816,-0.37119215726852417,-0.9285560846328735,-0.17406891286373138,-0.2869148850440979,-0.5873815417289734,-0.1695338785648346,-0.2332162708044052,-0.5063214898109436,-0.12351767718791962,-0.11574196070432663,-0.7720692157745361,-0.07501382380723953,-0.18649141490459442,-0.9404916167259216,-0.2219507247209549,-0.13013510406017303,-0.5947613716125488,-0.1574130803346634,-0.08591663092374802,-0.4854677617549896,-0.06608105450868607,0.0691252127289772,-0.7823538184165955,-0.12803767621517181,-0.01280574593693018,-0.954656720161438,-0.20471744239330292,-0.0005036694346927106,-0.7160722017288208,-0.14943209290504456,0.029105698689818382,-0.6051119565963745,-0.08249183744192123
0,0.0,0.0,0.0,-0.2574758231639862,-0.0023284670896828175,-0.08708608895540237,-0.5174440741539001,-0.22614866495132446,-0.13050279021263123,-0.5165058970451355,-0.5477427244186401,-0.17831268906593323,-0.3106672167778015,-0.6788973212242126,-0.2075316458940506,-0.4482499361038208,-0.6301527619361877,-0.022642625495791435,-0.5315492749214172,-0.8292942047119141,-0.16546593606472015,-0.4449489414691925,-0.576859712600708,-0.23400668799877167,-0.38186541199684143,-0.47054117918014526,-0.2593246102333069,-0.2841680347919464,-0.7218888401985168,-0.03534836322069168,-0.36600232124328613,-0.9306139349937439,-0.17812487483024597,-0.2827671468257904,-0.6055607795715332,-0.18133510649204254,-0.23246893286705017,-0.4944199025630951,-0.13988545536994934,-0.11622566729784012,-0.7659226059913635,-0.0759376734495163,-0.18110434710979462,-0.93808513879776,-0.2222711592912674,-0.12306592613458633,-0.60703444480896,-0.1668979525566101,-0.08287402242422104,-0.47010940313339233,-0.08067400753498077,0.07082606106996536,-0.7745965123176575,-0.12578324973583221,-0.01083962619304657,-0.9532184600830078,-0.20360977947711945,0.0042798928916454315,-0.7254568934440613,-0.1528199017047882,0.03109452873468399,-0.5994982719421387,-0.0878758653998375
0,0.0,0.0,0.0,-0.25766682624816895,-0.007329799700528383,-0.08221300691366196,-0.5155587196350098,-0.24521170556545258,-0.11869733035564423,-0.5125929117202759,-0.5700721144676208,-0.16109462082386017,-0.31000807881355286,-0.68149733543396,-0.18460115790367126,-0.43287307024002075,-0.634220540523529,-0.015265177935361862,-0.5106483101844788,-0.8485843539237976,-0.1510404646396637,-0.4283745288848877,-0.5930432677268982,-0.2113673835992813,-0.3745475113391876,-0.4928606152534485,-0.23303356766700745,-0.2725012004375458,-0.7222952246665955,-0.030057653784751892,-0.3458214998245239,-0.9383003115653992,-0.16902698576450348,-0.26861849427223206,-0.6085861921310425,-0.16755260527133942,-0.22886806726455688,-0.5074438452720642,-0.12344780564308167,-0.1083410233259201,-0.7627466917037964,-0.0726902112364769,-0.1632794886827469,-0.9340628385543823,-0.21593283116817474,-0.10962264984846115,-0.6050220131874084,-0.15854515135288239,-0.07839348912239075,-0.48447534441947937,-0.07218808680772781,0.07391808927059174,-0.7675259113311768,-0.12455055862665176,0.0040276688523590565,-0.9549931287765503,-0.19775515794754028,0.017780164256691933,-0.7304123640060425,-0.14519092440605164,0.03740580752491951,-0.6112270355224609,-0.08067745715379715
0,0.0,0.0,0.0,-0.2602826654911041,-0.013349422253668308,-0.08277875185012817,-0.518645167350769,-0.25629469752311707,-0.12181299924850464,-0.5046669840812683,-0.5813912153244019,-0.16659556329250336,-0.2940504252910614,-0.6861242651939392,-0.19282370805740356,-0.4306280314922333,-0.637137234210968,-0.01746501214802265,-0.5153169631958008,-0.8436604738235474,-0.1548386812210083,-0.4358510673046112,-0.5912314653396606,-0.21876654028892517,-0.3767891228199005,-0.49752429127693176,-0.24385040998458862,-0.2710513472557068,-0.7241790890693665,-0.03219100460410118,-0.3492664396762848,-0.9370234608650208,-0.17280279099941254,-0.2767540216445923,-0.6131891012191772,-0.1739327758550644,-0.23198236525058746,-0.5165149569511414,-0.13219979405403137,-0.10851947963237762,-0.7630157470703125,-0.0746789276599884,-0.16950055956840515,-0.9397721290588379,-0.21567024290561676,-0.12098528444766998,-0.6119577884674072,-0.15788789093494415,-0.08437847346067429,-0.49220114946365356,-0.07230781018733978,0.0730798989534378,-0.7673033475875854,-0.12706372141838074,-0.002165305195376277,-0.949246346950531,-0.19862991571426392,0.006597120780497789,-0.7273944616317749,-0.14721645414829254,0.030501261353492737,-0.6122724413871765,-0.08443154394626617
0,0.0,0.0,0.0,-0.2570492923259735,-0.01555121410638094,-0.08192180842161179,-0.5084143877029419,-0.25459161400794983,-0.1216609850525856,-0.49859827756881714,-0.574662983417511,-0.1672547459602356,-0.2956750988960266,-0.6809004545211792,-0.19485874474048615,-0.43052297830581665,-0.6504528522491455,-0.01556531060487032,-0.5109937191009521,-0.8461980819702148,-0.14585112035274506,-0.4304259121417999,-0.594281792640686,-0.20783226191997528,-0.37296682596206665,-0.4970366060733795,-0.2327890247106552,-0.2710916996002197,-0.7332109808921814,-0.029516955837607384,-0.34850063920021057,-0.9373086094856262,-0.16299079358577728,-0.27261465787887573,-0.6164267063140869,-0.16459739208221436,-0.2261246144771576,-0.5101606845855713,-0.1250673532485962,-0.10803335160017014,-0.7703313231468201,-0.07021505385637283,-0.16913776099681854,-0.9412556290626526,-0.20708325505256653,-0.11940044909715652,-0.6161041259765625,-0.15301118791103363,-0.08254024386405945,-0.4835784137248993,-0.07095472514629364,0.07259931415319443,-0.7714722752571106,-0.1203121542930603,-0.004238641355186701,-0.9518061876296997,-0.19195519387722015,0.004703462589532137,-0.7297981977462769,-0.14272114634513855,0.027390584349632263,-0.60329669713974,-0.0814053937792778
0,0.0,0.0,0.0,-0.26069074869155884,-0.015656884759664536,-0.08515175431966782,-0.5175831913948059,-0.25578615069389343,-0.1253904104232788,-0.5016871094703674,-0.5804206728935242,-0.17093005776405334,-0.29193100333213806,-0.6872342228889465,-0.1970556080341339,-0.43732649087905884,-0.6472556591033936,-0.016824232414364815,-0.516301691532135,-0.8484650254249573,-0.15231627225875854,-0.4328649044036865,-0.5903751850128174,-0.2145405262708664,-0.3759291172027588,-0.49890124797821045,-0.2390204817056656,-0.27628496289253235,-0.7300347685813904,-0.03059927374124527,-0.34993401169776917,-0.9367743730545044,-0.17040668427944183,-0.27069923281669617,-0.6111188530921936,-0.17180034518241882,-0.2290930449962616,-0.5158897638320923,-0.13069699704647064,-0.11289973556995392,-0.768094539642334,-0.07219130545854568,-0.16834381222724915,-0.936477780342102,-0.2149798572063446,-0.1146755963563919,-0.6068382859230042,-0.15890677273273468,-0.08226275444030762,-0.487183153629303,-0.0741318091750145,0.06694138050079346,-0.7702949643135071,-0.1235305517911911,-0.003131135832518339,-0.947940468788147,-0.19738124310970306,0.010176734067499638,-0.723621129989624,-0.14710725843906403,0.03144127130508423,-0.6073451638221741,-0.08456242084503174
0,0.0,0.0,0.0,-0.2659851610660553,-0.020085478201508522,-0.08256795257329941,-0.5113999247550964,-0.25708943605422974,-0.12437815964221954,-0.49594295024871826,-0.5758868455886841,-0.17209121584892273,-0.29520055651664734,-0.683476984500885,-0.2037409096956253,-0.429835706949234,-0.64178466796875,-0.019395628944039345,-0.4991106390953064,-0.8479899764060974,-0.14619873464107513,-0.42720577120780945,-0.6055229902267456,-0.20929750800132751,-0.3738151788711548,-0.49838632345199585,-0.23561549186706543,-0.2704792022705078,-0.723967432975769,-0.032772742211818695,-0.3398810029029846,-0.940468430519104,-0.16533160209655762,-0.2701002359390259,-0.6302797794342041,-0.1745418757200241,-0.22323428094387054,-0.5083304643630981,-0.14074541628360748,-0.10810312628746033,-0.7637519836425781,-0.07122069597244263,-0.160035640001297,-0.9443345665931702,-0.20757761597633362,-0.11412214487791061,-0.6293421387672424,-0.16182377934455872,-0.07814504951238632,-0.48518702387809753,-0.08491616696119308,0.07101913541555405,-0.7651867866516113,-0.11857405304908752,0.000845877337269485,-0.9585935473442078,-0.1912321001291275,0.009974585846066475,-0.744071900844574,-0.1450531780719757,0.032684940844774246,-0.608122706413269,-0.08561574667692184
0,0.0,0.0,0.0,-0.2762909233570099,-0.013124654069542885,-0.07999315857887268,-0.5306076407432556,-0.23974569141864777,-0.12109652161598206,-0.514898955821991,-0.5588021874427795,-0.16903066635131836,-0.3116113245487213,-0.6757737994194031,-0.1999964416027069,-0.4627019464969635,-0.6235482096672058,-0.014314169995486736,-0.5258790850639343,-0.8293851613998413,-0.14436058700084686,-0.4490278363227844,-0.5810021162033081,-0.2073771357536316,-0.40209081768989563,-0.4725222587585449,-0.23282983899116516,-0.30147212743759155,-0.711246907711029,-0.03074166551232338,-0.367330402135849,-0.9300905466079712,-0.1659395545721054,-0.2857307493686676,-0.6188578605651855,-0.17513474822044373,-0.24885344505310059,-0.5008094906806946,-0.14083904027938843,-0.13628165423870087,-0.7582827210426331,-0.0726114958524704,-0.18498149514198303,-0.9385603070259094,-0.2094520926475525,-0.1260676383972168,-0.6247120499610901,-0.16103680431842804,-0.09916568547487259,-0.48755744099617004,-0.08304043114185333,0.04527813568711281,-0.7658888101577759,-0.12335013598203659,-0.021454565227031708,-0.9502487182617188,-0.19279688596725464,0.00016041162598412484,-0.7399389743804932,-0.14386853575706482,0.01890142820775509,-0.6181641817092896,-0.08346502482891083
0,0.0,0.0,0.0,-0.28353387117385864,-0.006746698636561632,-0.07867826521396637,-0.5450410842895508,-0.22853398323059082,-0.12131702899932861,-0.5357125997543335,-0.5468370914459229,-0.1715671271085739,-0.3365040123462677,-0.6650915145874023,-0.20522087812423706,-0.49206510186195374,-0.6116964817047119,-0.014841903001070023,-0.5527002215385437,-0.8232929706573486,-0.15454737842082977,-0.4656311869621277,-0.5855304598808289,-0.22430852055549622,-0.4178154170513153,-0.4706552028656006,-0.2511579692363739,-0.32895195484161377,-0.7018397450447083,-0.03392636030912399,-0.39339688420295715,-0.9193687438964844,-0.17534449696540833,-0.300851970911026,-0.6219857335090637,-0.18922220170497894,-0.2691502273082733,-0.5042759776115417,-0.15681973099708557,-0.16168417036533356,-0.7557811737060547,-0.07892997562885284,-0.20847934484481812,-0.9308785796165466,-0.2190103828907013,-0.13657397031784058,-0.6237883567810059,-0.17138125002384186,-0.11296449601650238,-0.4889692962169647,-0.09283822774887085,0.021721210330724716,-0.7698388695716858,-0.1325874626636505,-0.04945427179336548,-0.9541659355163574,-0.19901113212108612,-0.013399803079664707,-0.7446155548095703,-0.14528393745422363,0.01110663078725338,-0.6246511340141296,-0.08120431005954742
0,0.0,0.0,0.0,-0.2867816090583801,-0.019320832565426826,-0.07565339654684067,-0.5478129982948303,-0.22117029130458832,-0.11992553621530533,-0.5433335304260254,-0.52996426820755,-0.17525015771389008,-0.34066566824913025,-0.6495375633239746,-0.2155001312494278,-0.49278566241264343,-0.6026658415794373,-0.00656422134488821,-0.5573732852935791,-0.8160495758056641,-0.14727362990379333,-0.4707462787628174,-0.59003746509552,-0.22305342555046082,-0.4269610047340393,-0.4789496660232544,-0.2550956606864929,-0.33454206585884094,-0.6936542391777039,-0.029086878523230553,-0.39808791875839233,-0.9173471927642822,-0.17648477852344513,-0.3034394383430481,-0.6379190683364868,-0.20181751251220703,-0.26982957124710083,-0.518805980682373,-0.17661869525909424,-0.17324146628379822,-0.7529908418655396,-0.07718486338853836,-0.21336868405342102,-0.9309791922569275,-0.21747173368930817,-0.14194785058498383,-0.6437137126922607,-0.17796458303928375,-0.12135732918977737,-0.5072689056396484,-0.10492312908172607,0.003236932447180152,-0.7731459140777588,-0.1345725953578949,-0.05728882923722267,-0.9652196168899536,-0.1970357745885849,-0.024068936705589294,-0.763897716999054,-0.1454588621854782,-0.006887967232614756,-0.6314812302589417,-0.08407838642597198
0,0.0,0.0,0.0,-0.2911687195301056,0.001258755219168961,-0.0838598757982254,-0.55478835105896,-0.2251509428024292,-0.1280108392238617,-0.5377370119094849,-0.5452445149421692,-0.1813305914402008,-0.34109118580818176,-0.6463514566421509,-0.21905681490898132,-0.5145896673202515,-0.6019501686096191,-0.011705154553055763,-0.5690993666648865,-0.8143048882484436,-0.16098634898662567,-0.4722137153148651,-0.5953812599182129,-0.2428111433982849,-0.4245990216732025,-0.48024749755859375,-0.2767452597618103,-0.3552064895629883,-0.696834921836853,-0.03194420784711838,-0.4062806963920593,-0.9137483239173889,-0.18281108140945435,-0.3099687993526459,-0.6395654082298279,-0.21107400953769684,-0.28832170367240906,-0.5269331932067871,-0.1877472996711731,-0.19068405032157898,-0.7557373046875,-0.07961671054363251,-0.2174866646528244,-0.9304996728897095,-0.22679007053375244,-0.1437585949897766,-0.642539918422699,-0.19203346967697144,-0.13254354894161224,-0.5072680115699768,-0.12132856249809265,-0.011592298746109009,-0.7758316397666931,-0.1368093341588974,-0.05855799466371536,-0.9691838026046753,-0.20593303442001343,-0.021595841273665428,-0.7652860879898071,-0.1566949486732483,-0.010159042663872242,-0.6329814195632935,-0.09555847942829132
0,0.0,0.0,0.0,-0.2960869073867798,-0.007370368577539921,-0.08462655544281006,-0.5532166361808777,-0.23779362440109253,-0.1325511783361435,-0.5083284974098206,-0.5571075677871704,-0.18952560424804688,-0.30336546897888184,-0.6525679230690002,-0.23208242654800415,-0.5093048214912415,-0.6003284454345703,-0.024227580055594444,-0.5585862994194031,-0.8276973366737366,-0.17009051144123077,-0.4739493131637573,-0.6054894328117371,-0.2519916594028473,-0.4346623122692108,-0.4777771234512329,-0.287605881690979,-0.34756705164909363,-0.6962780952453613,-0.0437239371240139,-0.38889020681381226,-0.9212841391563416,-0.19315877556800842,-0.30337098240852356,-0.6479423642158508,-0.2244766503572464,-0.2847226858139038,-0.5208002328872681,-0.2054169625043869,-0.1835135668516159,-0.756581723690033,-0.08899791538715363,-0.205841526389122,-0.9363816976547241,-0.23047277331352234,-0.1387394219636917,-0.652286946773529,-0.1982915848493576,-0.12738652527332306,-0.5061460733413696,-0.13215918838977814,-0.005236085969954729,-0.7805269956588745,-0.14403703808784485,-0.04830864444375038,-0.9787659645080566,-0.2104911357164383,-0.01505293045192957,-0.7755519151687622,-0.16305775940418243,-0.0036887063179165125,-0.6312283873558044,-0.10483407229185104
0,0.0,0.0,0.0,-0.29430997371673584,-0.019372744485735893,-0.09359683841466904,-0.5486195087432861,-0.2579757571220398,-0.14556138217449188,-0.49608227610588074,-0.5793166160583496,-0.20611444115638733,-0.2834535241127014,-0.6528715491294861,-0.2503286600112915,-0.5058178305625916,-0.5993101596832275,-0.02161581628024578,-0.5550060272216797,-0.831846296787262,-0.1783715784549713,-0.4691907465457916,-0.6013081073760986,-0.2660376727581024,-0.4328610599040985,-0.4771217703819275,-0.3042774498462677,-0.3426048755645752,-0.692720890045166,-0.039578139781951904,-0.38339871168136597,-0.923008918762207,-0.19814996421337128,-0.29940083622932434,-0.6389166712760925,-0.23067885637283325,-0.2880544662475586,-0.5245656371116638,-0.2109544575214386,-0.17660510540008545,-0.7490297555923462,-0.08639543503522873,-0.19422391057014465,-0.9442414045333862,-0.2367958426475525,-0.1320682018995285,-0.6505399346351624,-0.20300619304180145,-0.12811140716075897,-0.510464072227478,-0.13368503749370575,0.0014102328568696976,-0.7684113383293152,-0.1440758854150772,-0.03507372364401817,-0.9739612936973572,-0.21373416483402252,-0.004088562447577715,-0.7693735957145691,-0.16578452289104462,0.003859677817672491,-0.6323298215866089,-0.10683475434780121
0,0.0,0.0,0.0,-0.27570635080337524,-0.008432114496827126,-0.08568195253610611,-0.5316744446754456,-0.25669121742248535,-0.12939698994159698,-0.49767056107521057,-0.5872506499290466,-0.18120943009853363,-0.28685519099235535,-0.656997799873352,-0.21805182099342346,-0.47251027822494507,-0.6213374137878418,-0.020078187808394432,-0.5208119750022888,-0.8536713719367981,-0.1648322492837906,-0.4440807104110718,-0.618769109249115,-0.24272991716861725,-0.4090186059474945,-0.49520501494407654,-0.27614933252334595,-0.31080442667007446,-0.7073172926902771,-0.03768016770482063,-0.34952762722969055,-0.9253663420677185,-0.18556496500968933,-0.27499669790267944,-0.6368263959884644,-0.21163971722126007,-0.2651592791080475,-0.5246558785438538,-0.18927030265331268,-0.14790721237659454,-0.7551424503326416,-0.08193273842334747,-0.1651814579963684,-0.9357544779777527,-0.2249739021062851,-0.1119714081287384,-0.6398330330848694,-0.1897757202386856,-0.11155091226100922,-0.5044252872467041,-0.12188651412725449,0.02736835367977619,-0.7676922082901001,-0.13591855764389038,-0.01226126216351986,-0.9637964963912964,-0.20434275269508362,0.015568037517368793,-0.7558454871177673,-0.15725623071193695,0.026757337152957916,-0.6207915544509888,-0.09953831136226654
0,0.0,0.0,0.0,-0.2818428874015808,-0.021150000393390656,-0.08703289926052094,-0.5292097330093384,-0.26379233598709106,-0.12847237288951874,-0.4924086332321167,-0.5868535041809082,-0.1789277195930481,-0.29729679226875305,-0.6745346188545227,-0.2115834504365921,-0.4703068137168884,-0.617218554019928,-0.005222730804234743,-0.5192050337791443,-0.8546497225761414,-0.157243013381958,-0.4313368499279022,-0.6156108379364014,-0.23733019828796387,-0.3984556496143341,-0.5000730156898499,-0.27025675773620605,-0.3086620569229126,-0.6975817084312439,-0.022518619894981384,-0.35006117820739746,-0.9266757965087891,-0.17705485224723816,-0.26950132846832275,-0.6278008818626404,-0.2043815702199936,-0.2703212797641754,-0.5263387560844421,-0.18157033622264862,-0.14760440587997437,-0.7461367845535278,-0.0689777061343193,-0.16848371922969818,-0.9404191374778748,-0.22108906507492065,-0.11211885511875153,-0.6302891969680786,-0.1835239827632904,-0.11854832619428635,-0.5036201477050781,-0.11139050871133804,0.02579086646437645,-0.7635979652404785,-0.1254238784313202,-0.010788771323859692,-0.9631449580192566,-0.19973045587539673,0.016757791861891747,-0.7534744143486023,-0.1529609113931656,0.020185308530926704,-0.6255894303321838,-0.09363886713981628
0,0.0,0.0,0.0,-0.2707573175430298,-0.010318199172616005,-0.08797123283147812,-0.522655725479126,-0.2490406185388565,-0.13068631291389465,-0.49284598231315613,-0.5783864855766296,-0.18030810356140137,-0.29760658740997314,-0.6895310282707214,-0.21369192004203796,-0.46866682171821594,-0.6206909418106079,-0.023216579109430313,-0.5095139145851135,-0.8604624271392822,-0.1704990267753601,-0.43468570709228516,-0.620039165019989,-0.2468864917755127,-0.4046299457550049,-0.4933159649372101,-0.27857768535614014,-0.30272117257118225,-0.7009595632553101,-0.038294918835163116,-0.3379610776901245,-0.9289396405220032,-0.18630655109882355,-0.2696074843406677,-0.6289311647415161,-0.20968036353588104,-0.2703871726989746,-0.5201354622840881,-0.1871701180934906,-0.13931824266910553,-0.7488055229187012,-0.0803353413939476,-0.15689320862293243,-0.9363767504692078,-0.22828058898448944,-0.10514916479587555,-0.6255238056182861,-0.1883755922317505,-0.10885220021009445,-0.49753260612487793,-0.11740490049123764,0.035310450941324234,-0.761261522769928,-0.1318783313035965,0.0004586420254781842,-0.9591736197471619,-0.20844560861587524,0.024956606328487396,-0.7453607320785522,-0.16171546280384064,0.029248150065541267,-0.6167255640029907,-0.10318411886692047
0,0.0,0.0,0.0,-0.2782800495624542,-0.006192643195390701,-0.09841158986091614,-0.5285964012145996,-0.22646012902259827,-0.14976994693279266,-0.4972432553768158,-0.5496426224708557,-0.2060210108757019,-0.3031193017959595,-0.6889405846595764,-0.24411270022392273,-0.4780655801296234,-0.6244927048683167,-0.035404935479164124,-0.5097785592079163,-0.860305666923523,-0.19239266216754913,-0.429999440908432,-0.6076853275299072,-0.2723473012447357,-0.4034089148044586,-0.4811457395553589,-0.30498915910720825,-0.30795085430145264,-0.7026527523994446,-0.04900549352169037,-0.33868175745010376,-0.9335755109786987,-0.20511670410633087,-0.25991198420524597,-0.6211792230606079,-0.22974364459514618,-0.26163747906684875,-0.5172547698020935,-0.207111194729805,-0.1397133767604828,-0.7513158917427063,-0.09084545075893402,-0.15079514682292938,-0.9423765540122986,-0.24904385209083557,-0.09290656447410583,-0.6233853697776794,-0.20729996263980865,-0.10150601714849472,-0.49988603591918945,-0.13312000036239624,0.03739222139120102,-0.7626031637191772,-0.1425086259841919,0.008370408788323402,-0.9611853361129761,-0.2256750762462616,0.038069743663072586,-0.7394191026687622,-0.1763455718755722,0.03701368719339371,-0.6118345856666565,-0.11418931186199188
0,0.0,0.0,0.0,-0.28324970602989197,-0.0017765660304576159,-0.09680287539958954,-0.5459088087081909,-0.23794828355312347,-0.1403503119945526,-0.5170082449913025,-0.5696356892585754,-0.1896899789571762,-0.30901068449020386,-0.6801095008850098,-0.21980123221874237,-0.48846009373664856,-0.6163983941078186,-0.017913328483700752,-0.5210081338882446,-0.8535516858100891,-0.17038771510124207,-0.4364023804664612,-0.6003139615058899,-0.24834400415420532,-0.4125908315181732,-0.48300132155418396,-0.28100427985191345,-0.32179510593414307,-0.6983333230018616,-0.0305714663118124,-0.3502354025840759,-0.9281083941459656,-0.18662481009960175,-0.26907169818878174,-0.6198883652687073,-0.21287855505943298,-0.27825045585632324,-0.520563006401062,-0.18984998762607574,-0.15755905210971832,-0.7483662962913513,-0.07237084954977036,-0.16272664070129395,-0.9404688477516174,-0.22895976901054382,-0.10501851886510849,-0.620760977268219,-0.19147635996341705,-0.1232086792588234,-0.49375179409980774,-0.11957048624753952,0.01622798852622509,-0.762134313583374,-0.12432318180799484,-0.004364869091659784,-0.9591392874717712,-0.20506486296653748,0.02374274656176567,-0.7392736077308655,-0.1603897213935852,0.014410397037863731,-0.6079970598220825,-0.10196924954652786
0,0.0,0.0,0.0,-0.28215211629867554,-0.011374888941645622,-0.09162700176239014,-0.5388091802597046,-0.2555934190750122,-0.13386887311935425,-0.5031533241271973,-0.5855824947357178,-0.18344837427139282,-0.3029029369354248,-0.6942332983016968,-0.21616800129413605,-0.4715455174446106,-0.6219986081123352,-0.015218363143503666,-0.5136959552764893,-0.8579723238945007,-0.16547651588916779,-0.43742135167121887,-0.6200947761535645,-0.245260551571846,-0.4086824059486389,-0.49489182233810425,-0.2789273262023926,-0.30683276057243347,-0.704662024974823,-0.030650485306978226,-0.340516597032547,-0.9347013831138611,-0.18508443236351013,-0.2680509388446808,-0.6376197934150696,-0.2138998955488205,-0.2677971124649048,-0.5274197459220886,-0.19282583892345428,-0.14376120269298553,-0.7520771622657776,-0.07447192072868347,-0.15292468667030334,-0.9464633464813232,-0.22778086364269257,-0.10259716212749481,-0.635735273361206,-0.19262489676475525,-0.11416853219270706,-0.5021530985832214,-0.12308009713888168,0.030384568497538567,-0.7644997835159302,-0.12832745909690857,0.007337327115237713,-0.9666377902030945,-0.2070084512233734,0.03012700006365776,-0.7548448443412781,-0.16294293105602264,0.025162391364574432,-0.6221912503242493,-0.10568325966596603
0,0.0,0.0,0.0,-0.2807425856590271,-0.017932103946805,-0.08676151931285858,-0.5343930125236511,-0.25388234853744507,-0.12867774069309235,-0.5082210898399353,-0.578719437122345,-0.17904171347618103,-0.31143879890441895,-0.6904111504554749,-0.2121133804321289,-0.47245389223098755,-0.6251341104507446,-0.009830639697611332,-0.5132379531860352,-0.858246386051178,-0.15825435519218445,-0.43205463886260986,-0.6162436604499817,-0.23455257713794708,-0.40276503562927246,-0.4974992573261261,-0.2650567591190338,-0.3081340491771698,-0.7042567729949951,-0.027054505422711372,-0.33989644050598145,-0.9292984008789062,-0.17874768376350403,-0.2633504271507263,-0.631437361240387,-0.20523084700107574,-0.26605287194252014,-0.5292771458625793,-0.18253210186958313,-0.14519886672496796,-0.7530862092971802,-0.07230514287948608,-0.15620696544647217,-0.9376150369644165,-0.2242545187473297,-0.10107838362455368,-0.633188009262085,-0.18773888051509857,-0.11083278059959412,-0.5126633048057556,-0.1167643591761589,0.028328442946076393,-0.7675428986549377,-0.12692038714885712,-0.003256618743762374,-0.9680763483047485,-0.20238879323005676,0.02633277326822281,-0.7611725330352783,-0.15511678159236908,0.029575176537036896,-0.6355883479118347,-0.09513171762228012
0,0.0,0.0,0.0,-0.2847602069377899,-0.0138620063662529,-0.08889119327068329,-0.5386909246444702,-0.2656160593032837,-0.12824828922748566,-0.4963788688182831,-0.5944338440895081,-0.17535242438316345,-0.2935715317726135,-0.6835768222808838,-0.20560899376869202,-0.47700008749961853,-0.6291027665138245,-0.005531737580895424,-0.5096798539161682,-0.8603641390800476,-0.15340816974639893,-0.4315429925918579,-0.6210347414016724,-0.23480477929115295,-0.40546637773513794,-0.488251656293869,-0.26926663517951965,-0.3135673999786377,-0.7116689085960388,-0.020758431404829025,-0.3409278690814972,-0.9361014366149902,-0.17091262340545654,-0.2639662027359009,-0.6441529989242554,-0.2024661749601364,-0.26711246371269226,-0.529792308807373,-0.18375691771507263,-0.15145792067050934,-0.7591583132743835,-0.06428823620080948,-0.1560356169939041,-0.949110746383667,-0.2141011357307434,-0.10080403834581375,-0.64496910572052,-0.1826588362455368,-0.11362934857606888,-0.5081290006637573,-0.11570364981889725,0.020915495231747627,-0.7703299522399902,-0.11765800416469574,0.0009619288030080497,-0.9697655439376831,-0.1943400502204895,0.029696322977542877,-0.7628718614578247,-0.15186086297035217,0.026410123333334923,-0.6313130855560303,-0.09562467038631439
0,0.0,0.0,0.0,-0.27297329902648926,-0.02101951465010643,-0.08743729442358017,-0.5220166444778442,-0.2667233347892761,-0.1293143630027771,-0.4918566644191742,-0.5982651114463806,-0.17854511737823486,-0.29524004459381104,-0.70721435546875,-0.2111930102109909,-0.4672776758670807,-0.6402904391288757,-0.010365075431764126,-0.4963551461696625,-0.8681195974349976,-0.1558169275522232,-0.4231981635093689,-0.6220540404319763,-0.2332783341407776,-0.3980209529399872,-0.49227574467658997,-0.265985369682312,-0.3022749125957489,-0.7225165963172913,-0.02618945576250553,-0.32429778575897217,-0.9369997978210449,-0.17053143680095673,-0.25715455412864685,-0.6337037682533264,-0.19565695524215698,-0.263839989900589,-0.5289633274078369,-0.17510050535202026,-0.13820499181747437,-0.766537606716156,-0.0698741003870964,-0.1391691416501999,-0.9436181783676147,-0.21585561335086823,-0.09572482109069824,-0.633269727230072,-0.17997686564922333,-0.11458472907543182,-0.51052325963974,-0.11285468935966492,0.0367058590054512,-0.7719519138336182,-0.12305711954832077,0.012256081216037273,-0.9672967195510864,-0.1977018415927887,0.03422075882554054,-0.7544146776199341,-0.15187184512615204,0.02940838225185871,-0.6291533708572388,-0.09451854228973389
0,0.0,0.0,0.0,-0.273684561252594,-0.03207319974899292,-0.08516915142536163,-0.5135281682014465,-0.2854239046573639,-0.12595009803771973,-0.4697868824005127,-0.6069442629814148,-0.1746291220188141,-0.2717929184436798,-0.7047350406646729,-0.2065066248178482,-0.4578876495361328,-0.655760645866394,-0.00573259312659502,-0.4843149483203888,-0.8748937249183655,-0.15132683515548706,-0.4110134541988373,-0.6357513666152954,-0.23091088235378265,-0.38304463028907776,-0.5083334445953369,-0.26433297991752625,-0.2935079038143158,-0.7297313809394836,-0.022050872445106506,-0.31429174542427063,-0.9433491230010986,-0.16678781807422638,-0.24868372082710266,-0.6396617293357849,-0.19344297051429749,-0.25220561027526855,-0.5305947661399841,-0.1731598675251007,-0.1296757459640503,-0.7655099630355835,-0.0662764310836792,-0.1306711733341217,-0.9473142623901367,-0.21223412454128265,-0.09031591564416885,-0.6386486291885376,-0.1775156557559967,-0.1046653687953949,-0.5106143355369568,-0.10978619754314423,0.04407041147351265,-0.7622981667518616,-0.11979275196790695,0.02082756906747818,-0.9671301245689392,-0.19353961944580078,0.037581052631139755,-0.7612191438674927,-0.1479814648628235,0.033061787486076355,-0.6344125270843506,-0.08998248726129532
0,0.0,0.0,0.0,-0.2670379877090454,-0.03472983464598656,-0.07782477140426636,-0.4964834153652191,-0.29896026849746704,-0.11508867889642715,-0.44148629903793335,-0.6147984862327576,-0.16121070086956024,-0.2509283721446991,-0.7097153067588806,-0.1921980232000351,-0.4251493215560913,-0.6647496819496155,-0.012073973193764687,-0.4470350742340088,-0.8945164084434509,-0.15450093150138855,-0.3885320723056793,-0.6536523699760437,-0.23156778514385223,-0.3663829267024994,-0.5138192772865295,-0.26323723793029785,-0.26298847794532776,-0.7264648079872131,-0.029506618157029152,-0.2784431576728821,-0.9454455375671387,-0.1691257506608963,-0.22730255126953125,-0.6401872634887695,-0.19250890612602234,-0.2317257970571518,-0.5224573612213135,-0.172157883644104,-0.10293877124786377,-0.7527127265930176,-0.07321494072675705,-0.1002575233578682,-0.9377714395523071,-0.2122189849615097,-0.07195033133029938,-0.6298289895057678,-0.1760329306125641,-0.08855865150690079,-0.49219849705696106,-0.11036506295204163,0.06634532660245895,-0.7429970502853394,-0.12568214535713196,0.04971441254019737,-0.9536207318305969,-0.19696567952632904,0.057236380875110626,-0.7511765956878662,-0.15281018614768982,0.04604559764266014,-0.6195003390312195,-0.0974600613117218
0,0.0,0.0,0.0,-0.26585420966148376,-0.04393547773361206,-0.08183997124433517,-0.4895566999912262,-0.3183511793613434,-0.11876183748245239,-0.43646761775016785,-0.6364232897758484,-0.16448192298412323,-0.2546039819717407,-0.7224376797676086,-0.19425250589847565,-0.41971227526664734,-0.6720332503318787,-0.0012396058300510049,-0.43631723523139954,-0.8997929692268372,-0.147781103849411,-0.3751932382583618,-0.6678757071495056,-0.22690749168395996,-0.3544277846813202,-0.5369821190834045,-0.2586587369441986,-0.25691473484039307,-0.7303416728973389,-0.01895081251859665,-0.2670838534832001,-0.9478107690811157,-0.16401907801628113,-0.21792076528072357,-0.6556410789489746,-0.19203174114227295,-0.2334531545639038,-0.5504041910171509,-0.1731177717447281,-0.09635995328426361,-0.754317581653595,-0.0647146999835968,-0.09046681970357895,-0.9356603622436523,-0.21122115850448608,-0.06193755567073822,-0.6311964988708496,-0.1774246096611023,-0.0868784710764885,-0.5071964263916016,-0.1114971935749054,0.07241722196340561,-0.7416266202926636,-0.11958905309438705,0.06104462593793869,-0.9396437406539917,-0.1951582133769989,0.06834962218999863,-0.7293719053268433,-0.1513359695672989,0.05032830312848091,-0.6031707525253296,-0.09540539234876633
0,0.0,0.0,0.0,-0.2697577476501465,-0.05243328586220741,-0.0863131433725357,-0.48699092864990234,-0.3200717568397522,-0.12721911072731018,-0.42839962244033813,-0.6321239471435547,-0.1760961264371872,-0.2433674931526184,-0.7184229493141174,-0.20823334157466888,-0.4158441126346588,-0.6709733009338379,-0.004955210257321596,-0.4347086250782013,-0.9005711674690247,-0.1513439267873764,-0.3729683458805084,-0.6677095890045166,-0.23121607303619385,-0.3534093499183655,-0.5402544736862183,-0.2636428773403168,-0.2536834180355072,-0.7267961502075195,-0.019885869696736336,-0.2620444595813751,-0.9461520314216614,-0.16484588384628296,-0.21431893110275269,-0.6521257758140564,-0.1934967041015625,-0.22904065251350403,-0.5466130971908569,-0.1751815229654312,-0.0960424542427063,-0.7487639784812927,-0.06307511776685715,-0.08730726689100266,-0.9327855706214905,-0.20877113938331604,-0.0612356998026371,-0.6315869092941284,-0.17669080197811127,-0.08338245004415512,-0.5080411434173584,-0.11137502640485764,0.06810377538204193,-0.7348495125770569,-0.11578899621963501,0.06076957285404205,-0.933122992515564,-0.18963958323001862,0.06682475656270981,-0.7306294441223145,-0.14701782166957855,0.050584577023983,-0.6061881184577942,-0.09159523993730545
0,0.0,0.0,0.0,-0.27271348237991333,-0.061146896332502365,-0.08684776723384857,-0.484672486782074,-0.3329973518848419,-0.12615817785263062,-0.4183063507080078,-0.6445072889328003,-0.17418710887432098,-0.23728106915950775,-0.733382523059845,-0.2045573890209198,-0.412373811006546,-0.6810088753700256,0.0036877791862934828,-0.42762044072151184,-0.9039583206176758,-0.14452514052391052,-0.37145882844924927,-0.6581200361251831,-0.22480431199073792,-0.3566754460334778,-0.5359606742858887,-0.2576983869075775,-0.2526204586029053,-0.731682538986206,-0.011996202170848846,-0.2589661777019501,-0.9442955851554871,-0.15976034104824066,-0.21681472659111023,-0.6424353122711182,-0.18944421410560608,-0.2346254289150238,-0.5499424338340759,-0.1716870665550232,-0.09683168679475784,-0.7532689571380615,-0.057230956852436066,-0.08511526137590408,-0.9387701749801636,-0.20487429201602936,-0.06382467597723007,-0.6323903799057007,-0.17123663425445557,-0.08698068559169769,-0.5191295742988586,-0.10498689860105515,0.06812786310911179,-0.7406724095344543,-0.11263234913349152,0.0634077787399292,-0.938502848148346,-0.18575061857700348,0.06670495867729187,-0.7319406270980835,-0.14158114790916443,0.05021718516945839,-0.6121968030929565,-0.08534706383943558
0,0.0,0.0,0.0,-0.2710607349872589,-0.06614933162927628,-0.08490383625030518,-0.48250287771224976,-0.34209898114204407,-0.12420978397130966,-0.4155999720096588,-0.650276780128479,-0.17205116152763367,-0.23182004690170288,-0.7285168766975403,-0.20256292819976807,-0.4044693112373352,-0.6894023418426514,0.0015102910110726953,-0.42029106616973877,-0.9073893427848816,-0.14410722255706787,-0.36615192890167236,-0.6641358733177185,-0.22309325635433197,-0.3488912582397461,-0.5402061939239502,-0.2554735541343689,-0.24591904878616333,-0.7385227680206299,-0.01388690434396267,-0.25378987193107605,-0.9524445533752441,-0.1597558557987213,-0.2108990103006363,-0.6548437476158142,-0.18824967741966248,-0.22197434306144714,-0.5536028742790222,-0.1698138266801834,-0.08960830420255661,-0.7560853362083435,-0.057877495884895325,-0.07973828911781311,-0.9410532116889954,-0.20345719158649445,-0.05764807015657425,-0.6383627653121948,-0.16977138817310333,-0.07610709220170975,-0.515224039554596,-0.1033783033490181,0.07264745980501175,-0.7383280992507935,-0.11175660789012909,0.06695757061243057,-0.9379531145095825,-0.18487320840358734,0.07060612738132477,-0.7357963919639587,-0.14220446348190308,0.05587044358253479,-0.6129866242408752,-0.08691577613353729
0,0.0,0.0,0.0,-0.2769140601158142,-0.06844726204872131,-0.08740852028131485,-0.49202513694763184,-0.34187567234039307,-0.12741629779338837,-0.43446171283721924,-0.6526010036468506,-0.1754390299320221,-0.25524747371673584,-0.7374054789543152,-0.20600540935993195,-0.41028866171836853,-0.6899375319480896,0.004921847488731146,-0.4241207242012024,-0.9056056141853333,-0.1390962302684784,-0.3612865209579468,-0.6724464893341064,-0.21967513859272003,-0.34288331866264343,-0.554519772529602,-0.2540751099586487,-0.24880126118659973,-0.7407432198524475,-0.010127264074981213,-0.2528500556945801,-0.9534705877304077,-0.1557738035917282,-0.20513327419757843,-0.666088342666626,-0.18905454874038696,-0.22333678603172302,-0.5661692023277283,-0.17421692609786987,-0.09193883091211319,-0.7590618133544922,-0.053783852607011795,-0.07722191512584686,-0.9383082389831543,-0.19977343082427979,-0.052971288561820984,-0.6437597274780273,-0.1701020449399948,-0.07951750606298447,-0.5254613757133484,-0.10678759217262268,0.06919118016958237,-0.7402197122573853,-0.10729343444108963,0.06890088319778442,-0.9283275604248047,-0.18076151609420776,0.07454445958137512,-0.7284542322158813,-0.1388656198978424,0.054712846875190735,-0.6101498603820801,-0.08424219489097595
0,0.0,0.0,0.0,-0.2675321698188782,-0.0676019936800003,-0.08643067628145218,-0.48103082180023193,-0.35921016335487366,-0.12292514741420746,-0.41033804416656494,-0.6690877079963684,-0.16727454960346222,-0.21840454638004303,-0.7350120544433594,-0.19345299899578094,-0.40552183985710144,-0.7007585167884827,0.007299988064914942,-0.41448813676834106,-0.9100547432899475,-0.13590823113918304,-0.36230623722076416,-0.6653307676315308,-0.21166688203811646,-0.34842318296432495,-0.5514186024665833,-0.2425573319196701,-0.24641473591327667,-0.7510754466056824,-0.007434988394379616,-0.24617135524749756,-0.9518647789955139,-0.15085986256599426,-0.20695860683918,-0.6557436585426331,-0.17615222930908203,-0.22525222599506378,-0.5718172192573547,-0.15545260906219482,-0.09062608331441879,-0.7669457197189331,-0.05193887650966644,-0.07416307181119919,-0.9373206496238708,-0.19619715213775635,-0.05246756225824356,-0.6371636390686035,-0.16187618672847748,-0.07473906874656677,-0.5347647666931152,-0.09575100243091583,0.07243207842111588,-0.745379626750946,-0.1066683977842331,0.07159582525491714,-0.9333592057228088,-0.1770358681678772,0.07628145068883896,-0.7287741303443909,-0.1333654820919037,0.06169712170958519,-0.618410050868988,-0.07815845310688019
0,0.0,0.0,0.0,-0.26031461358070374,-0.06362716108560562,-0.08460239320993423,-0.47077658772468567,-0.3432369530200958,-0.12362255156040192,-0.4142598509788513,-0.6552357077598572,-0.17034639418125153,-0.2346997857093811,-0.7291389107704163,-0.19921700656414032,-0.39274924993515015,-0.685373067855835,-0.0032913563773036003,-0.4048541784286499,-0.914381206035614,-0.14388994872570038,-0.35205405950546265,-0.6775274872779846,-0.21787573397159576,-0.3361321985721588,-0.5573465824127197,-0.2479906678199768,-0.23489531874656677,-0.7346668243408203,-0.017258424311876297,-0.23513659834861755,-0.9496238827705383,-0.1578996181488037,-0.19790151715278625,-0.657686173915863,-0.18223460018634796,-0.21509617567062378,-0.5612102150917053,-0.16266131401062012,-0.08102265000343323,-0.7509813904762268,-0.05897488072514534,-0.06461935490369797,-0.9328422546386719,-0.19924220442771912,-0.04899309203028679,-0.6361222863197327,-0.16424332559108734,-0.07311256229877472,-0.5203270316123962,-0.0994112566113472,0.07816808670759201,-0.7318608164787292,-0.11047381907701492,0.0813952162861824,-0.9252968430519104,-0.18050134181976318,0.07923539727926254,-0.7273008227348328,-0.13837134838104248,0.058929409831762314,-0.6091181039810181,-0.08494818955659866
0,0.0,0.0,0.0,-0.2682688534259796,-0.07774437218904495,-0.08086280524730682,-0.4717172384262085,-0.3577163815498352,-0.11960950493812561,-0.404662549495697,-0.6601498126983643,-0.1669679880142212,-0.22978249192237854,-0.7228595018386841,-0.19829757511615753,-0.38745638728141785,-0.6923525333404541,-0.0005132105434313416,-0.39288121461868286,-0.9195892214775085,-0.14235498011112213,-0.3406909704208374,-0.6860706806182861,-0.22151263058185577,-0.329415500164032,-0.5548940896987915,-0.2546548843383789,-0.2283763587474823,-0.7347537875175476,-0.016967173665761948,-0.22644135355949402,-0.9514342546463013,-0.15789435803890228,-0.18579266965389252,-0.6627711653709412,-0.18817944824695587,-0.20556600391864777,-0.5511635541915894,-0.17270807921886444,-0.07350225746631622,-0.747648298740387,-0.06046904996037483,-0.056723080575466156,-0.9348482489585876,-0.20070777833461761,-0.03732369840145111,-0.641216516494751,-0.16987007856369019,-0.0643489733338356,-0.5123180747032166,-0.10753390938043594,0.0856911912560463,-0.7231135368347168,-0.11317353695631027,0.08848153799772263,-0.9186364412307739,-0.1839112490415573,0.09019222110509872,-0.7200573682785034,-0.14203551411628723,0.06744249165058136,-0.5947357416152954,-0.08846362680196762
0,0.0,0.0,0.0,-0.2675032615661621,-0.07283388823270798,-0.08235036581754684,-0.47118207812309265,-0.34493324160575867,-0.12262420356273651,-0.40669623017311096,-0.6505846381187439,-0.17129915952682495,-0.23235514760017395,-0.7415558099746704,-0.20328980684280396,-0.389875203371048,-0.692136287689209,-0.0039119175635278225,-0.3955311179161072,-0.9184525012969971,-0.1486053466796875,-0.3465811014175415,-0.6825873255729675,-0.22732225060462952,-0.33471208810806274,-0.555986225605011,-0.25971901416778564,-0.22960172593593597,-0.7321434020996094,-0.020602047443389893,-0.22718900442123413,-0.9565362334251404,-0.16649094223976135,-0.19162844121456146,-0.6682984232902527,-0.1986415833234787,-0.21155378222465515,-0.565273642539978,-0.18404455482959747,-0.07418342679738998,-0.7460393905639648,-0.06406005471944809,-0.05345801264047623,-0.9376148581504822,-0.21067696809768677,-0.04099610447883606,-0.6398124098777771,-0.1797456443309784,-0.07212068140506744,-0.5172988176345825,-0.11637765914201736,0.08630695939064026,-0.7248828411102295,-0.11646179854869843,0.08852367848157883,-0.925265371799469,-0.1922864019870758,0.0858297124505043,-0.723916232585907,-0.15049485862255096,0.05955914407968521,-0.5994678735733032,-0.09611662477254868
0,0.0,0.0,0.0,-0.2683633863925934,-0.06900502741336823,-0.08399704843759537,-0.47844183444976807,-0.351951539516449,-0.12367132306098938,-0.40782850980758667,-0.6592092514038086,-0.1713661551475525,-0.2244471162557602,-0.7325999140739441,-0.20254795253276825,-0.3954198360443115,-0.6939730048179626,-0.004268056713044643,-0.3972591161727905,-0.9177064895629883,-0.1466248780488968,-0.3454555869102478,-0.6810856461524963,-0.22436834871768951,-0.33521851897239685,-0.5571642518043518,-0.25725165009498596,-0.2337581217288971,-0.7397634387016296,-0.020479949191212654,-0.22795140743255615,-0.957546591758728,-0.1626831442117691,-0.1903848648071289,-0.6688549518585205,-0.19128909707069397,-0.2130812704563141,-0.5644333958625793,-0.17457054555416107,-0.07660919427871704,-0.7542387843132019,-0.06408855319023132,-0.05788208544254303,-0.9407561421394348,-0.20532070100307465,-0.0383555106818676,-0.6454521417617798,-0.1715368777513504,-0.06700997799634933,-0.5239203572273254,-0.10755253583192825,0.08556238561868668,-0.731101393699646,-0.11730426549911499,0.0864863395690918,-0.9274271726608276,-0.1882498562335968,0.08841458708047867,-0.7263014316558838,-0.14431388676166534,0.06543837487697601,-0.6048458218574524,-0.08958690613508224
0,0.0,0.0,0.0,-0.2706492245197296,-0.07617940753698349,-0.08492296934127808,-0.473559707403183,-0.35598745942115784,-0.12484471499919891,-0.4015846252441406,-0.6583059430122375,-0.1725466102361679,-0.2238929569721222,-0.7212734818458557,-0.2036958485841751,-0.39373305439949036,-0.6933871507644653,-0.002260603941977024,-0.3967856466770172,-0.9179112911224365,-0.144607275724411,-0.34676775336265564,-0.6875420808792114,-0.2240227311849594,-0.33465421199798584,-0.5641273260116577,-0.2575410306453705,-0.23087133467197418,-0.737575352191925,-0.01652410998940468,-0.22346581518650055,-0.9483444094657898,-0.157435342669487,-0.19016845524311066,-0.6614230275154114,-0.1878311038017273,-0.21388065814971924,-0.5592901110649109,-0.17308424413204193,-0.07502485811710358,-0.7506334781646729,-0.0585554838180542,-0.05155153572559357,-0.9290745258331299,-0.19939982891082764,-0.04020341858267784,-0.6371194124221802,-0.1707635223865509,-0.07103770971298218,-0.5164561867713928,-0.11017487198114395,0.08547177910804749,-0.7269136905670166,-0.11011893302202225,0.09105858951807022,-0.9209968447685242,-0.1809484213590622,0.0878874883055687,-0.724646806716919,-0.14070847630500793,0.06471160799264908,-0.6010267734527588,-0.0884249284863472
0,0.0,0.0,0.0,-0.27100247144699097,-0.0706961527466774,-0.08667293936014175,-0.47615379095077515,-0.35660025477409363,-0.12476187199354172,-0.4030076563358307,-0.6648010015487671,-0.1706424206495285,-0.22188013792037964,-0.7428291440010071,-0.19874201714992523,-0.3973926603794098,-0.6873157620429993,0.0022846825886517763,-0.4067126512527466,-0.9135560989379883,-0.14176185429096222,-0.3512929677963257,-0.6794942617416382,-0.21989288926124573,-0.3345597982406616,-0.5577797889709473,-0.25156235694885254,-0.23744985461235046,-0.7326471209526062,-0.011816509999334812,-0.23400059342384338,-0.9512625336647034,-0.15678121149539948,-0.1962558925151825,-0.6595603823661804,-0.1865382194519043,-0.2160579413175583,-0.5587648153305054,-0.16859911382198334,-0.08239022642374039,-0.74842768907547,-0.05459598824381828,-0.061997126787900925,-0.9331653118133545,-0.19903433322906494,-0.04641062393784523,-0.6352849006652832,-0.16718421876430511,-0.07376686483621597,-0.5159488916397095,-0.1023201122879982,0.07865947484970093,-0.7285020351409912,-0.1072905957698822,0.0807957723736763,-0.9241032600402832,-0.17914529144763947,0.07982364296913147,-0.7224487066268921,-0.13622784614562988,0.0581265464425087,-0.6012687087059021,-0.08100331574678421
0,0.0,0.0,0.0,-0.27189308404922485,-0.08490491658449173,-0.08142674714326859,-0.4749465584754944,-0.37235215306282043,-0.11930426955223083,-0.39898818731307983,-0.6722701191902161,-0.16615474224090576,-0.21196015179157257,-0.7326282858848572,-0.1964375525712967,-0.3921201527118683,-0.6903347969055176,0.005626690573990345,-0.39618757367134094,-0.9181695580482483,-0.13077643513679504,-0.34561780095100403,-0.6866981983184814,-0.20806847512722015,-0.33485811948776245,-0.5637532472610474,-0.2417128086090088,-0.2341046929359436,-0.7362484931945801,-0.010394847020506859,-0.22901611030101776,-0.9594272375106812,-0.1481502801179886,-0.1911463588476181,-0.681159496307373,-0.18075314164161682,-0.21185152232646942,-0.5741872787475586,-0.1674397736787796,-0.08075659722089767,-0.751423716545105,-0.05342552438378334,-0.06031748652458191,-0.9421116709709167,-0.18835358321666718,-0.03979954496026039,-0.6601545810699463,-0.16053159534931183,-0.06584262102842331,-0.5349180102348328,-0.10132171213626862,0.0761391818523407,-0.730285108089447,-0.1062341257929802,0.0812644213438034,-0.9280620813369751,-0.17131449282169342,0.08524110168218613,-0.7371114492416382,-0.130271777510643,0.0652887374162674,-0.6140304803848267,-0.0786253809928894
0,0.0,0.0,0.0,-0.2669239938259125,-0.07895315438508987,-0.08890386670827866,-0.4716467261314392,-0.355456680059433,-0.13085004687309265,-0.40655696392059326,-0.6596630215644836,-0.18090353906154633,-0.22706405818462372,-0.7339497804641724,-0.21346953511238098,-0.3944210410118103,-0.6994715929031372,0.006201686337590218,-0.39504149556159973,-0.9186633229255676,-0.13853511214256287,-0.3470250368118286,-0.6788612008094788,-0.21800492703914642,-0.3351482152938843,-0.5585074424743652,-0.25127947330474854,-0.23465599119663239,-0.7441039681434631,-0.007891885936260223,-0.22557169198989868,-0.9542848467826843,-0.15425583720207214,-0.19359003007411957,-0.6607325673103333,-0.18622028827667236,-0.21657854318618774,-0.5655385851860046,-0.1702190786600113,-0.07950828969478607,-0.7581745386123657,-0.051231011748313904,-0.054351139813661575,-0.9373914003372192,-0.19678762555122375,-0.04389539361000061,-0.6406150460243225,-0.16757014393806458,-0.07397262006998062,-0.529362142086029,-0.10485631972551346,0.0803183764219284,-0.7364689111709595,-0.10470285266637802,0.087673120200634,-0.9225439429283142,-0.17652063071727753,0.083776094019413,-0.7189201712608337,-0.1352645605802536,0.05982104688882828,-0.6025998592376709,-0.08157972246408463
0,0.0,0.0,0.0,-0.27110812067985535,-0.0757000520825386,-0.08580386638641357,-0.47505009174346924,-0.35423609614372253,-0.12657275795936584,-0.4057428538799286,-0.6568689346313477,-0.1748206913471222,-0.22975635528564453,-0.7240727543830872,-0.2060767114162445,-0.3955948054790497,-0.6952418684959412,-0.002211341867223382,-0.397327721118927,-0.9176767468452454,-0.14433465898036957,-0.34421753883361816,-0.683279812335968,-0.22252824902534485,-0.33466851711273193,-0.5590832233428955,-0.25556468963623047,-0.23470497131347656,-0.73847496509552,-0.017626406624913216,-0.22907738387584686,-0.9549877643585205,-0.16162297129631042,-0.18872421979904175,-0.6672532558441162,-0.1939510554075241,-0.21311044692993164,-0.565879762172699,-0.17949774861335754,-0.07863542437553406,-0.7515102028846741,-0.06040682643651962,-0.05585146322846413,-0.9350940585136414,-0.20413753390312195,-0.03738687187433243,-0.6420290470123291,-0.17445588111877441,-0.07001853734254837,-0.5251691341400146,-0.11233486980199814,0.08124140650033951,-0.7266870141029358,-0.11260881274938583,0.08656821399927139,-0.9208700656890869,-0.18429996073246002,0.09020859748125076,-0.7233506441116333,-0.14187373220920563,0.06747043132781982,-0.6069790720939636,-0.0877639651298523
0,0.0,0.0,0.0,-0.2709503173828125,-0.07795879989862442,-0.08442024886608124,-0.47405239939689636,-0.37029996514320374,-0.12224477529525757,-0.39784717559814453,-0.6741359829902649,-0.1687447875738144,-0.20871837437152863,-0.7224746942520142,-0.198014497756958,-0.3875781297683716,-0.6949646472930908,0.006151901558041573,-0.396025687456131,-0.9182394742965698,-0.13481558859348297,-0.3488370180130005,-0.6795656085014343,-0.21144762635231018,-0.33916768431663513,-0.5581994652748108,-0.2433290183544159,-0.2299092710018158,-0.7402543425559998,-0.009423506446182728,-0.23090608417987823,-0.9605189561843872,-0.1520485281944275,-0.19593779742717743,-0.6725228428840637,-0.18090669810771942,-0.21456150710582733,-0.5718436241149902,-0.1625969111919403,-0.0752088651061058,-0.7544098496437073,-0.053469862788915634,-0.05974120646715164,-0.9413071274757385,-0.19492557644844055,-0.04321552440524101,-0.6463136076927185,-0.16375109553337097,-0.06808709353208542,-0.5259681940078735,-0.09974164515733719,0.0859699547290802,-0.7323286533355713,-0.10753259062767029,0.08670502156019211,-0.930692732334137,-0.1760469675064087,0.08652414381504059,-0.7315210103988647,-0.13389338552951813,0.0656423270702362,-0.6097532510757446,-0.0802483782172203
0,0.0,0.0,0.0,-0.26728442311286926,-0.08359748870134354,-0.07822462916374207,-0.47019273042678833,-0.3691047430038452,-0.11425157636404037,-0.40229520201683044,-0.6688559055328369,-0.1592407375574112,-0.21986861526966095,-0.7233142852783203,-0.18821513652801514,-0.3887370228767395,-0.6935203671455383,0.007622038014233112,-0.39610862731933594,-0.9182037115097046,-0.12500272691249847,-0.3449709415435791,-0.6907913088798523,-0.2005174607038498,-0.3319719135761261,-0.5675625801086426,-0.2332153618335724,-0.23063598573207855,-0.7394755482673645,-0.008341822773218155,-0.23032397031784058,-0.9602522253990173,-0.14098253846168518,-0.19235144555568695,-0.6809841394424438,-0.17019720375537872,-0.20773713290691376,-0.5705536603927612,-0.1549341231584549,-0.07694344222545624,-0.7518307566642761,-0.050832733511924744,-0.061228904873132706,-0.9412789344787598,-0.18168693780899048,-0.04447704553604126,-0.6588528156280518,-0.1527484655380249,-0.06709369271993637,-0.5284940004348755,-0.09325011819601059,0.08207746595144272,-0.726650595664978,-0.1027333065867424,0.081654392182827,-0.9285038709640503,-0.16651378571987152,0.0812361016869545,-0.7394046783447266,-0.12567010521888733,0.06281424313783646,-0.6126682162284851,-0.07423907518386841
0,0.0,0.0,0.0,-0.26382917165756226,-0.0868845283985138,-0.08249899744987488,-0.46592453122138977,-0.3788348138332367,-0.1202978566288948,-0.39810508489608765,-0.6796433329582214,-0.16693785786628723,-0.21270456910133362,-0.7292798757553101,-0.19612820446491241,-0.38283056020736694,-0.7016035914421082,0.00795189943164587,-0.3905547261238098,-0.920579731464386,-0.1279899626970291,-0.337159126996994,-0.6864373087882996,-0.203578919172287,-0.32365256547927856,-0.5673480033874512,-0.23618316650390625,-0.22823716700077057,-0.7454307675361633,-0.006975993979722261,-0.2255437970161438,-0.9638341069221497,-0.14644350111484528,-0.18617863953113556,-0.6793736815452576,-0.17630290985107422,-0.20389024913311005,-0.5731774568557739,-0.1596524864435196,-0.077341228723526,-0.7584185004234314,-0.04947055131196976,-0.05688231810927391,-0.9468209147453308,-0.18654967844486237,-0.03970278054475784,-0.6580157279968262,-0.1579546183347702,-0.06585527211427689,-0.5309509634971619,-0.09680431336164474,0.07801151275634766,-0.7362316846847534,-0.10187141597270966,0.08386778831481934,-0.9289401769638062,-0.16831816732883453,0.08373001962900162,-0.7376775741577148,-0.12918435037136078,0.06128064543008804,-0.6172382235527039,-0.07823243737220764
0,0.0,0.0,0.0,-0.26542168855667114,-0.0812474936246872,-0.08226140588521957,-0.47075536847114563,-0.36078622937202454,-0.12284427136182785,-0.4080304801464081,-0.6659756898880005,-0.17180828750133514,-0.22388862073421478,-0.733070433139801,-0.2039594054222107,-0.38667380809783936,-0.6969090104103088,0.0011847777059301734,-0.3915867209434509,-0.9201411604881287,-0.14007046818733215,-0.3454819917678833,-0.689500629901886,-0.21788425743579865,-0.33067724108695984,-0.5600634813308716,-0.24963809549808502,-0.22915175557136536,-0.739605724811554,-0.01382672693580389,-0.22302858531475067,-0.9619278311729431,-0.15663251280784607,-0.188730850815773,-0.6766217947006226,-0.1861470341682434,-0.2038717418909073,-0.5641207098960876,-0.1683715283870697,-0.07519542425870895,-0.7519038319587708,-0.05602271482348442,-0.05287691205739975,-0.9355053305625916,-0.19649143517017365,-0.0404139906167984,-0.6446459293365479,-0.16663235425949097,-0.06635686010122299,-0.518572986125946,-0.1035337969660759,0.08283664286136627,-0.7273293733596802,-0.10768518596887589,0.09101950377225876,-0.9207117557525635,-0.1762745976448059,0.08906348794698715,-0.7276144027709961,-0.135841503739357,0.06868159770965576,-0.6093212366104126,-0.08308909088373184
0,0.0,0.0,0.0,-0.27233076095581055,-0.08068490028381348,-0.08370186388492584,-0.47719982266426086,-0.3605690598487854,-0.12376713752746582,-0.4099418520927429,-0.66036456823349,-0.17258772253990173,-0.22651566565036774,-0.7270058989524841,-0.20507793128490448,-0.39819061756134033,-0.6931650638580322,0.004802531562745571,-0.4031347334384918,-0.9151406288146973,-0.13626648485660553,-0.34809792041778564,-0.6927769184112549,-0.21738778054714203,-0.3325399160385132,-0.5682626366615295,-0.2519198954105377,-0.23759600520133972,-0.7385480403900146,-0.010936329141259193,-0.23285749554634094,-0.9555966258049011,-0.1521589159965515,-0.19282343983650208,-0.6793814301490784,-0.1865466982126236,-0.21241922676563263,-0.5696833729743958,-0.17329160869121552,-0.0820322185754776,-0.7529425621032715,-0.05441053584218025,-0.06271324306726456,-0.9390726685523987,-0.19424189627170563,-0.04122227802872658,-0.6564398407936096,-0.16779090464115143,-0.06639790534973145,-0.5303996205329895,-0.10765041410923004,0.07733533531427383,-0.7288184762001038,-0.10763140767812729,0.08138168603181839,-0.9249009490013123,-0.17731508612632751,0.08484410494565964,-0.7327081561088562,-0.13726100325584412,0.06519327312707901,-0.6076855659484863,-0.08471062034368515
0,0.0,0.0,0.0,-0.2741231918334961,-0.0791158452630043,-0.0852605551481247,-0.479732871055603,-0.36407721042633057,-0.12332853674888611,-0.4088488817214966,-0.6677474975585938,-0.1700204312801361,-0.2273060381412506,-0.7279205322265625,-0.1988053172826767,-0.39745086431503296,-0.7040809392929077,0.00862090103328228,-0.39964160323143005,-0.9166715145111084,-0.1364591121673584,-0.3546687066555023,-0.6646954417228699,-0.21412523090839386,-0.35041147470474243,-0.5490452647209167,-0.2468756139278412,-0.23840028047561646,-0.74738609790802,-0.008525244891643524,-0.23247785866260529,-0.9545665383338928,-0.15718276798725128,-0.1990286260843277,-0.6515463590621948,-0.18742021918296814,-0.22346195578575134,-0.5644627213478088,-0.1695304661989212,-0.08259669691324234,-0.7627214789390564,-0.05501103401184082,-0.059257686138153076,-0.936018705368042,-0.2023230791091919,-0.046485260128974915,-0.6319875717163086,-0.17073313891887665,-0.07807028293609619,-0.5305350422859192,-0.10623632371425629,0.08044520020484924,-0.7421450614929199,-0.11158419400453568,0.08669973164796829,-0.9257246851921082,-0.18243500590324402,0.08521941304206848,-0.7188116312026978,-0.1393376886844635,0.06217489019036293,-0.6103246212005615,-0.0848689004778862
0,0.0,0.0,0.0,-0.2712489664554596,-0.08793077617883682,-0.08497510850429535,-0.47372567653656006,-0.3656366467475891,-0.1248757615685463,-0.401638925075531,-0.6642369031906128,-0.17379695177078247,-0.22416366636753082,-0.7249847650527954,-0.2046731412410736,-0.39332282543182373,-0.6934369802474976,0.0066225831396877766,-0.39512231945991516,-0.9186285734176636,-0.13578084111213684,-0.34633833169937134,-0.6728149652481079,-0.21355412900447845,-0.34245696663856506,-0.5591847896575928,-0.24750985205173492,-0.23360395431518555,-0.7363602519035339,-0.00987579207867384,-0.2302711009979248,-0.9554519653320312,-0.1557789146900177,-0.1928434520959854,-0.6571482419967651,-0.18696285784244537,-0.2156144231557846,-0.5662031173706055,-0.17147551476955414,-0.07748288661241531,-0.7518144845962524,-0.05491122975945473,-0.05899733304977417,-0.9454495906829834,-0.19802917540073395,-0.04199080541729927,-0.646455705165863,-0.164803609251976,-0.06990688294172287,-0.5345916748046875,-0.10033988207578659,0.08344238996505737,-0.7326251864433289,-0.11012224107980728,0.08933106809854507,-0.9324463605880737,-0.17852815985679626,0.08768461644649506,-0.7328174710273743,-0.13439621031284332,0.0631016194820404,-0.6168690323829651,-0.07982989400625229
0,0.0,0.0,0.0,-0.27242597937583923,-0.07945647090673447,-0.07984347641468048,-0.47635507583618164,-0.3577597737312317,-0.11773781478404999,-0.410563200712204,-0.6595948934555054,-0.16535963118076324,-0.2236558198928833,-0.7331066727638245,-0.19641295075416565,-0.38895541429519653,-0.681682825088501,0.003969016019254923,-0.4025093913078308,-0.9154159426689148,-0.13497349619865417,-0.3537829518318176,-0.6827128529548645,-0.20889244973659515,-0.3401898741722107,-0.5622103214263916,-0.23843348026275635,-0.2323639839887619,-0.727313756942749,-0.013569527305662632,-0.23538359999656677,-0.9587559700012207,-0.15499603748321533,-0.19798128306865692,-0.6721544861793518,-0.1822955310344696,-0.21267589926719666,-0.5643194913864136,-0.16261069476604462,-0.07907409965991974,-0.7449220418930054,-0.05835424363613129,-0.06601382046937943,-0.937297523021698,-0.1979837715625763,-0.04617990925908089,-0.6437335014343262,-0.16444164514541626,-0.06649155169725418,-0.5177112817764282,-0.09862236678600311,0.08246056735515594,-0.7262689471244812,-0.11265650391578674,0.07874727994203568,-0.930397093296051,-0.1799803376197815,0.08208838850259781,-0.7336735129356384,-0.1355564296245575,0.06723036617040634,-0.6082366704940796,-0.07995356619358063
0,0.0,0.0,0.0,-0.27292248606681824,-0.06855734437704086,-0.08473831415176392,-0.48287224769592285,-0.344375342130661,-0.1267041563987732,-0.41559886932373047,-0.649878740310669,-0.17687201499938965,-0.2298077642917633,-0.7207914590835571,-0.21096137166023254,-0.3957114517688751,-0.6833592653274536,-0.005306771956384182,-0.40277954936027527,-0.9152969717979431,-0.1492152214050293,-0.3577210605144501,-0.6828016042709351,-0.22882623970508575,-0.34694305062294006,-0.551253080368042,-0.26194992661476135,-0.23539403080940247,-0.7290345430374146,-0.02144128456711769,-0.23854279518127441,-0.9575400352478027,-0.16619257628917694,-0.20496749877929688,-0.6691216230392456,-0.1969248205423355,-0.22112716734409332,-0.5553889870643616,-0.17995332181453705,-0.0800933837890625,-0.7457941174507141,-0.0650520920753479,-0.06627390533685684,-0.936398983001709,-0.20794931054115295,-0.05047217383980751,-0.6418187022209167,-0.1771657019853592,-0.07334616780281067,-0.5126543641090393,-0.11334096640348434,0.08117208629846573,-0.7269355058670044,-0.11832410097122192,0.0795765072107315,-0.9262377619743347,-0.18934695422649384,0.07847278565168381,-0.7252680063247681,-0.14684398472309113,0.058712106198072433,-0.5968939065933228,-0.09256286174058914
0,0.0,0.0,0.0,-0.2703368067741394,-0.06909381598234177,-0.0784960612654686,-0.4788348078727722,-0.33309027552604675,-0.11849040538072586,-0.4242981970310211,-0.6358100175857544,-0.16806542873382568,-0.24953128397464752,-0.7255787253379822,-0.20135989785194397,-0.39292463660240173,-0.6790816783905029,-0.0035905283875763416,-0.3982604146003723,-0.9172724485397339,-0.14524239301681519,-0.3532100319862366,-0.6763020753860474,-0.22086340188980103,-0.3452763259410858,-0.5445885062217712,-0.2515861988067627,-0.2310316413640976,-0.7209793925285339,-0.02303568460047245,-0.23991452157497406,-0.9545756578445435,-0.1661066859960556,-0.2018900215625763,-0.6597615480422974,-0.19460152089595795,-0.2171379029750824,-0.5498254299163818,-0.1773027628660202,-0.07409083098173141,-0.7373013496398926,-0.06874975562095642,-0.07052730023860931,-0.9423471093177795,-0.2090388983488083,-0.04743843525648117,-0.6439091563224792,-0.17201076447963715,-0.06729268282651901,-0.5176771283149719,-0.10550486296415329,0.08974157273769379,-0.7186645865440369,-0.12364740669727325,0.08224686980247498,-0.9287566542625427,-0.19302181899547577,0.08647526055574417,-0.728001058101654,-0.14663730561733246,0.07030826061964035,-0.6041789054870605,-0.09021448343992233
0,0.0,0.0,0.0,-0.26921582221984863,-0.07508967071771622,-0.07875029742717743,-0.47831740975379944,-0.3517441153526306,-0.11638839542865753,-0.41983917355537415,-0.6539273858070374,-0.16381800174713135,-0.23711815476417542,-0.728066086769104,-0.1946871131658554,-0.3906078636646271,-0.6852054595947266,0.003314899979159236,-0.40332597494125366,-0.9150563478469849,-0.133401021361351,-0.35568198561668396,-0.673184871673584,-0.2068379819393158,-0.34552398324012756,-0.5503250360488892,-0.23754337430000305,-0.2316400408744812,-0.730863630771637,-0.01506059616804123,-0.2395651489496231,-0.9641517996788025,-0.15551777184009552,-0.20362070202827454,-0.6686553359031677,-0.1828940212726593,-0.21753914654254913,-0.5549331307411194,-0.1638062745332718,-0.07577501237392426,-0.747511625289917,-0.060110870748758316,-0.0682269036769867,-0.9462980031967163,-0.19848616421222687,-0.05193592607975006,-0.646641194820404,-0.1655392348766327,-0.07414903491735458,-0.5131315588951111,-0.10082592070102692,0.08798114210367203,-0.728692889213562,-0.11444984376430511,0.08290889114141464,-0.9343670606613159,-0.1820482760667801,0.07848800718784332,-0.7364485859870911,-0.13928647339344025,0.055848561227321625,-0.6071026921272278,-0.08550641685724258
0,0.0,0.0,0.0,-0.27702784538269043,-0.07694005221128464,-0.08306179940700531,-0.4860799014568329,-0.35663658380508423,-0.12053903192281723,-0.4196279048919678,-0.662773609161377,-0.1675942987203598,-0.23357126116752625,-0.728670060634613,-0.19779838621616364,-0.3952501714229584,-0.6860684752464294,0.0077279359102249146,-0.40696460008621216,-0.9134439826011658,-0.13365450501441956,-0.3588174283504486,-0.6730884313583374,-0.2100536972284317,-0.34650683403015137,-0.5536431074142456,-0.24178361892700195,-0.23692387342453003,-0.7313585877418518,-0.00926203839480877,-0.24042190611362457,-0.9568142890930176,-0.15463539958000183,-0.2040664404630661,-0.6626687049865723,-0.1845637708902359,-0.22047053277492523,-0.5590556859970093,-0.1663285195827484,-0.08192405104637146,-0.7485350966453552,-0.054579827934503555,-0.06947270035743713,-0.9419434070587158,-0.19770127534866333,-0.05136207118630409,-0.6434106826782227,-0.16496959328651428,-0.07355452328920364,-0.5220579504966736,-0.0993862897157669,0.08030597865581512,-0.7288431525230408,-0.1098848357796669,0.07981322705745697,-0.9315804839134216,-0.17902493476867676,0.08004734665155411,-0.7308841943740845,-0.13543587923049927,0.06162463501095772,-0.6078342199325562,-0.08047939836978912
0,0.0,0.0,0.0,-0.2670994699001312,-0.07479524612426758,-0.08363990485668182,-0.47682151198387146,-0.3462875485420227,-0.12561312317848206,-0.41825050115585327,-0.6484650373458862,-0.17663094401359558,-0.23067623376846313,-0.7202561497688293,-0.2113124281167984,-0.39322102069854736,-0.6877086758613586,-0.0008872119942680001,-0.40338313579559326,-0.9150311946868896,-0.1433849185705185,-0.35399746894836426,-0.6872589588165283,-0.2221413254737854,-0.33816516399383545,-0.5572269558906555,-0.25445425510406494,-0.23384353518486023,-0.7350425720214844,-0.016972916200757027,-0.23766641318798065,-0.9556055665016174,-0.15953317284584045,-0.20069700479507446,-0.6646049618721008,-0.18817134201526642,-0.21509496867656708,-0.552558958530426,-0.17004728317260742,-0.07832439243793488,-0.7493516802787781,-0.060933180153369904,-0.06378621608018875,-0.9390293955802917,-0.20213264226913452,-0.04877304658293724,-0.643771231174469,-0.1706828474998474,-0.07219229638576508,-0.5134715437889099,-0.10628840327262878,0.08352631330490112,-0.725925862789154,-0.11461373418569565,0.08452437818050385,-0.9333367347717285,-0.18369318544864655,0.08062101155519485,-0.738740086555481,-0.14123298227787018,0.05827867612242699,-0.6090469360351562,-0.08689318597316742
0,0.0,0.0,0.0,-0.27102750539779663,-0.0716869905591011,-0.0858062133193016,-0.4809596538543701,-0.34342455863952637,-0.1276351660490036,-0.41342079639434814,-0.6483023166656494,-0.1783009171485901,-0.22555482387542725,-0.7268382906913757,-0.2111624777317047,-0.400476336479187,-0.6754491925239563,-0.0017134093213826418,-0.4145064949989319,-0.9100462794303894,-0.14690172672271729,-0.35934171080589294,-0.668169379234314,-0.22483637928962708,-0.34609970450401306,-0.5469393134117126,-0.2572290897369385,-0.24004830420017242,-0.725098192691803,-0.01832640916109085,-0.24480922520160675,-0.9572421312332153,-0.16659598052501678,-0.20385095477104187,-0.6609638929367065,-0.19696871936321259,-0.22398382425308228,-0.5573078989982605,-0.17934143543243408,-0.08311637490987778,-0.7457308173179626,-0.06306874006986618,-0.07118788361549377,-0.9459936022758484,-0.20809663832187653,-0.051320694386959076,-0.6457626819610596,-0.17415499687194824,-0.0780048668384552,-0.5251315832138062,-0.10794640332460403,0.08043491095304489,-0.729013204574585,-0.11782433837652206,0.07892543077468872,-0.933171808719635,-0.1885160654783249,0.07904541492462158,-0.7322466373443604,-0.1444637030363083,0.05589217320084572,-0.6087561845779419,-0.08921776711940765
0,0.0,0.0,0.0,-0.27350151538848877,-0.07781600952148438,-0.07886742055416107,-0.48316946625709534,-0.34992772340774536,-0.11771731823682785,-0.4259835481643677,-0.6541235446929932,-0.16662690043449402,-0.24397122859954834,-0.723358690738678,-0.19923946261405945,-0.39849627017974854,-0.6832181215286255,0.006149761378765106,-0.41091474890708923,-0.9116737842559814,-0.1339757889509201,-0.35750439763069153,-0.6781652569770813,-0.21270695328712463,-0.342307984828949,-0.5455793142318726,-0.24550151824951172,-0.23884448409080505,-0.7306438684463501,-0.011216806247830391,-0.2453034222126007,-0.9590919613838196,-0.15182535350322723,-0.2027442753314972,-0.6654919385910034,-0.18150204420089722,-0.2145804613828659,-0.5455282330513,-0.16428589820861816,-0.082095667719841,-0.7477369904518127,-0.055796053260564804,-0.07188527286052704,-0.9429448246955872,-0.19326820969581604,-0.0535573773086071,-0.6478186249732971,-0.16125787794589996,-0.07450564950704575,-0.5112245082855225,-0.09718076884746552,0.08139047026634216,-0.7283501029014587,-0.1098272055387497,0.07973399758338928,-0.9358590245246887,-0.17432844638824463,0.0767149031162262,-0.743241548538208,-0.130420982837677,0.05556269735097885,-0.6137929558753967,-0.07598362863063812
0,0.0,0.0,0.0,-0.264960914850235,-0.06573119759559631,-0.08420469611883163,-0.476078063249588,-0.3389945328235626,-0.12414664775133133,-0.4186970293521881,-0.6488723754882812,-0.1721722036600113,-0.22962523996829987,-0.7182224988937378,-0.20245680212974548,-0.38860365748405457,-0.6849744319915771,-0.004943059757351875,-0.40080398321151733,-0.9161638617515564,-0.14806169271469116,-0.35395190119743347,-0.6679670214653015,-0.22216182947158813,-0.3404203951358795,-0.548784613609314,-0.2523413896560669,-0.23046092689037323,-0.7291492819786072,-0.021099485456943512,-0.23820912837982178,-0.9558886289596558,-0.1668502688407898,-0.20282629132270813,-0.6557387709617615,-0.191427543759346,-0.21754609048366547,-0.5578451752662659,-0.16992495954036713,-0.07722286134958267,-0.7461633682250977,-0.06522518396377563,-0.06809023767709732,-0.9347721338272095,-0.20802535116672516,-0.05080803111195564,-0.6319242119789124,-0.17138896882534027,-0.0711360052227974,-0.5167139172554016,-0.10419739037752151,0.08488210290670395,-0.7292338609695435,-0.11938314884901047,0.08043744415044785,-0.9296495914459229,-0.18864800035953522,0.08026092499494553,-0.7251620888710022,-0.14477334916591644,0.06460316479206085,-0.6046485900878906,-0.09028901904821396
0,0.0,0.0,0.0,-0.2752367854118347,-0.06996569782495499,-0.0824713334441185,-0.4862842857837677,-0.3456569314002991,-0.12282104790210724,-0.4215342104434967,-0.6509706377983093,-0.17232011258602142,-0.23110437393188477,-0.722619891166687,-0.20574072003364563,-0.39931783080101013,-0.6816298365592957,-0.0022135318722575903,-0.40992680191993713,-0.9121183753013611,-0.14913970232009888,-0.3596634864807129,-0.6688212156295776,-0.22835619747638702,-0.34659725427627563,-0.542756974697113,-0.2609628438949585,-0.23881155252456665,-0.7269499897956848,-0.020674975588917732,-0.24401795864105225,-0.9579274654388428,-0.17137689888477325,-0.2069612592458725,-0.657234251499176,-0.2022257000207901,-0.22673171758651733,-0.5461567044258118,-0.18311265110969543,-0.08278261125087738,-0.7455369830131531,-0.06670501083135605,-0.07155141979455948,-0.9306043386459351,-0.21458394825458527,-0.05131470039486885,-0.6222458481788635,-0.18158285319805145,-0.07665549963712692,-0.49821630120277405,-0.11446575820446014,0.08153105527162552,-0.7268489003181458,-0.12212476134300232,0.08091827481985092,-0.9220075011253357,-0.19408360123634338,0.08381345123052597,-0.7117144465446472,-0.14912065863609314,0.0634654238820076,-0.5881756544113159,-0.09248825162649155
0,0.0,0.0,0.0,-0.2673429548740387,-0.0664638876914978,-0.08126843720674515,-0.483534574508667,-0.3389562666416168,-0.11977022141218185,-0.43087446689605713,-0.6469793319702148,-0.16722407937049866,-0.24509675800800323,-0.7248972058296204,-0.1976834088563919,-0.4055519104003906,-0.6810337901115417,0.00524951471015811,-0.4173961877822876,-0.9087246060371399,-0.13522391021251678,-0.36012977361679077,-0.6722388863563538,-0.21245519816875458,-0.34312543272972107,-0.5435220003128052,-0.24423383176326752,-0.24580878019332886,-0.7313997149467468,-0.01175493374466896,-0.250136137008667,-0.9570925235748291,-0.15478692948818207,-0.20529086887836456,-0.6593065857887268,-0.18337063491344452,-0.21959249675273895,-0.5405117273330688,-0.16389094293117523,-0.09026908129453659,-0.7497355937957764,-0.0564216785132885,-0.07786852866411209,-0.9384141564369202,-0.19693350791931152,-0.05497458949685097,-0.638081967830658,-0.16449999809265137,-0.07871735095977783,-0.5055664777755737,-0.0992901548743248,0.07231352478265762,-0.7306681275367737,-0.11064336448907852,0.06997282803058624,-0.9267614483833313,-0.17920759320259094,0.07175465673208237,-0.7254619002342224,-0.13631795346736908,0.04974742233753204,-0.6003917455673218,-0.08188211917877197
0,0.0,0.0,0.0,-0.2688261866569519,-0.07299469411373138,-0.08085081726312637,-0.4857158362865448,-0.3475281894207001,-0.12078944593667984,-0.42934274673461914,-0.6569392085075378,-0.16980722546577454,-0.23410595953464508,-0.7241779565811157,-0.20221076905727386,-0.4003191590309143,-0.6741979718208313,0.0009086057543754578,-0.4153348505496979,-0.9096685647964478,-0.13763554394245148,-0.359832763671875,-0.6699921488761902,-0.2122884839773178,-0.34381523728370667,-0.5451061725616455,-0.24365486204624176,-0.24238388240337372,-0.7269511222839355,-0.016326693817973137,-0.24926425516605377,-0.9580111503601074,-0.1588532030582428,-0.2047644704580307,-0.6653404831886292,-0.18707165122032166,-0.22079141438007355,-0.5506945848464966,-0.16802255809307098,-0.08754748851060867,-0.7486338019371033,-0.06047026067972183,-0.07690092921257019,-0.9408097267150879,-0.19885772466659546,-0.05006412789225578,-0.6446831822395325,-0.16613391041755676,-0.07272754609584808,-0.5148677229881287,-0.10164205729961395,0.0745759829878807,-0.7323389053344727,-0.11422431468963623,0.07325996458530426,-0.9281072616577148,-0.18066923320293427,0.08125147223472595,-0.73009192943573,-0.138029545545578,0.06410212069749832,-0.6079258322715759,-0.0846697986125946
0,0.0,0.0,0.0,-0.2712668478488922,-0.06849286705255508,-0.0838141068816185,-0.4885938763618469,-0.3328501880168915,-0.12377934902906418,-0.4348066449165344,-0.6447576880455017,-0.17313861846923828,-0.23734401166439056,-0.7168252468109131,-0.20482178032398224,-0.40607500076293945,-0.6753191947937012,0.007486060727387667,-0.42089396715164185,-0.9071098566055298,-0.13477276265621185,-0.37423425912857056,-0.6582419872283936,-0.20939089357852936,-0.363057941198349,-0.5439791679382324,-0.24020841717720032,-0.24736779928207397,-0.7240116596221924,-0.009297193959355354,-0.26021823287010193,-0.9521443843841553,-0.15683336555957794,-0.22205282747745514,-0.6473478674888611,-0.18414901196956635,-0.2351306676864624,-0.5485916137695312,-0.16285015642642975,-0.09284814447164536,-0.7472391128540039,-0.05476987361907959,-0.08856865763664246,-0.9431571960449219,-0.20074446499347687,-0.06569631397724152,-0.6335266828536987,-0.16597944498062134,-0.08178211748600006,-0.5126561522483826,-0.09728062897920609,0.07207062095403671,-0.7357196807861328,-0.11017239838838577,0.06082022935152054,-0.9363985061645508,-0.18015751242637634,0.06514298170804977,-0.7281094789505005,-0.13608327507972717,0.05455198138952255,-0.6050587892532349,-0.08004769682884216
0,0.0,0.0,0.0,-0.27910369634628296,-0.074404776096344,-0.08048541843891144,-0.4970318377017975,-0.33546724915504456,-0.11938989907503128,-0.4410809576511383,-0.6442141532897949,-0.1683710217475891,-0.243447408080101,-0.7180164456367493,-0.20082032680511475,-0.4125281572341919,-0.6720969080924988,0.009077969007194042,-0.4322264492511749,-0.9017651081085205,-0.13538868725299835,-0.38127830624580383,-0.6658045053482056,-0.21555687487125397,-0.36189186573028564,-0.5403753519058228,-0.24862417578697205,-0.2527063190937042,-0.7223677635192871,-0.00845360942184925,-0.26418522000312805,-0.9521455764770508,-0.15668125450611115,-0.22394999861717224,-0.6566970348358154,-0.18945741653442383,-0.23371976613998413,-0.5424001216888428,-0.171645849943161,-0.09764251857995987,-0.7474994659423828,-0.05409747734665871,-0.08804241567850113,-0.93952876329422,-0.19915874302387238,-0.06859540194272995,-0.6369644403457642,-0.17016129195690155,-0.08617733418941498,-0.5045486092567444,-0.10507356375455856,0.06631363183259964,-0.7364028096199036,-0.10924450308084488,0.05734696984291077,-0.9350041151046753,-0.1779685914516449,0.06041504815220833,-0.7339668869972229,-0.13584445416927338,0.04853695631027222,-0.6079510450363159,-0.08113548159599304
0,0.0,0.0,0.0,-0.27208277583122253,-0.07408061623573303,-0.07913557440042496,-0.4827416241168976,-0.3343084752559662,-0.12070593237876892,-0.42077359557151794,-0.6338868141174316,-0.17273519933223724,-0.2338796705007553,-0.71871018409729,-0.20881693065166473,-0.408208966255188,-0.677481472492218,0.003860250348225236,-0.4240075647830963,-0.9056586623191833,-0.13793310523033142,-0.3684607148170471,-0.6677231788635254,-0.2177732139825821,-0.3486628532409668,-0.5373041033744812,-0.25178200006484985,-0.24879981577396393,-0.7296869158744812,-0.015227893367409706,-0.2558957040309906,-0.9538507461547852,-0.1593412309885025,-0.21208512783050537,-0.6580468416213989,-0.19137316942214966,-0.22423401474952698,-0.5404818654060364,-0.1755797415971756,-0.09300383180379868,-0.752845287322998,-0.06153154373168945,-0.08393828570842743,-0.9496387243270874,-0.20086218416690826,-0.06031782925128937,-0.6512565016746521,-0.16910481452941895,-0.07899723947048187,-0.5163518190383911,-0.10549291968345642,0.0716148391366005,-0.738300085067749,-0.11736060678958893,0.06469111144542694,-0.9388247132301331,-0.18418782949447632,0.06787406653165817,-0.7396907806396484,-0.1406995803117752,0.051113780587911606,-0.6124813556671143,-0.08645998686552048
0,0.0,0.0,0.0,-0.2733932435512543,-0.06627495586872101,-0.07602404057979584,-0.4896228611469269,-0.33121269941329956,-0.1135752722620964,-0.4345967471599579,-0.6375291347503662,-0.16151539981365204,-0.2435014843940735,-0.7192885279655457,-0.19360807538032532,-0.4096335768699646,-0.6605748534202576,0.0032922662794589996,-0.43464195728302,-0.9006032943725586,-0.13394396007061005,-0.37762251496315,-0.6646960973739624,-0.2080479860305786,-0.35394561290740967,-0.5358882546424866,-0.23762854933738708,-0.25075966119766235,-0.7147756218910217,-0.014534391462802887,-0.2692391872406006,-0.9532662630081177,-0.15353329479694366,-0.22499330341815948,-0.6593253016471863,-0.1795419454574585,-0.22951248288154602,-0.5379948616027832,-0.15855242311954498,-0.09575564414262772,-0.7395784854888916,-0.058800164610147476,-0.09991917014122009,-0.9359799027442932,-0.19368262588977814,-0.0725923478603363,-0.6366503834724426,-0.15934620797634125,-0.08201338350772858,-0.49917423725128174,-0.09303080290555954,0.06898646801710129,-0.7289999127388,-0.11225210875272751,0.056217897683382034,-0.9350501298904419,-0.17570316791534424,0.06061134859919548,-0.7387922406196594,-0.13132697343826294,0.04919794201850891,-0.6106528043746948,-0.07628116011619568
0,0.0,0.0,0.0,-0.27889567613601685,-0.06059534102678299,-0.08463939279317856,-0.5001051425933838,-0.31908395886421204,-0.12658041715621948,-0.4456268846988678,-0.6315416693687439,-0.17814843356609344,-0.24865691363811493,-0.7139019966125488,-0.21272382140159607,-0.4192694425582886,-0.6637418866157532,0.0016507693799212575,-0.4379330575466156,-0.8990076184272766,-0.1446557492017746,-0.3888135254383087,-0.6487770676612854,-0.22295619547367096,-0.3719421625137329,-0.5242748260498047,-0.25511598587036133,-0.2583000659942627,-0.7157049775123596,-0.016104806214571,-0.27274179458618164,-0.9549406170845032,-0.1674780249595642,-0.23368990421295166,-0.6502482295036316,-0.19738948345184326,-0.24252422153949738,-0.5382335186004639,-0.17699071764945984,-0.10213913023471832,-0.7425757646560669,-0.06223534420132637,-0.09833142161369324,-0.9418197274208069,-0.210268035531044,-0.07530885934829712,-0.6305028200149536,-0.17641274631023407,-0.08906394988298416,-0.4992573857307434,-0.10755392163991928,0.06462889164686203,-0.7351171374320984,-0.11833459138870239,0.05327886715531349,-0.9385687708854675,-0.18926815688610077,0.0579877607524395,-0.7304366230964661,-0.14475220441818237,0.04872943088412285,-0.6021341681480408,-0.08807255327701569
0,0.0,0.0,0.0,-0.27043813467025757,-0.06996338814496994,-0.08025845140218735,-0.48961594700813293,-0.3378196060657501,-0.11864733695983887,-0.43441104888916016,-0.6438409090042114,-0.16661101579666138,-0.23639081418514252,-0.727283775806427,-0.1971503645181656,-0.4036906659603119,-0.687046229839325,0.005112084094434977,-0.42109230160713196,-0.9070178270339966,-0.13626059889793396,-0.37236127257347107,-0.6555914878845215,-0.20979724824428558,-0.3532612919807434,-0.53959721326828,-0.23966452479362488,-0.2455955445766449,-0.7395169138908386,-0.01333437766879797,-0.2576600909233093,-0.9600379467010498,-0.15761493146419525,-0.2199435830116272,-0.6490681171417236,-0.18058165907859802,-0.224699929356575,-0.552017331123352,-0.1569860428571701,-0.0899096429347992,-0.7605459094047546,-0.06014666333794594,-0.08208280801773071,-0.9479514956474304,-0.20252764225006104,-0.06539732962846756,-0.6366980075836182,-0.16598477959632874,-0.07954464852809906,-0.5192556381225586,-0.09741877764463425,0.07635768502950668,-0.7451772093772888,-0.11658208072185516,0.06657485663890839,-0.9477236866950989,-0.1832078993320465,0.0647185668349266,-0.7408784031867981,-0.13733503222465515,0.05294571816921234,-0.6201148629188538,-0.08072930574417114
0,0.0,0.0,0.0,-0.2758483290672302,-0.05878458172082901,-0.08472931385040283,-0.49709832668304443,-0.31607455015182495,-0.1268247663974762,-0.4441298842430115,-0.6298871636390686,-0.1777673214673996,-0.24679046869277954,-0.7155687808990479,-0.21220915019512177,-0.41025134921073914,-0.661583423614502,-0.0019207887817174196,-0.43529021739959717,-0.9002901315689087,-0.14862622320652008,-0.3782353699207306,-0.6608070135116577,-0.22745925188064575,-0.35378003120422363,-0.5322810411453247,-0.2582744359970093,-0.24849355220794678,-0.7144968509674072,-0.017690865322947502,-0.2662339508533478,-0.9467983841896057,-0.16573239862918854,-0.2217709869146347,-0.6467445492744446,-0.19415472447872162,-0.22913390398025513,-0.5317716598510742,-0.17307032644748688,-0.09192424267530441,-0.73993980884552,-0.061676058918237686,-0.09142843633890152,-0.9356723427772522,-0.20846359431743622,-0.0653810128569603,-0.629503607749939,-0.17395341396331787,-0.07893591374158859,-0.4972793459892273,-0.10447273403406143,0.07352883368730545,-0.7289754152297974,-0.1151939108967781,0.05612987279891968,-0.9351983070373535,-0.18677498400211334,0.06656430661678314,-0.731134295463562,-0.1413602977991104,0.06206498667597771,-0.6043000817298889,-0.08326509594917297
0,0.0,0.0,0.0,-0.2782523036003113,-0.05327346548438072,-0.08296848088502884,-0.5061075091362,-0.3145841062068939,-0.1219615787267685,-0.45889484882354736,-0.6297546029090881,-0.16964326798915863,-0.2668510377407074,-0.7281959056854248,-0.20073926448822021,-0.42403125762939453,-0.664786696434021,-0.0016295985551550984,-0.4427809715270996,-0.8966297507286072,-0.14441049098968506,-0.38006505370140076,-0.6635920405387878,-0.22156904637813568,-0.3571966588497162,-0.5380042791366577,-0.2531419098377228,-0.26191195845603943,-0.7233887314796448,-0.018600666895508766,-0.2746245861053467,-0.9538217186927795,-0.16386790573596954,-0.2237662822008133,-0.6551550626754761,-0.19217464327812195,-0.2344857007265091,-0.5381408929824829,-0.17239288985729218,-0.10299115628004074,-0.7503654360771179,-0.06310796737670898,-0.09944409132003784,-0.9440199732780457,-0.2077132761478424,-0.06923910975456238,-0.636626660823822,-0.17360790073871613,-0.08788127452135086,-0.5025543570518494,-0.10622242093086243,0.06558789312839508,-0.7395995259284973,-0.11690909415483475,0.05291910097002983,-0.9414747357368469,-0.18898943066596985,0.06058170646429062,-0.7348403930664062,-0.1445852816104889,0.04546044021844864,-0.6073729395866394,-0.08816978335380554
0,0.0,0.0,0.0,-0.2711476683616638,-0.061537615954875946,-0.07830925285816193,-0.4923035800457001,-0.3149954676628113,-0.11919669806957245,-0.44464191794395447,-0.6260294318199158,-0.17027005553245544,-0.24746330082416534,-0.7173583507537842,-0.20572112500667572,-0.40955159068107605,-0.6644976139068604,-0.0007798788137733936,-0.4320453405380249,-0.9018518924713135,-0.14123736321926117,-0.37972837686538696,-0.662354588508606,-0.2177356481552124,-0.35673993825912476,-0.5260528326034546,-0.24829290807247162,-0.24906711280345917,-0.7222537398338318,-0.01838696375489235,-0.2669387757778168,-0.9532618522644043,-0.15821313858032227,-0.22483544051647186,-0.6523959636688232,-0.18319377303123474,-0.2245296686887741,-0.5280418395996094,-0.16227123141288757,-0.09109628200531006,-0.7490144371986389,-0.06295058131217957,-0.09359125047922134,-0.9442097544670105,-0.20229192078113556,-0.07261256873607635,-0.6374615430831909,-0.16844476759433746,-0.0813523530960083,-0.4915696978569031,-0.10183576494455338,0.07679380476474762,-0.7386043667793274,-0.1165362223982811,0.05890272930264473,-0.9492491483688354,-0.18519580364227295,0.05857367441058159,-0.7462844848632812,-0.1413956731557846,0.05034893378615379,-0.6059911251068115,-0.08567885309457779
0,0.0,0.0,0.0,-0.27852901816368103,-0.0559232272207737,-0.08413630723953247,-0.5014817118644714,-0.30845800042152405,-0.12659084796905518,-0.44555503129959106,-0.6196261048316956,-0.17845700681209564,-0.24789577722549438,-0.721762478351593,-0.21379847824573517,-0.42323532700538635,-0.6564306020736694,-0.002149903681129217,-0.4472227692604065,-0.8944225311279297,-0.14818909764289856,-0.3845783472061157,-0.6555487513542175,-0.22741353511810303,-0.3562718331813812,-0.5229145288467407,-0.25878873467445374,-0.26140058040618896,-0.7151315808296204,-0.019274678081274033,-0.2749768793582916,-0.9543316960334778,-0.16841651499271393,-0.2225676029920578,-0.6522427201271057,-0.1982896327972412,-0.22764405608177185,-0.525277853012085,-0.1780194491147995,-0.10306020826101303,-0.7459418177604675,-0.06429476290941238,-0.09966521710157394,-0.9483404755592346,-0.21102777123451233,-0.06830836832523346,-0.6413758993148804,-0.17717936635017395,-0.08233164995908737,-0.5002073049545288,-0.1085420623421669,0.06462085247039795,-0.7381159067153931,-0.11884312331676483,0.05283765122294426,-0.946750819683075,-0.19091838598251343,0.061644211411476135,-0.7405003905296326,-0.14580467343330383,0.048759449273347855,-0.6069081425666809,-0.08827866613864899
0,0.0,0.0,0.0,-0.2706660330295563,-0.04997776076197624,-0.08615919202566147,-0.4988541603088379,-0.31409478187561035,-0.12549656629562378,-0.4511992037296295,-0.6318022608757019,-0.17323264479637146,-0.25694963335990906,-0.726243257522583,-0.20321787893772125,-0.41645100712776184,-0.6737444400787354,-0.00017834205937106162,-0.43441835045814514,-0.9007112383842468,-0.14797177910804749,-0.3783939480781555,-0.6532976031303406,-0.2242060750722885,-0.3553631007671356,-0.5336050391197205,-0.25392022728919983,-0.2554660737514496,-0.7296934723854065,-0.015555810183286667,-0.2660622000694275,-0.9488793611526489,-0.16585730016231537,-0.22244656085968018,-0.633436918258667,-0.1891484409570694,-0.23149017989635468,-0.5337600111961365,-0.16401101648807526,-0.0977759137749672,-0.7549704313278198,-0.06049428507685661,-0.09202244877815247,-0.9350873827934265,-0.2101447433233261,-0.07012835890054703,-0.61830735206604,-0.17373478412628174,-0.08768338710069656,-0.500910222530365,-0.10326087474822998,0.07044021785259247,-0.7453100085258484,-0.11513890326023102,0.060631148517131805,-0.9407522678375244,-0.18728548288345337,0.061643898487091064,-0.7266976833343506,-0.1420719027519226,0.046393707394599915,-0.6044113636016846,-0.08445146679878235
0,0.0,0.0,0.0,-0.28009456396102905,-0.05973849073052406,-0.0794069692492485,-0.5001527667045593,-0.3108879327774048,-0.12071039527654648,-0.44919446110725403,-0.6219091415405273,-0.17152076959609985,-0.2548908591270447,-0.720760703086853,-0.20724605023860931,-0.41090402007102966,-0.6546995639801025,-0.005850702989846468,-0.4404461681842804,-0.8977789878845215,-0.1447800248861313,-0.3865226209163666,-0.6681050658226013,-0.2223852425813675,-0.359038770198822,-0.5337178707122803,-0.25446948409080505,-0.2507413625717163,-0.7139198184013367,-0.02240169234573841,-0.26971641182899475,-0.9555513262748718,-0.1616901308298111,-0.22858145833015442,-0.6662588119506836,-0.19025233387947083,-0.2300596684217453,-0.5345634818077087,-0.1725434958934784,-0.09434149414300919,-0.7430975437164307,-0.0649668425321579,-0.09598314017057419,-0.9487060308456421,-0.20235690474510193,-0.07179803401231766,-0.649665355682373,-0.16967326402664185,-0.07850446552038193,-0.49813923239707947,-0.10466674715280533,0.07256340235471725,-0.7337077260017395,-0.11673810333013535,0.056294240057468414,-0.9470880627632141,-0.18582786619663239,0.05902981385588646,-0.7483049035072327,-0.14327667653560638,0.0511074922978878,-0.6069210171699524,-0.08889102935791016
0,0.0,0.0,0.0,-0.28021326661109924,-0.0534982793033123,-0.08134468644857407,-0.5035786628723145,-0.3034401535987854,-0.12411914020776749,-0.4526401162147522,-0.6160150766372681,-0.17570960521697998,-0.25766345858573914,-0.7201533317565918,-0.21264266967773438,-0.4166742265224457,-0.6554924249649048,-0.010968941263854504,-0.4421636164188385,-0.8969343900680542,-0.15132226049900055,-0.38560232520103455,-0.6711876392364502,-0.23154288530349731,-0.3566546142101288,-0.5320142507553101,-0.2656799554824829,-0.25232353806495667,-0.7169310450553894,-0.027630077674984932,-0.2722594738006592,-0.9595289826393127,-0.1676691621541977,-0.22664445638656616,-0.6686075925827026,-0.19784602522850037,-0.22543102502822876,-0.5316255688667297,-0.18159231543540955,-0.09205292910337448,-0.745664119720459,-0.0701393187046051,-0.09482245147228241,-0.9542234539985657,-0.20905821025371552,-0.06946118175983429,-0.6534897685050964,-0.17699463665485382,-0.07791825383901596,-0.4980492889881134,-0.11252471804618835,0.07815463095903397,-0.7341557145118713,-0.12175468355417252,0.061406608670949936,-0.9499866962432861,-0.19336287677288055,0.06360231339931488,-0.7496498227119446,-0.1508595198392868,0.05216491222381592,-0.6058126091957092,-0.09642773121595383
0,0.0,0.0,0.0,-0.2678556740283966,-0.03895595297217369,-0.08718808740377426,-0.49760010838508606,-0.2980077862739563,-0.12743423879146576,-0.4469611942768097,-0.6192318797111511,-0.17524971067905426,-0.2511060833930969,-0.7337735891342163,-0.2062617689371109,-0.42333996295928955,-0.6629208922386169,-0.010609405115246773,-0.43951719999313354,-0.8982341885566711,-0.15776872634887695,-0.37678346037864685,-0.6545025110244751,-0.23464591801166534,-0.3542644679546356,-0.5303642153739929,-0.2656424343585968,-0.2593698799610138,-0.7226603031158447,-0.02656392939388752,-0.2733438014984131,-0.9603643417358398,-0.17824916541576385,-0.22102704644203186,-0.6476419568061829,-0.20516979694366455,-0.23108722269535065,-0.5348531603813171,-0.18260453641414642,-0.09993455559015274,-0.7545774579048157,-0.07055147737264633,-0.0966576337814331,-0.9513388872146606,-0.22106148302555084,-0.06405849009752274,-0.6358371376991272,-0.18468227982521057,-0.0822930783033371,-0.5106722712516785,-0.11462021619081497,0.07073481380939484,-0.749960720539093,-0.12410225719213486,0.05786933749914169,-0.9541259407997131,-0.20020993053913116,0.06692872941493988,-0.7375178337097168,-0.15517555177211761,0.0519523024559021,-0.6095826029777527,-0.09778020530939102
0,0.0,0.0,0.0,-0.2729666531085968,-0.05365767702460289,-0.08331507444381714,-0.4984318017959595,-0.3100428283214569,-0.12472520768642426,-0.45192334055900574,-0.6260120272636414,-0.1753714680671692,-0.25458720326423645,-0.7263234853744507,-0.20906399190425873,-0.4129769504070282,-0.6677291393280029,-0.0008711492409929633,-0.43369266390800476,-0.9010608792304993,-0.14919641613960266,-0.37905582785606384,-0.6587278842926025,-0.2282043844461441,-0.3552674353122711,-0.529596209526062,-0.25911790132522583,-0.2512643337249756,-0.723415195941925,-0.01783856190741062,-0.2665307819843292,-0.9531152844429016,-0.167648047208786,-0.2222222238779068,-0.6443156003952026,-0.19345636665821075,-0.22709058225154877,-0.5285003781318665,-0.16999046504497528,-0.09329860657453537,-0.7514464259147644,-0.06343585252761841,-0.09061703830957413,-0.9405059218406677,-0.21197032928466797,-0.06665366888046265,-0.6261650323867798,-0.17537249624729156,-0.07908681780099869,-0.49294328689575195,-0.10427226126194,0.07583769410848618,-0.743934154510498,-0.11853957176208496,0.062223657965660095,-0.9467285871505737,-0.19006240367889404,0.06436317414045334,-0.7348113656044006,-0.14350885152816772,0.052170608192682266,-0.6029191613197327,-0.0847967118024826
0,0.0,0.0,0.0,-0.2671925723552704,-0.04989703744649887,-0.08363945782184601,-0.4935207664966583,-0.30347299575805664,-0.12639109790325165,-0.4486067593097687,-0.6211268901824951,-0.17772577702999115,-0.2514461874961853,-0.7246758341789246,-0.21254760026931763,-0.41275447607040405,-0.6574400067329407,-0.010683227330446243,-0.43779414892196655,-0.8990752100944519,-0.1586165577173233,-0.3791184723377228,-0.6595043540000916,-0.2368742674589157,-0.35198259353637695,-0.5255469083786011,-0.2669256329536438,-0.25207382440567017,-0.7141385078430176,-0.026332812383770943,-0.2693624496459961,-0.9506360292434692,-0.17429332435131073,-0.22210775315761566,-0.643825113773346,-0.1985403299331665,-0.22824162244796753,-0.5199467539787292,-0.17477509379386902,-0.09494378417730331,-0.7414973974227905,-0.06987536698579788,-0.09687965363264084,-0.941045880317688,-0.215117409825325,-0.06963252276182175,-0.6323871612548828,-0.17853118479251862,-0.08357430249452591,-0.4929242432117462,-0.10859496891498566,0.07257451862096786,-0.7326558828353882,-0.12276848405599594,0.05634131655097008,-0.9439228177070618,-0.19446931779384613,0.06153300404548645,-0.7411742806434631,-0.15053263306617737,0.04988166317343712,-0.60936439037323,-0.09407000988721848
0,0.0,0.0,0.0,-0.2750692665576935,-0.05590974912047386,-0.08276861160993576,-0.500877857208252,-0.2971618175506592,-0.12645390629768372,-0.4586029350757599,-0.6105292439460754,-0.1790427714586258,-0.26613181829452515,-0.7242363095283508,-0.2155003398656845,-0.4279884696006775,-0.6597469449043274,-0.007219560444355011,-0.44439074397087097,-0.8958330154418945,-0.15371936559677124,-0.3819606602191925,-0.6630392670631409,-0.2347296178340912,-0.3572859764099121,-0.5281701683998108,-0.26798173785209656,-0.26253896951675415,-0.7198643088340759,-0.02519337832927704,-0.275699257850647,-0.9546191692352295,-0.17227153480052948,-0.22296258807182312,-0.6512876749038696,-0.2019379884004593,-0.22859257459640503,-0.5243956446647644,-0.18331268429756165,-0.10138443112373352,-0.7496058344841003,-0.07039204239845276,-0.09514151513576508,-0.9443122744560242,-0.21777774393558502,-0.06717268377542496,-0.6338428258895874,-0.18514886498451233,-0.0853579118847847,-0.49073243141174316,-0.11824330687522888,0.06802475452423096,-0.738800585269928,-0.12456545233726501,0.0590173713862896,-0.9444842338562012,-0.19997566938400269,0.06302919238805771,-0.7351269721984863,-0.1563284695148468,0.04442916810512543,-0.5967093706130981,-0.09979397803544998
0,0.0,0.0,0.0,-0.27671876549720764,-0.04776275157928467,-0.08836175501346588,-0.5015619993209839,-0.2861981987953186,-0.1361624300479889,-0.4542366564273834,-0.5984560251235962,-0.19219735264778137,-0.26033011078834534,-0.7152037620544434,-0.2325960248708725,-0.4266737699508667,-0.6542346477508545,-0.015069876797497272,-0.44595813751220703,-0.8950538039207458,-0.1679997593164444,-0.3866806924343109,-0.6687718629837036,-0.2531386613845825,-0.3604615032672882,-0.5284143090248108,-0.2875407934188843,-0.25977832078933716,-0.7147531509399414,-0.03182278200984001,-0.27530437707901,-0.9534680843353271,-0.1851493865251541,-0.22522768378257751,-0.6547436118125916,-0.2174549102783203,-0.23020777106285095,-0.5247589349746704,-0.19904981553554535,-0.09835103899240494,-0.7464742064476013,-0.07657097280025482,-0.09599339216947556,-0.9405182600021362,-0.22903293371200562,-0.06626797467470169,-0.6317114233970642,-0.19628377258777618,-0.08039263635873795,-0.4895496666431427,-0.12764902412891388,0.07295597344636917,-0.7391958236694336,-0.13075150549411774,0.05841688811779022,-0.9466719031333923,-0.2081843465566635,0.0660443976521492,-0.7367353439331055,-0.16298039257526398,0.05447198450565338,-0.5982608199119568,-0.10440011322498322
0,0.0,0.0,0.0,-0.2702253460884094,-0.04624437913298607,-0.08507383614778519,-0.49757999181747437,-0.30860602855682373,-0.1257312148809433,-0.44797858595848083,-0.6287828683853149,-0.1745854765176773,-0.25469356775283813,-0.7239958047866821,-0.20750576257705688,-0.4154263734817505,-0.6628608107566833,-0.00887254998087883,-0.43822216987609863,-0.8988667130470276,-0.1574520766735077,-0.37241262197494507,-0.6677911877632141,-0.2405957728624344,-0.34366798400878906,-0.5346376895904541,-0.27524465322494507,-0.2513537108898163,-0.7223404049873352,-0.024836065247654915,-0.2681179642677307,-0.9602899551391602,-0.17461420595645905,-0.21561159193515778,-0.6547330617904663,-0.20410007238388062,-0.22198867797851562,-0.5273143649101257,-0.18407052755355835,-0.0930502712726593,-0.7514462471008301,-0.06878258287906647,-0.09058091044425964,-0.9554396867752075,-0.21542789041996002,-0.061543747782707214,-0.6447272896766663,-0.18180210888385773,-0.07772783190011978,-0.5003138184547424,-0.11406894028186798,0.0757816955447197,-0.7431671023368835,-0.12237555533647537,0.06536778807640076,-0.9520277380943298,-0.19597718119621277,0.06849265098571777,-0.7442578673362732,-0.1532321274280548,0.05068220570683479,-0.608465850353241,-0.09788595885038376
0,0.0,0.0,0.0,-0.27011457085609436,-0.055251721292734146,-0.08315631002187729,-0.49193045496940613,-0.30241525173187256,-0.12715601921081543,-0.4470610022544861,-0.6165876984596252,-0.18009978532791138,-0.25383269786834717,-0.7243136763572693,-0.2159576117992401,-0.41446441411972046,-0.6590789556503296,-0.005219067446887493,-0.4403771162033081,-0.8978129029273987,-0.1510314643383026,-0.3834308981895447,-0.6586523652076721,-0.22904448211193085,-0.3577035069465637,-0.5288828015327454,-0.26004716753959656,-0.25297489762306213,-0.718728244304657,-0.02222300134599209,-0.2746766209602356,-0.9566653370857239,-0.168696328997612,-0.2273855358362198,-0.6554874777793884,-0.19477009773254395,-0.22993341088294983,-0.5365238785743713,-0.1726526916027069,-0.09483641386032104,-0.7482409477233887,-0.0669134259223938,-0.09898931533098221,-0.942950427532196,-0.2109307050704956,-0.07216805219650269,-0.6363108158111572,-0.17428575456142426,-0.08328453451395035,-0.5004397630691528,-0.10469289869070053,0.07394198328256607,-0.7407767176628113,-0.12108055502176285,0.056564029306173325,-0.9452863931655884,-0.19152730703353882,0.05916756018996239,-0.7394201755523682,-0.146139457821846,0.04557281360030174,-0.6067180633544922,-0.08892376720905304
0,0.0,0.0,0.0,-0.2669107913970947,-0.05386250093579292,-0.0824446827173233,-0.49274465441703796,-0.29573699831962585,-0.1255510449409485,-0.4552359879016876,-0.6094159483909607,-0.17792581021785736,-0.25706231594085693,-0.7222052812576294,-0.21286065876483917,-0.4103284478187561,-0.6601870656013489,-0.006323028355836868,-0.4393245577812195,-0.898328423500061,-0.15394523739814758,-0.38105785846710205,-0.6463840007781982,-0.22939789295196533,-0.35405927896499634,-0.5175221562385559,-0.2575094699859619,-0.24717368185520172,-0.7170484662055969,-0.024139322340488434,-0.2706459164619446,-0.9516791105270386,-0.17482972145080566,-0.22342444956302643,-0.6344594359397888,-0.1982913464307785,-0.22443969547748566,-0.5172864198684692,-0.17209658026695251,-0.08808710426092148,-0.7462425827980042,-0.06981869786977768,-0.09386812150478363,-0.9360014796257019,-0.2191854566335678,-0.06593761593103409,-0.6172435879707336,-0.18055082857608795,-0.07454714924097061,-0.4853627681732178,-0.10719641298055649,0.08203181624412537,-0.7398171424865723,-0.12462491542100906,0.05885046347975731,-0.9417330622673035,-0.19658054411411285,0.0660196989774704,-0.730671226978302,-0.14884227514266968,0.06134568527340889,-0.6043146848678589,-0.08863472193479538
0,0.0,0.0,0.0,-0.27835196256637573,-0.051815424114465714,-0.07988429069519043,-0.5042253136634827,-0.3059498071670532,-0.11974762380123138,-0.4543287754058838,-0.6171318292617798,-0.16856537759304047,-0.26292434334754944,-0.7288078665733337,-0.20259501039981842,-0.4230154752731323,-0.6591098308563232,-0.006502021569758654,-0.44255703687667847,-0.8962891101837158,-0.1498628705739975,-0.3770850598812103,-0.6710051894187927,-0.23137566447257996,-0.34646809101104736,-0.5296197533607483,-0.2647218406200409,-0.2579403221607208,-0.721227765083313,-0.024214932695031166,-0.27227193117141724,-0.9622203707695007,-0.16912969946861267,-0.21794582903385162,-0.664013147354126,-0.200636088848114,-0.2201583981513977,-0.5231492519378662,-0.18205904960632324,-0.09651510417461395,-0.75051349401474,-0.06818116456270218,-0.09553080797195435,-0.9495782852172852,-0.2110854685306549,-0.06379333138465881,-0.6447226405143738,-0.17969052493572235,-0.0778522938489914,-0.4940907955169678,-0.1134033352136612,0.07488803565502167,-0.7392462491989136,-0.12082977592945099,0.060192812234163284,-0.9486433863639832,-0.1934054046869278,0.06571495532989502,-0.7408408522605896,-0.14930523931980133,0.04991481080651283,-0.6011084914207458,-0.09235724061727524
0,0.0,0.0,0.0,-0.2659268081188202,-0.054548874497413635,-0.07903046905994415,-0.4915352761745453,-0.3155767321586609,-0.11824561655521393,-0.4499301016330719,-0.6302249431610107,-0.16644412279129028,-0.255117803812027,-0.7238950133323669,-0.1979396492242813,-0.40189090371131897,-0.6704391837120056,-0.003846236038953066,-0.42813530564308167,-0.9030534029006958,-0.14411446452140808,-0.37145909667015076,-0.6595832705497742,-0.21804295480251312,-0.3436233699321747,-0.5317924618721008,-0.24761000275611877,-0.2415185123682022,-0.728361964225769,-0.02158057503402233,-0.26198840141296387,-0.9650710225105286,-0.1649913489818573,-0.21549728512763977,-0.6535593867301941,-0.1877010613679886,-0.21489647030830383,-0.5320212841033936,-0.16309332847595215,-0.08298887312412262,-0.7535266280174255,-0.06609955430030823,-0.0859193503856659,-0.9545074105262756,-0.20548148453235626,-0.06241561472415924,-0.6442924737930298,-0.1669722944498062,-0.07353301346302032,-0.5081690549850464,-0.09718886017799377,0.08702009171247482,-0.7421855330467224,-0.11989138275384903,0.07043434679508209,-0.9526041746139526,-0.186688631772995,0.07033244520425797,-0.7484182119369507,-0.14074121415615082,0.05732810124754906,-0.621027410030365,-0.08411037176847458
0,0.0,0.0,0.0,-0.2712551951408386,-0.0452406108379364,-0.08472325652837753,-0.5001267194747925,-0.30009546875953674,-0.1263185739517212,-0.45397356152534485,-0.6189709901809692,-0.17562679946422577,-0.2559414803981781,-0.7265405654907227,-0.2078644335269928,-0.41488075256347656,-0.6715930700302124,-0.013950075954198837,-0.4335547685623169,-0.9011271595954895,-0.16196706891059875,-0.37870264053344727,-0.6451813578605652,-0.23667974770069122,-0.3611849248409271,-0.5233256816864014,-0.2659962475299835,-0.2514799237251282,-0.7259121537208557,-0.03159105032682419,-0.26725462079048157,-0.9533593058586121,-0.183230921626091,-0.22199416160583496,-0.6364938020706177,-0.2069973647594452,-0.2343611866235733,-0.53072589635849,-0.18216922879219055,-0.09197527170181274,-0.7530383467674255,-0.07678831368684769,-0.09155619144439697,-0.9324671626091003,-0.2276810258626938,-0.06269658356904984,-0.6138434410095215,-0.1885191798210144,-0.08062420040369034,-0.4959542751312256,-0.11652427166700363,0.0789327621459961,-0.7434198260307312,-0.1311933398246765,0.06126725301146507,-0.9413007497787476,-0.20656831562519073,0.0707225501537323,-0.7220007181167603,-0.15897564589977264,0.06056349724531174,-0.5987571477890015,-0.09949733316898346
0,0.0,0.0,0.0,-0.269153356552124,-0.05619427561759949,-0.08410080522298813,-0.4953444004058838,-0.29321616888046265,-0.12958939373493195,-0.45963814854621887,-0.6030468344688416,-0.18369893729686737,-0.2718624770641327,-0.7321017384529114,-0.2212408185005188,-0.4234505295753479,-0.662930965423584,-0.006722701247781515,-0.4426557719707489,-0.896691620349884,-0.16036681830883026,-0.37419387698173523,-0.6685535907745361,-0.2454221546649933,-0.34348902106285095,-0.5301252603530884,-0.2781550884246826,-0.2571262717247009,-0.7239888310432434,-0.024393292143940926,-0.2697802186012268,-0.9577310085296631,-0.17741671204566956,-0.21082474291324615,-0.6535547971725464,-0.20850299298763275,-0.2160634845495224,-0.5247233510017395,-0.18719960749149323,-0.0932842567563057,-0.7545177340507507,-0.07008972764015198,-0.0900997519493103,-0.9434648156166077,-0.2209237962961197,-0.055829502642154694,-0.6361522078514099,-0.18634510040283203,-0.0739419013261795,-0.5000418424606323,-0.1155921220779419,0.07836032658815384,-0.7440012097358704,-0.12464606761932373,0.06522827595472336,-0.9473713040351868,-0.19872954487800598,0.07454770058393478,-0.7369245886802673,-0.15091954171657562,0.05795217677950859,-0.6054868102073669,-0.08990515768527985
0,0.0,0.0,0.0,-0.26930394768714905,-0.051546573638916016,-0.0820058211684227,-0.49815499782562256,-0.2914052903652191,-0.12581001222133636,-0.46305832266807556,-0.6030948758125305,-0.17865177989006042,-0.27668359875679016,-0.7281075716018677,-0.21473433077335358,-0.4243796765804291,-0.6571283340454102,-0.0064347051084041595,-0.4499085247516632,-0.893074631690979,-0.15924528241157532,-0.37860599160194397,-0.6641082167625427,-0.24268388748168945,-0.3437264561653137,-0.529353141784668,-0.2747553884983063,-0.25910860300064087,-0.7188442349433899,-0.02475062943994999,-0.2748071253299713,-0.9519602060317993,-0.1771441251039505,-0.21684643626213074,-0.646223783493042,-0.2058977335691452,-0.22236274182796478,-0.5217888951301575,-0.18370862305164337,-0.09731703251600266,-0.7496680617332458,-0.07109986245632172,-0.0957350954413414,-0.942419171333313,-0.22062072157859802,-0.0617610439658165,-0.6332717537879944,-0.18406639993190765,-0.07832535356283188,-0.49981099367141724,-0.11306461691856384,0.07359790056943893,-0.7407728433609009,-0.12641872465610504,0.06133299320936203,-0.943870484828949,-0.20002397894859314,0.06961315870285034,-0.7334854006767273,-0.15267214179039001,0.053734730929136276,-0.6042672395706177,-0.0927732065320015
0,0.0,0.0,0.0,-0.27551785111427307,-0.04616613686084747,-0.08290982991456985,-0.5002858638763428,-0.30481258034706116,-0.12074771523475647,-0.446431428194046,-0.6231399178504944,-0.16810041666030884,-0.25008857250213623,-0.7178338170051575,-0.1989779770374298,-0.42331743240356445,-0.6493644118309021,-0.0009510465897619724,-0.44576776027679443,-0.8951486349105835,-0.1513858288526535,-0.3855920433998108,-0.6540147662162781,-0.23138034343719482,-0.3626348376274109,-0.5238906145095825,-0.26254546642303467,-0.26021838188171387,-0.7079442739486694,-0.018358448520302773,-0.27955663204193115,-0.9539216756820679,-0.17127561569213867,-0.23215830326080322,-0.6465573310852051,-0.20039880275726318,-0.2416786551475525,-0.5304064154624939,-0.17831987142562866,-0.10076908767223358,-0.7422650456428528,-0.06433902680873871,-0.10328501462936401,-0.9435212016105652,-0.21435701847076416,-0.07283301651477814,-0.62894606590271,-0.1796063482761383,-0.08715421706438065,-0.4974563717842102,-0.1092907264828682,0.07094231247901917,-0.7405844330787659,-0.11987190693616867,0.05341881886124611,-0.9482578039169312,-0.19256995618343353,0.061449084430933,-0.7359616756439209,-0.1471043825149536,0.05274946615099907,-0.6056309938430786,-0.08917057514190674
0,0.0,0.0,0.0,-0.27792343497276306,-0.04730433598160744,-0.08558262139558792,-0.4999138116836548,-0.3080965578556061,-0.12930184602737427,-0.4411059617996216,-0.6223507523536682,-0.18112346529960632,-0.24614834785461426,-0.7194586992263794,-0.2169734537601471,-0.4191783368587494,-0.6630398631095886,-0.016246186569333076,-0.43849802017211914,-0.8987321853637695,-0.16591933369636536,-0.3829490542411804,-0.6506249904632568,-0.24651862680912018,-0.3609619736671448,-0.5157147645950317,-0.2792251706123352,-0.25616028904914856,-0.7192155122756958,-0.03304503485560417,-0.27278104424476624,-0.9584463834762573,-0.18336503207683563,-0.2270462065935135,-0.650933563709259,-0.21070289611816406,-0.23160621523857117,-0.5300074219703674,-0.18953050673007965,-0.09652473032474518,-0.7474455833435059,-0.07733586430549622,-0.09499099105596542,-0.9454748630523682,-0.22500598430633545,-0.0677470788359642,-0.632025420665741,-0.1890837848186493,-0.07956261932849884,-0.4917983114719391,-0.11991576850414276,0.07527713477611542,-0.740086555480957,-0.1312113255262375,0.0587010458111763,-0.9476966261863708,-0.20488876104354858,0.06511940062046051,-0.7388026714324951,-0.1600763350725174,0.05667892098426819,-0.6051849126815796,-0.10316018015146255
0,0.0,0.0,0.0,-0.2740478217601776,-0.05282037332653999,-0.08384034037590027,-0.5035809278488159,-0.3148253560066223,-0.1255820244550705,-0.4508298635482788,-0.6284557580947876,-0.17601829767227173,-0.24810917675495148,-0.7219337224960327,-0.2094263881444931,-0.4174657464027405,-0.6682007312774658,-0.005646110512316227,-0.4399781823158264,-0.8976759314537048,-0.15158453583717346,-0.382315993309021,-0.6479023098945618,-0.22903242707252502,-0.3609602749347687,-0.5207880735397339,-0.261106014251709,-0.2561782896518707,-0.7283363342285156,-0.02330421283841133,-0.2745247781276703,-0.9615800380706787,-0.17351311445236206,-0.2238723337650299,-0.6487749814987183,-0.19970116019248962,-0.23078815639019012,-0.5281906127929688,-0.17710109055042267,-0.09652774035930634,-0.7573603987693787,-0.06888826936483383,-0.09682842344045639,-0.958123505115509,-0.2150794118642807,-0.06669996678829193,-0.6438393592834473,-0.17727522552013397,-0.08236468583345413,-0.5057843327522278,-0.1071183830499649,0.07424246519804001,-0.7480239272117615,-0.12419478595256805,0.060206759721040726,-0.9524403810501099,-0.19634513556957245,0.06459497660398483,-0.7397986054420471,-0.151383176445961,0.0480215847492218,-0.6078518629074097,-0.09496317058801651
0,0.0,0.0,0.0,-0.2724609971046448,-0.0598059743642807,-0.07903099060058594,-0.4964209794998169,-0.3085089325904846,-0.1221051886677742,-0.45433473587036133,-0.6210558414459229,-0.17465530335903168,-0.2559293210506439,-0.7263107895851135,-0.210836723446846,-0.4067936837673187,-0.6663239002227783,-0.0049341823905706406,-0.43554219603538513,-0.9001682996749878,-0.14916977286338806,-0.3810301125049591,-0.6549826860427856,-0.2255030870437622,-0.3538736402988434,-0.5223421454429626,-0.2554961144924164,-0.24586425721645355,-0.7260958552360535,-0.023777183145284653,-0.268493115901947,-0.9603328704833984,-0.16891524195671082,-0.2222052961587906,-0.6508191227912903,-0.19242030382156372,-0.22070233523845673,-0.5254419445991516,-0.16823089122772217,-0.08632991462945938,-0.7536500096321106,-0.06970752030611038,-0.08952510356903076,-0.9450485706329346,-0.21209107339382172,-0.06513860076665878,-0.6340391635894775,-0.17382948100566864,-0.07602053135633469,-0.49434176087379456,-0.10344326496124268,0.08489236980676651,-0.7422622442245483,-0.12473588436841965,0.06904404610395432,-0.9478909373283386,-0.19373929500579834,0.07009709626436234,-0.739437997341156,-0.1470126211643219,0.05591187998652458,-0.6068280339241028,-0.08911421149969101
0,0.0,0.0,0.0,-0.27323299646377563,-0.049790509045124054,-0.08400920778512955,-0.49450862407684326,-0.30101510882377625,-0.12728463113307953,-0.4395560324192047,-0.6110864281654358,-0.17855800688266754,-0.24504733085632324,-0.7175447344779968,-0.2143373042345047,-0.4078243374824524,-0.6562818884849548,-0.01986829563975334,-0.43545377254486084,-0.9002110958099365,-0.16536231338977814,-0.37326472997665405,-0.6626152396202087,-0.2436235398054123,-0.345074862241745,-0.5272861123085022,-0.2751713693141937,-0.24306422472000122,-0.7135631442070007,-0.036317747086286545,-0.2637932598590851,-0.9620484709739685,-0.1834389865398407,-0.21211116015911102,-0.6570829153060913,-0.20982937514781952,-0.2130853682756424,-0.5266317129135132,-0.18836261332035065,-0.08295843005180359,-0.7417634129524231,-0.07905677706003189,-0.08872939646244049,-0.9507562518119812,-0.22275987267494202,-0.057330552488565445,-0.6422987580299377,-0.18451537191867828,-0.0659862607717514,-0.4981505870819092,-0.11436900496482849,0.08709415048360825,-0.7315860390663147,-0.13117890059947968,0.06893029808998108,-0.9500423073768616,-0.20363546907901764,0.07362151145935059,-0.7441263794898987,-0.15749113261699677,0.06200380623340607,-0.6078576445579529,-0.099814772605896
0,0.0,0.0,0.0,-0.2683921158313751,-0.04148000851273537,-0.08804947882890701,-0.4967072308063507,-0.2911066710948944,-0.13055039942264557,-0.45389097929000854,-0.6107602119445801,-0.18115317821502686,-0.2580992877483368,-0.7214076519012451,-0.2139817476272583,-0.42186349630355835,-0.6474520564079285,-0.013968078419566154,-0.45270678400993347,-0.8916594386100769,-0.16731654107570648,-0.3851694166660309,-0.6369063258171082,-0.2426372915506363,-0.35754504799842834,-0.5146252512931824,-0.2701742649078369,-0.25703221559524536,-0.7057780623435974,-0.03024456277489662,-0.2819923460483551,-0.9510281085968018,-0.1877370923757553,-0.2271583080291748,-0.6281806230545044,-0.2110137790441513,-0.23461095988750458,-0.5202925205230713,-0.18353499472141266,-0.09514228254556656,-0.740353524684906,-0.07520453631877899,-0.10041216760873795,-0.935784101486206,-0.23189358413219452,-0.06675936281681061,-0.607860267162323,-0.19128632545471191,-0.0822993814945221,-0.4870462715625763,-0.1155480444431305,0.07723184674978256,-0.7398388981819153,-0.1295444369316101,0.056625790894031525,-0.943040668964386,-0.20651096105575562,0.0682954490184784,-0.7222434878349304,-0.15834270417690277,0.060646671801805496,-0.5977954864501953,-0.09738118946552277
0,0.0,0.0,0.0,-0.2668834924697876,-0.05504528805613518,-0.08028196543455124,-0.4940236508846283,-0.32057955861091614,-0.1185477152466774,-0.4445717930793762,-0.6340484023094177,-0.166415274143219,-0.2456626147031784,-0.7168843150138855,-0.19739609956741333,-0.4091429114341736,-0.6659217476844788,0.0006736169452778995,-0.4386935234069824,-0.8982751369476318,-0.14548970758914948,-0.37895020842552185,-0.6559063196182251,-0.22278337180614471,-0.3505380153656006,-0.5305290222167969,-0.2534371018409729,-0.24901120364665985,-0.7274507284164429,-0.017772892490029335,-0.27200719714164734,-0.9622951745986938,-0.1672457456588745,-0.2241370975971222,-0.6524139642715454,-0.1922329217195511,-0.22628219425678253,-0.5389376282691956,-0.1677098274230957,-0.09092263132333755,-0.7569937705993652,-0.06460496783256531,-0.09399246424436569,-0.9500500559806824,-0.20926925539970398,-0.06916041672229767,-0.6389097571372986,-0.17269982397556305,-0.08240044116973877,-0.5106734037399292,-0.10281619429588318,0.0781584233045578,-0.7498070597648621,-0.12104487419128418,0.0635322630405426,-0.9527381062507629,-0.18951672315597534,0.06446042656898499,-0.7447415590286255,-0.14436855912208557,0.050686147063970566,-0.6189015507698059,-0.08789811283349991
0,0.0,0.0,0.0,-0.2734992206096649,-0.049546487629413605,-0.0841003805398941,-0.5014224648475647,-0.29423031210899353,-0.127079576253891,-0.4603124260902405,-0.6087570190429688,-0.17896565794944763,-0.2628922760486603,-0.7203636765480042,-0.21400116384029388,-0.41961875557899475,-0.6548237204551697,-0.004400675650686026,-0.44541558623313904,-0.8953239321708679,-0.15346527099609375,-0.3847418427467346,-0.6588581204414368,-0.23332709074020386,-0.3587295413017273,-0.5302212834358215,-0.2640676498413086,-0.25671181082725525,-0.7120316028594971,-0.02109603025019169,-0.2738983929157257,-0.9506292939186096,-0.17230816185474396,-0.22415097057819366,-0.6477811932563782,-0.20081374049186707,-0.2315165251493454,-0.5266864895820618,-0.17848871648311615,-0.09843184053897858,-0.7439223527908325,-0.06583300232887268,-0.0992862656712532,-0.9422699809074402,-0.2147757112979889,-0.06752419471740723,-0.6339929103851318,-0.17900927364826202,-0.08009413629770279,-0.499156653881073,-0.10788170248270035,0.06961028277873993,-0.7395853400230408,-0.11994412541389465,0.05400601029396057,-0.9452424645423889,-0.19260013103485107,0.06361599266529083,-0.7352048754692078,-0.1462971270084381,0.053483013063669205,-0.6039896607398987,-0.08719609677791595
0,0.0,0.0,0.0,-0.2680393159389496,-0.03776203840970993,-0.08671901375055313,-0.5010396838188171,-0.30010461807250977,-0.12697698175907135,-0.451656699180603,-0.6251082420349121,-0.17567743360996246,-0.25132861733436584,-0.7231347560882568,-0.2075217366218567,-0.4255579710006714,-0.6542944312095642,-0.006530082318931818,-0.45535191893577576,-0.8903115391731262,-0.15728488564491272,-0.39139100909233093,-0.64551842212677,-0.2351284772157669,-0.3624988794326782,-0.5212412476539612,-0.2650614380836487,-0.26457178592681885,-0.7160871028900146,-0.022631043568253517,-0.28385549783706665,-0.9504454731941223,-0.1757998764514923,-0.23429057002067566,-0.6381266117095947,-0.20098182559013367,-0.244851753115654,-0.52729731798172,-0.17628255486488342,-0.10544658452272415,-0.7487766742706299,-0.06778522580862045,-0.10730583220720291,-0.940177857875824,-0.21894952654838562,-0.07658262550830841,-0.6220707297325134,-0.18162886798381805,-0.09383811801671982,-0.49594077467918396,-0.11013307422399521,0.0650806725025177,-0.7459461688995361,-0.12270346283912659,0.046342529356479645,-0.9454473257064819,-0.19663478434085846,0.05583464354276657,-0.7305702567100525,-0.15080681443214417,0.0461747981607914,-0.605719268321991,-0.09280350804328918
0,0.0,0.0,0.0,-0.277910053730011,-0.03775262460112572,-0.08700493723154068,-0.5100646615028381,-0.2897499203681946,-0.12940435111522675,-0.4672902226448059,-0.6102966666221619,-0.1801082342863083,-0.27158454060554504,-0.7138804793357849,-0.2131967693567276,-0.4305623173713684,-0.656029462814331,-0.003449448151513934,-0.4536583423614502,-0.8911757469177246,-0.15367284417152405,-0.39096251130104065,-0.641527533531189,-0.23389941453933716,-0.36615708470344543,-0.50921231508255,-0.2654278874397278,-0.26848000288009644,-0.7159285545349121,-0.01903250254690647,-0.2871619164943695,-0.947535514831543,-0.1720331460237503,-0.23294277489185333,-0.6358035802841187,-0.20003926753997803,-0.23923471570014954,-0.5177066326141357,-0.1772371381521225,-0.11157911270856857,-0.7483368515968323,-0.06356323510408401,-0.11150851100683212,-0.9401759505271912,-0.21339264512062073,-0.07789935916662216,-0.6277449131011963,-0.1778462678194046,-0.09235469251871109,-0.4965772032737732,-0.10739455372095108,0.056332554668188095,-0.7456303834915161,-0.11797254532575607,0.04198165610432625,-0.9454036951065063,-0.19066430628299713,0.05287304148077965,-0.7325225472450256,-0.14541363716125488,0.04169311746954918,-0.6044818162918091,-0.08758877962827682
0,0.0,0.0,0.0,-0.26496633887290955,-0.044663507491350174,-0.0820700153708458,-0.49338391423225403,-0.30097970366477966,-0.12246619164943695,-0.4508249759674072,-0.6200547218322754,-0.17128083109855652,-0.2550806701183319,-0.7198949456214905,-0.20292024314403534,-0.42064082622528076,-0.6609190106391907,-0.005601996090263128,-0.44305920600891113,-0.8964923024177551,-0.15172763168811798,-0.38680505752563477,-0.6463984847068787,-0.22878332436084747,-0.36191853880882263,-0.5184893608093262,-0.25959664583206177,-0.25824713706970215,-0.7215484976768494,-0.022696074098348618,-0.2786684036254883,-0.9558277726173401,-0.16928735375404358,-0.23382116854190826,-0.6424229741096497,-0.19222679734230042,-0.2369006723165512,-0.5295696258544922,-0.16774700582027435,-0.09895563870668411,-0.7511627078056335,-0.0677124634385109,-0.10296522825956345,-0.942859411239624,-0.20974038541316986,-0.07725096493959427,-0.6300440430641174,-0.1703389436006546,-0.08714251220226288,-0.5031888484954834,-0.09987758100032806,0.07210879772901535,-0.7453731298446655,-0.12244030088186264,0.05300872027873993,-0.9469008445739746,-0.18992920219898224,0.057491760700941086,-0.7393056154251099,-0.1429206281900406,0.050601258873939514,-0.6167489290237427,-0.08545615524053574
0,0.0,0.0,0.0,-0.27514246106147766,-0.05311097204685211,-0.08071859180927277,-0.4996570646762848,-0.3016112744808197,-0.12268229573965073,-0.4558153450489044,-0.6132403016090393,-0.1741773635149002,-0.2636416256427765,-0.7151381373405457,-0.2087971270084381,-0.4213009178638458,-0.6574978232383728,-0.003947537392377853,-0.44419094920158386,-0.8959321975708008,-0.1476188749074936,-0.38194039463996887,-0.6544051766395569,-0.2238864153623581,-0.35763511061668396,-0.5247084498405457,-0.25385621190071106,-0.26008427143096924,-0.7167923450469971,-0.02189580537378788,-0.2780840992927551,-0.9509736895561218,-0.16647106409072876,-0.22422893345355988,-0.6490182280540466,-0.19139939546585083,-0.22857995331287384,-0.5295434594154358,-0.1690615564584732,-0.10183728486299515,-0.7468754649162292,-0.06718619912862778,-0.10606154799461365,-0.9455599188804626,-0.20823600888252258,-0.07167167216539383,-0.6432108879089355,-0.17028291523456573,-0.08179309219121933,-0.5078713297843933,-0.10066952556371689,0.06642558425664902,-0.7403891682624817,-0.12189383804798126,0.04654787480831146,-0.9496101140975952,-0.18923136591911316,0.056363146752119064,-0.748005747795105,-0.14205878973007202,0.047638922929763794,-0.6182035803794861,-0.08407541364431381
0,0.0,0.0,0.0,-0.2748434245586395,-0.05036155506968498,-0.08307503908872604,-0.5019285678863525,-0.3015791177749634,-0.12567554414272308,-0.4559301733970642,-0.6151292324066162,-0.1771513819694519,-0.2636972665786743,-0.7098080515861511,-0.2119205892086029,-0.4262540638446808,-0.6591116189956665,-0.005655338056385517,-0.4452401399612427,-0.8954111933708191,-0.15185588598251343,-0.3833187222480774,-0.6549862623214722,-0.230768084526062,-0.3598106801509857,-0.5226627588272095,-0.26266181468963623,-0.2628796100616455,-0.7196095585823059,-0.02335323765873909,-0.2812175750732422,-0.954803466796875,-0.17053735256195068,-0.2266363799571991,-0.6511232852935791,-0.19730032980442047,-0.23123902082443237,-0.5296903848648071,-0.17588314414024353,-0.10279480367898941,-0.7493894100189209,-0.06881297379732132,-0.10594022274017334,-0.9465682506561279,-0.2125050127506256,-0.07225596904754639,-0.6428236365318298,-0.17640189826488495,-0.0853302925825119,-0.5083031058311462,-0.107796311378479,0.06714338064193726,-0.7416765689849854,-0.12378669530153275,0.050122786313295364,-0.9501919150352478,-0.19333425164222717,0.05827480927109718,-0.7463856935501099,-0.14745917916297913,0.045898761600255966,-0.6161292195320129,-0.09042508155107498
0,0.0,0.0,0.0,-0.2768497169017792,-0.038865696638822556,-0.0836007371544838,-0.5100187659263611,-0.29694029688835144,-0.1244584247469902,-0.4638429284095764,-0.6179753541946411,-0.17404602468013763,-0.26836737990379333,-0.718208372592926,-0.20757927000522614,-0.43083715438842773,-0.6509056091308594,-0.0070420210249722,-0.45576706528663635,-0.8900991082191467,-0.1516418159008026,-0.3911716639995575,-0.6488039493560791,-0.230050191283226,-0.36597636342048645,-0.5162420868873596,-0.26203280687332153,-0.2680310606956482,-0.7134683132171631,-0.023847248405218124,-0.2870847284793854,-0.952079176902771,-0.1696178913116455,-0.2329680174589157,-0.6484140157699585,-0.19655324518680573,-0.23962239921092987,-0.5235200524330139,-0.1756468564271927,-0.10875152051448822,-0.7445489168167114,-0.0681658536195755,-0.1126340925693512,-0.946693480014801,-0.21075081825256348,-0.0770639032125473,-0.639360249042511,-0.17448468506336212,-0.09008655697107315,-0.5002636313438416,-0.1062585636973381,0.06098480895161629,-0.7379059791564941,-0.12213268131017685,0.043537601828575134,-0.9475244879722595,-0.19265598058700562,0.05468330532312393,-0.7402455806732178,-0.1475018858909607,0.04427502676844597,-0.6068450212478638,-0.09115483611822128
0,0.0,0.0,0.0,-0.2673552334308624,-0.04694300889968872,-0.0861818715929985,-0.4977239668369293,-0.3119143545627594,-0.12644894421100616,-0.4509577751159668,-0.6296027898788452,-0.1747201532125473,-0.2540813088417053,-0.7153640389442444,-0.2056281566619873,-0.42397329211235046,-0.6667993664741516,-0.002219786634668708,-0.4445209801197052,-0.895768404006958,-0.1456141620874405,-0.38855433464050293,-0.6502846479415894,-0.22142310440540314,-0.36674973368644714,-0.5223458409309387,-0.2518717646598816,-0.2631566524505615,-0.7265978455543518,-0.017594775184988976,-0.2793770134449005,-0.952804446220398,-0.16160279512405396,-0.23134376108646393,-0.6486733555793762,-0.1850319355726242,-0.23587939143180847,-0.5374733805656433,-0.16198551654815674,-0.1042267307639122,-0.7537847757339478,-0.06182476878166199,-0.10421374440193176,-0.9478726387023926,-0.20390599966049194,-0.0756162628531456,-0.6444464921951294,-0.16760745644569397,-0.08788366615772247,-0.5155501365661621,-0.09964483976364136,0.06476002186536789,-0.746212363243103,-0.11617220938205719,0.04729375243186951,-0.9511405825614929,-0.18528947234153748,0.05464567989110947,-0.7475423216819763,-0.14096824824810028,0.04659779742360115,-0.6213575005531311,-0.08550193905830383
0,0.0,0.0,0.0,-0.2698953151702881,-0.0593523308634758,-0.07474450021982193,-0.4934309422969818,-0.3153667151927948,-0.11331918090581894,-0.4531010389328003,-0.6276458501815796,-0.16223649680614471,-0.26654115319252014,-0.7173210382461548,-0.19518549740314484,-0.4216882884502411,-0.6606144309043884,0.005564297083765268,-0.4478074908256531,-0.8941300511360168,-0.13438047468662262,-0.38720062375068665,-0.6610884070396423,-0.21093226969242096,-0.36338576674461365,-0.5316323637962341,-0.24188874661922455,-0.26279565691947937,-0.7212883830070496,-0.014014681801199913,-0.28255313634872437,-0.9509416818618774,-0.15326575934886932,-0.23201799392700195,-0.6597146987915039,-0.17999127507209778,-0.2383543848991394,-0.5442665815353394,-0.16053810715675354,-0.10569104552268982,-0.7512951493263245,-0.06022050231695175,-0.10930183529853821,-0.9438667297363281,-0.19671808183193207,-0.07857632637023926,-0.6480394005775452,-0.16197022795677185,-0.09249661862850189,-0.5178577303886414,-0.0963093489408493,0.060485921800136566,-0.7440744042396545,-0.11537449061870575,0.041796620935201645,-0.9455240368843079,-0.17986392974853516,0.049824461340904236,-0.7454050779342651,-0.13391195237636566,0.03861285746097565,-0.6186400055885315,-0.07806165516376495
0,0.0,0.0,0.0,-0.27488943934440613,-0.06768687814474106,-0.0762273445725441,-0.497718870639801,-0.32233041524887085,-0.1169137954711914,-0.45563745498657227,-0.6283635497093201,-0.16756261885166168,-0.26726818084716797,-0.7271177768707275,-0.20288518071174622,-0.41845259070396423,-0.6691768765449524,0.0005481980624608696,-0.44236624240875244,-0.8968344330787659,-0.1362215131521225,-0.3830157518386841,-0.6634997129440308,-0.21328799426555634,-0.3559533655643463,-0.5312949419021606,-0.24616678059101105,-0.25805822014808655,-0.7305733561515808,-0.01844043843448162,-0.27519118785858154,-0.9564059972763062,-0.15539667010307312,-0.22450843453407288,-0.6606248021125793,-0.18263164162635803,-0.2252034693956375,-0.5351892113685608,-0.1647934764623642,-0.09927214682102203,-0.7587494254112244,-0.06350763887166977,-0.09993885457515717,-0.9553523063659668,-0.19712160527706146,-0.07214993238449097,-0.6593589782714844,-0.1627778261899948,-0.08275237679481506,-0.5172979235649109,-0.09846644848585129,0.06808307766914368,-0.7476482391357422,-0.11772257089614868,0.05375523865222931,-0.9547005295753479,-0.18231318891048431,0.057487405836582184,-0.7565739750862122,-0.13734766840934753,0.0450483001768589,-0.6229409575462341,-0.08244958519935608
0,0.0,0.0,0.0,-0.2770760953426361,-0.057418856769800186,-0.08093168586492538,-0.5030142664909363,-0.316719651222229,-0.12074563652276993,-0.45497816801071167,-0.6304305195808411,-0.16960978507995605,-0.25951603055000305,-0.715269923210144,-0.20171155035495758,-0.42130157351493835,-0.6600756049156189,-0.0014036311767995358,-0.4433211386203766,-0.896362841129303,-0.14067701995372772,-0.3885919153690338,-0.652933657169342,-0.21502617001533508,-0.3676951229572296,-0.5243018269538879,-0.24528279900550842,-0.2607472538948059,-0.7198154330253601,-0.017935987561941147,-0.2759990096092224,-0.9520604610443115,-0.15845723450183868,-0.22912120819091797,-0.6494148969650269,-0.18218126893043518,-0.23452937602996826,-0.5300007462501526,-0.16045166552066803,-0.10283051431179047,-0.7487507462501526,-0.061702873557806015,-0.10298420488834381,-0.9484384655952454,-0.20017831027507782,-0.07479823380708694,-0.6446215510368347,-0.16325826942920685,-0.08535702526569366,-0.5056403875350952,-0.09540215134620667,0.06561196595430374,-0.7409202456474304,-0.11506135016679764,0.04795803502202034,-0.9517363905906677,-0.18210382759571075,0.054225366562604904,-0.7498447299003601,-0.13698886334896088,0.04656337574124336,-0.6166821122169495,-0.08129411935806274
0,0.0,0.0,0.0,-0.27443739771842957,-0.058540452271699905,-0.079277902841568,-0.5029783248901367,-0.3136625587940216,-0.11786246299743652,-0.4604076147079468,-0.6248746514320374,-0.16608759760856628,-0.26443102955818176,-0.7218859791755676,-0.19796007871627808,-0.41558313369750977,-0.6688541173934937,0.0032009391579777002,-0.44359028339385986,-0.8962296843528748,-0.14121179282665253,-0.38544008135795593,-0.6595649123191833,-0.21892987191677094,-0.3588963747024536,-0.5333943963050842,-0.24991652369499207,-0.2537299394607544,-0.7282796502113342,-0.015204784460365772,-0.2752813398838043,-0.9552171230316162,-0.16131648421287537,-0.22597533464431763,-0.6530832052230835,-0.18833816051483154,-0.22727516293525696,-0.5402387976646423,-0.16667121648788452,-0.09455744922161102,-0.7569290995597839,-0.06138056889176369,-0.09577570110559464,-0.9457399845123291,-0.20602136850357056,-0.06915827095508575,-0.6385716795921326,-0.17134779691696167,-0.08159157633781433,-0.5114873051643372,-0.10286419838666916,0.07442933320999146,-0.7476706504821777,-0.11670627444982529,0.06084711104631424,-0.9501466751098633,-0.18650567531585693,0.0655069649219513,-0.7429122924804688,-0.14104537665843964,0.054698314517736435,-0.6171963810920715,-0.08375411480665207
0,0.0,0.0,0.0,-0.2712871730327606,-0.04801438748836517,-0.08309032768011093,-0.49543026089668274,-0.305883526802063,-0.12530124187469482,-0.4424768388271332,-0.6198991537094116,-0.17581985890865326,-0.24850594997406006,-0.7189760208129883,-0.21026839315891266,-0.41847550868988037,-0.657725989818573,-0.012095107696950436,-0.4476953148841858,-0.8941861987113953,-0.1565188765525818,-0.3849485218524933,-0.6579473614692688,-0.23488792777061462,-0.3551705479621887,-0.530667245388031,-0.2670089304447174,-0.25551271438598633,-0.718248724937439,-0.028657788410782814,-0.27455154061317444,-0.9544094800949097,-0.17404364049434662,-0.22681878507137299,-0.6547861099243164,-0.2002333700656891,-0.2301664501428604,-0.5338232517242432,-0.17913703620433807,-0.09585510194301605,-0.7470304369926453,-0.07219725847244263,-0.09822643548250198,-0.9463274478912354,-0.21371008455753326,-0.07168180495500565,-0.6408836841583252,-0.1773063838481903,-0.08328932523727417,-0.5022650957107544,-0.10926942527294159,0.07551360875368118,-0.7392364144325256,-0.12533560395240784,0.05667556822299957,-0.9466398358345032,-0.19529592990875244,0.06002567708492279,-0.7431291937828064,-0.1505746990442276,0.0490385927259922,-0.6117969751358032,-0.09461076557636261
0,0.0,0.0,0.0,-0.2723938226699829,-0.05148211866617203,-0.08493616431951523,-0.4998232424259186,-0.3039136230945587,-0.1279124766588211,-0.4577518403530121,-0.6174364686012268,-0.1790955513715744,-0.26705506443977356,-0.7269961833953857,-0.2133856862783432,-0.4187870919704437,-0.6628986597061157,-0.010463172569870949,-0.4400103688240051,-0.897992730140686,-0.1548425257205963,-0.3769585192203522,-0.6538123488426208,-0.23184660077095032,-0.35051801800727844,-0.5262448191642761,-0.26303765177726746,-0.2556191384792328,-0.7231810688972473,-0.026869339868426323,-0.26949095726013184,-0.9602481722831726,-0.1741926223039627,-0.21819543838500977,-0.6508801579475403,-0.20049245655536652,-0.2220437377691269,-0.5294577479362488,-0.17867997288703918,-0.09614752233028412,-0.7528039216995239,-0.07057508826255798,-0.09237654507160187,-0.952961266040802,-0.21505826711654663,-0.06358188390731812,-0.6451640129089355,-0.17925463616847992,-0.07781165838241577,-0.5110993385314941,-0.11081644147634506,0.07158906012773514,-0.7439568638801575,-0.12376850098371506,0.06149483844637871,-0.9498810768127441,-0.19503870606422424,0.0670044794678688,-0.7420987486839294,-0.15001791715621948,0.05204653739929199,-0.6113554835319519,-0.09330997616052628
1,0.0,0.0,0.0,-0.2652464807033539,-0.1372917741537094,-0.06591717153787613,-0.45803385972976685,-0.3939698338508606,-0.10222024470567703,-0.39543911814689636,-0.6770676970481873,-0.15253213047981262,-0.21496213972568512,-0.7610812783241272,-0.18804429471492767,-0.3852127194404602,-0.7090616226196289,0.03171376883983612,-0.38689661026000977,-0.9221230745315552,-0.10440817475318909,-0.36266762018203735,-0.702589750289917,-0.18411782383918762,-0.3646996319293976,-0.5813401937484741,-0.21664169430732727,-0.22912847995758057,-0.7477820515632629,0.009859592653810978,-0.23375755548477173,-0.9641454219818115,-0.1270323097705841,-0.20620809495449066,-0.6800423264503479,-0.15870103240013123,-0.21708017587661743,-0.5727797150611877,-0.14023743569850922,-0.07104863971471786,-0.7622950673103333,-0.03902167081832886,-0.07371307164430618,-0.9616749882698059,-0.1676902025938034,-0.057142507284879684,-0.6811098456382751,-0.13312692940235138,-0.06860777735710144,-0.5575696229934692,-0.06586768478155136,0.0951528251171112,-0.7376198768615723,-0.09688890725374222,0.08022194355726242,-0.9488281011581421,-0.1544705331325531,0.08146648108959198,-0.7587656378746033,-0.10574782639741898,0.07789240032434464,-0.6362344622612,-0.04500666633248329
1,0.0,0.0,0.0,-0.25775256752967834,-0.08771973848342896,-0.06340208649635315,-0.46092915534973145,-0.34966573119163513,-0.1036614254117012,-0.40757277607917786,-0.6457971334457397,-0.15578174591064453,-0.21651814877986908,-0.7247418165206909,-0.19503222405910492,-0.36599043011665344,-0.6702080368995667,-0.014224170707166195,-0.38460773229599,-0.9230800867080688,-0.1535416543483734,-0.34575411677360535,-0.6797757148742676,-0.23002663254737854,-0.33359965682029724,-0.5353994965553284,-0.26036757230758667,-0.2037537544965744,-0.707516074180603,-0.03590703383088112,-0.22111164033412933,-0.9516296982765198,-0.16711126267910004,-0.18743936717510223,-0.6558480858802795,-0.1877787560224533,-0.18935289978981018,-0.5258108377456665,-0.16795258224010468,-0.044026244431734085,-0.7217178344726562,-0.08065959066152573,-0.055557891726493835,-0.9483468532562256,-0.20538055896759033,-0.04096148908138275,-0.6453155279159546,-0.1604236364364624,-0.048710960894823074,-0.48839110136032104,-0.09170360118150711,0.12176696956157684,-0.6991143226623535,-0.13332390785217285,0.10155710577964783,-0.9242633581161499,-0.19294202327728271,0.09529731422662735,-0.7239790558815002,-0.1432323008775711,0.08840088546276093,-0.5822100043296814,-0.08614679425954819
1,0.0,0.0,0.0,-0.27897611260414124,-0.08078616857528687,-0.07928723096847534,-0.4803175628185272,-0.3419889807701111,-0.1250721514225006,-0.4258956015110016,-0.6423115730285645,-0.179750457406044,-0.23510591685771942,-0.7371814846992493,-0.22015246748924255,-0.37902334332466125,-0.6831143498420715,-0.01814064010977745,-0.3905622065067291,-0.9205765128135681,-0.15891268849372864,-0.35800549387931824,-0.680473804473877,-0.23539672791957855,-0.34716781973838806,-0.5338842868804932,-0.26445651054382324,-0.21219126880168915,-0.7263691425323486,-0.033843040466308594,-0.21919888257980347,-0.9609529972076416,-0.1684827357530594,-0.19314070045948029,-0.65742427110672,-0.18993526697158813,-0.19734010100364685,-0.5198725461959839,-0.16835325956344604,-0.04902768135070801,-0.7391544580459595,-0.07464714348316193,-0.046844955533742905,-0.9498472213745117,-0.2109661102294922,-0.03881002590060234,-0.6401966214179993,-0.17106667160987854,-0.04823639988899231,-0.4759368300437927,-0.1007663682103157,0.12106532603502274,-0.7109444737434387,-0.12382989376783371,0.10464722663164139,-0.9369165301322937,-0.19209688901901245,0.09969079494476318,-0.7326730489730835,-0.14315220713615417,0.09418707340955734,-0.5819195508956909,-0.08286022394895554
1,0.0,0.0,0.0,-0.266742080450058,-0.07097845524549484,-0.07901355624198914,-0.4775662422180176,-0.3380027711391449,-0.12429843097925186,-0.4314642548561096,-0.6442344784736633,-0.17734086513519287,-0.22945965826511383,-0.7279443144798279,-0.21598292887210846,-0.37096408009529114,-0.6860491037368774,-0.022618310526013374,-0.3884507119655609,-0.921469509601593,-0.16403864324092865,-0.35353901982307434,-0.674309492111206,-0.23975767195224762,-0.332594633102417,-0.5236147046089172,-0.2678438127040863,-0.20323069393634796,-0.7342802882194519,-0.03672080859541893,-0.21211954951286316,-0.9565921425819397,-0.1713504046201706,-0.18332439661026,-0.6340738534927368,-0.18662120401859283,-0.1778140664100647,-0.49314260482788086,-0.15926779806613922,-0.03928211331367493,-0.7471644282341003,-0.0761365294456482,-0.0390201061964035,-0.9527580738067627,-0.20973600447177887,-0.032599084079265594,-0.6326153874397278,-0.16526512801647186,-0.03712223470211029,-0.46702077984809875,-0.09199023991823196,0.13127698004245758,-0.7187291383743286,-0.12402565032243729,0.11566933244466782,-0.9368409514427185,-0.18920177221298218,0.10390187799930573,-0.7288185358047485,-0.13915985822677612,0.0971885547041893,-0.5835860371589661,-0.07846435904502869
1,0.0,0.0,0.0,-0.2703152894973755,-0.06135149300098419,-0.08144856244325638,-0.48721903562545776,-0.3283141851425171,-0.12398833781480789,-0.43519899249076843,-0.6385406851768494,-0.17414039373397827,-0.23103906214237213,-0.7348877191543579,-0.20854249596595764,-0.3780742883682251,-0.6867603659629822,-0.01792389526963234,-0.3962426781654358,-0.9181458353996277,-0.16357605159282684,-0.3591395914554596,-0.6651186347007751,-0.24165411293506622,-0.34210923314094543,-0.5245378613471985,-0.2720416784286499,-0.208723247051239,-0.7336306571960449,-0.03280634060502052,-0.22004903852939606,-0.9616109728813171,-0.1720181405544281,-0.18785570561885834,-0.6371387839317322,-0.1892671436071396,-0.18889901041984558,-0.5095863342285156,-0.16303710639476776,-0.044409919530153275,-0.7443456053733826,-0.07438306510448456,-0.045518193393945694,-0.96303391456604,-0.2127816528081894,-0.03512856736779213,-0.6387848258018494,-0.1656111776828766,-0.046509914100170135,-0.4844389259815216,-0.09028144925832748,0.1293008178472519,-0.7138234972953796,-0.12514550983905792,0.1165269985795021,-0.9387032985687256,-0.19561555981636047,0.10606396198272705,-0.7275043725967407,-0.14642739295959473,0.09018230438232422,-0.5868330001831055,-0.08621183782815933
1,0.0,0.0,0.0,-0.26929664611816406,-0.0613994374871254,-0.08314961940050125,-0.48109087347984314,-0.3184976279735565,-0.13061261177062988,-0.4309857487678528,-0.6202936768531799,-0.18540532886981964,-0.2332390695810318,-0.7300199866294861,-0.2259976863861084,-0.3759627342224121,-0.6840161085128784,-0.028793785721063614,-0.384513258934021,-0.9231194257736206,-0.17805270850658417,-0.35130205750465393,-0.6800037622451782,-0.2589297890663147,-0.3374899625778198,-0.5217756628990173,-0.2887965738773346,-0.2030263990163803,-0.7285311818122864,-0.04395938292145729,-0.20846550166606903,-0.9598333239555359,-0.1853523999452591,-0.18229472637176514,-0.6382873058319092,-0.20509977638721466,-0.18768110871315002,-0.4921617805957794,-0.17986130714416504,-0.03503534197807312,-0.7379478812217712,-0.08519281446933746,-0.03569502755999565,-0.9552340507507324,-0.22527986764907837,-0.02723376825451851,-0.6358917355537415,-0.18042561411857605,-0.04005445912480354,-0.4732200503349304,-0.10619034618139267,0.14035819470882416,-0.7052637338638306,-0.13510644435882568,0.12235477566719055,-0.9362115263938904,-0.2074246108531952,0.1182713508605957,-0.7267940044403076,-0.1567746102809906,0.109918512403965,-0.5830872058868408,-0.09451132267713547
1,0.0,0.0,0.0,-0.27352505922317505,-0.07247608155012131,-0.08356687426567078,-0.48859283328056335,-0.33025532960891724,-0.1275968849658966,-0.43064218759536743,-0.6392102241516113,-0.1803048551082611,-0.22837714850902557,-0.759681761264801,-0.21737262606620789,-0.38175293803215027,-0.6832212805747986,-0.012896728701889515,-0.40068942308425903,-0.915571391582489,-0.1646496057510376,-0.35871514678001404,-0.6592933535575867,-0.2447064220905304,-0.33494770526885986,-0.5206290483474731,-0.2748521864414215,-0.2102486491203308,-0.7317109704017639,-0.030657297000288963,-0.22534097731113434,-0.9742799401283264,-0.18151327967643738,-0.1966553032398224,-0.6454229950904846,-0.20434688031673431,-0.19723162055015564,-0.5122290849685669,-0.17676469683647156,-0.0411120243370533,-0.7448199391365051,-0.07622922956943512,-0.0472363717854023,-0.9523174166679382,-0.22635972499847412,-0.0349012054502964,-0.624492347240448,-0.1826007068157196,-0.04231072962284088,-0.4764968752861023,-0.10473819077014923,0.13961373269557953,-0.7153997421264648,-0.13064460456371307,0.1168011724948883,-0.9348660111427307,-0.2068844884634018,0.11065724492073059,-0.7146729230880737,-0.15576420724391937,0.10203192383050919,-0.5734919309616089,-0.09145103394985199
1,0.0,0.0,0.0,-0.2638639211654663,-0.08150467276573181,-0.07096261531114578,-0.47348326444625854,-0.34743472933769226,-0.10927905142307281,-0.41856566071510315,-0.6452149748802185,-0.15751366317272186,-0.21202363073825836,-0.7335925102233887,-0.1930980682373047,-0.3628062903881073,-0.6920452117919922,-0.015425588004291058,-0.37396499514579773,-0.9274427890777588,-0.1594894826412201,-0.3433099389076233,-0.6844914555549622,-0.23738117516040802,-0.3297078609466553,-0.5318384766578674,-0.266076922416687,-0.1914098858833313,-0.7372645735740662,-0.03428574278950691,-0.19562897086143494,-0.9644359350204468,-0.1713915318250656,-0.16944608092308044,-0.6455605030059814,-0.1892630010843277,-0.16963788866996765,-0.5045436024665833,-0.1624317169189453,-0.023241065442562103,-0.7463156580924988,-0.07822471112012863,-0.02005012147128582,-0.955721378326416,-0.21585504710674286,-0.014939841814339161,-0.6367519497871399,-0.17264766991138458,-0.0273775365203619,-0.4767861068248749,-0.09884163737297058,0.15240737795829773,-0.7115946412086487,-0.129597470164299,0.13886530697345734,-0.9406232833862305,-0.19910928606987,0.12931092083454132,-0.7325332164764404,-0.14876392483711243,0.11733037233352661,-0.5900743007659912,-0.08666418492794037
1,0.0,0.0,0.0,-0.2683515250682831,-0.07031713426113129,-0.07788535207509995,-0.482366144657135,-0.33403608202934265,-0.12216474115848541,-0.42368996143341064,-0.6346601843833923,-0.17424334585666656,-0.209425687789917,-0.7292634844779968,-0.21172213554382324,-0.3707452118396759,-0.6806164979934692,-0.033331796526908875,-0.37940946221351624,-0.9252288341522217,-0.17799657583236694,-0.3515733778476715,-0.6649436950683594,-0.25652533769607544,-0.34172046184539795,-0.5156140327453613,-0.2876316010951996,-0.19865460693836212,-0.7239683866500854,-0.04925689846277237,-0.20444828271865845,-0.971443235874176,-0.18747389316558838,-0.18295305967330933,-0.6483210325241089,-0.20525753498077393,-0.18421345949172974,-0.5029085874557495,-0.1797948181629181,-0.03305266425013542,-0.7340965867042542,-0.08941841870546341,-0.03118213266134262,-0.9598918557167053,-0.22597934305667877,-0.02863728255033493,-0.6383380889892578,-0.18138781189918518,-0.03927027806639671,-0.4641316533088684,-0.10769572854042053,0.13972464203834534,-0.7031742334365845,-0.13796758651733398,0.1313314288854599,-0.9404335618019104,-0.2113010585308075,0.11701667308807373,-0.7361629009246826,-0.1649659126996994,0.10324813425540924,-0.5806025862693787,-0.10568234324455261
1,0.0,0.0,0.0,-0.2644979655742645,-0.05962160974740982,-0.08095938712358475,-0.4746393859386444,-0.32765090465545654,-0.12122203409671783,-0.419376403093338,-0.6368783116340637,-0.16981585323810577,-0.21402230858802795,-0.7295671105384827,-0.20340612530708313,-0.3628215789794922,-0.6794447302818298,-0.014422141946852207,-0.37422680854797363,-0.9273372888565063,-0.16172875463962555,-0.33717185258865356,-0.6808740496635437,-0.24074918031692505,-0.3276108503341675,-0.5288175940513611,-0.2693701386451721,-0.19297973811626434,-0.7288967967033386,-0.028364764526486397,-0.20187953114509583,-0.9735661149024963,-0.16907253861427307,-0.17225070297718048,-0.6476789712905884,-0.18761993944644928,-0.17937152087688446,-0.5054020881652832,-0.15946605801582336,-0.028235478326678276,-0.7420310974121094,-0.06921321898698807,-0.02926606498658657,-0.9627645015716553,-0.2123889923095703,-0.021594969555735588,-0.6350964307785034,-0.17071373760700226,-0.03865700587630272,-0.4670972526073456,-0.09523304551839828,0.14545828104019165,-0.7132095098495483,-0.11844320595264435,0.1317245066165924,-0.9463672637939453,-0.19443683326244354,0.1235787495970726,-0.7367825508117676,-0.1484646201133728,0.10848154127597809,-0.585636556148529,-0.0874607264995575
1,0.0,0.0,0.0,-0.26148390769958496,-0.08680834621191025,-0.07361213117837906,-0.46999701857566833,-0.3469521999359131,-0.11573752015829086,-0.4163076877593994,-0.6450059413909912,-0.16893179714679718,-0.22937610745429993,-0.770309329032898,-0.20838510990142822,-0.3643244802951813,-0.6952440142631531,-0.014806635677814484,-0.3729941248893738,-0.9254839420318604,-0.16243256628513336,-0.34902432560920715,-0.6662432551383972,-0.24176757037639618,-0.33515337109565735,-0.5118762254714966,-0.2719934284687042,-0.19198410212993622,-0.7297995686531067,-0.03584461286664009,-0.20186825096607208,-0.9794127345085144,-0.18134716153144836,-0.18325430154800415,-0.660603940486908,-0.20817957818508148,-0.1842876672744751,-0.5141007304191589,-0.1864619255065918,-0.020201966166496277,-0.737673282623291,-0.08173180371522903,-0.02480693720281124,-0.9605055451393127,-0.22526128590106964,-0.018678637221455574,-0.640483021736145,-0.18442904949188232,-0.025127990171313286,-0.47694316506385803,-0.11163383722305298,0.16115619242191315,-0.7065881490707397,-0.13531014323234558,0.13788600265979767,-0.9381846189498901,-0.2106805443763733,0.12963372468948364,-0.7215427160263062,-0.1616417020559311,0.1278664916753769,-0.5706946849822998,-0.09980838745832443
1,0.0,0.0,0.0,-0.2734754681587219,-0.08933595567941666,-0.07337550073862076,-0.49227383732795715,-0.34082144498825073,-0.11534342169761658,-0.43867120146751404,-0.6423690915107727,-0.16968441009521484,-0.22880449891090393,-0.7512586712837219,-0.20909477770328522,-0.3846116364002228,-0.6752896904945374,-0.005173789337277412,-0.39930498600006104,-0.9168182015419006,-0.14709755778312683,-0.3698754608631134,-0.6511180996894836,-0.2233709990978241,-0.3520791530609131,-0.5073902606964111,-0.254360169172287,-0.21081867814064026,-0.7207372784614563,-0.026171095669269562,-0.22153179347515106,-0.9703174829483032,-0.16746027767658234,-0.19981399178504944,-0.6583940386772156,-0.1947317123413086,-0.20327578485012054,-0.5252844095230103,-0.17559809982776642,-0.04115711897611618,-0.7402697801589966,-0.0726885199546814,-0.042554840445518494,-0.9603985548019409,-0.2086859494447708,-0.03519521653652191,-0.6494017243385315,-0.17003026604652405,-0.04726146161556244,-0.4974093735218048,-0.10166655480861664,0.13820305466651917,-0.7201682925224304,-0.1280433088541031,0.1194731816649437,-0.944451093673706,-0.19461935758590698,0.11221490800380707,-0.7399802803993225,-0.14768332242965698,0.10601992905139923,-0.598077118396759,-0.09057845920324326
1,0.0,0.0,0.0,-0.2620095908641815,-0.0720793828368187,-0.07997734844684601,-0.4797046482563019,-0.3230385184288025,-0.12155920267105103,-0.43042275309562683,-0.6296675801277161,-0.17246825993061066,-0.2245405912399292,-0.7417077422142029,-0.20687440037727356,-0.3758065104484558,-0.6780350208282471,-0.012535663321614265,-0.3903196454048157,-0.9167494177818298,-0.1606636792421341,-0.35454875230789185,-0.6525033116340637,-0.23789140582084656,-0.33613821864128113,-0.5083524584770203,-0.2673237919807434,-0.20461030304431915,-0.7235278487205505,-0.030102472752332687,-0.2210167795419693,-0.9752699732780457,-0.17807471752166748,-0.19408614933490753,-0.6476650238037109,-0.20132535696029663,-0.1929127722978592,-0.5106257796287537,-0.17540676891803741,-0.03670250251889229,-0.7381232976913452,-0.07445451617240906,-0.039358895272016525,-0.95394366979599,-0.2201720029115677,-0.030379485338926315,-0.6245707273483276,-0.17963434755802155,-0.040137145668268204,-0.4667702913284302,-0.10519257187843323,0.13965043425559998,-0.711632251739502,-0.12755228579044342,0.1287267506122589,-0.9282426238059998,-0.20342135429382324,0.11731165647506714,-0.7124361395835876,-0.1583256721496582,0.10280487686395645,-0.5690128803253174,-0.09892833977937698
1,0.0,0.0,0.0,-0.25547948479652405,-0.06563123315572739,-0.08143606036901474,-0.4775777757167816,-0.32011526823043823,-0.12312721461057663,-0.43090030550956726,-0.6339115500450134,-0.17356926202774048,-0.22096757590770721,-0.7366824746131897,-0.20778022706508636,-0.3722071051597595,-0.6897739768028259,-0.011180564761161804,-0.3898738920688629,-0.9165424108505249,-0.1584721803665161,-0.35516318678855896,-0.6473701000213623,-0.2334693819284439,-0.3341706395149231,-0.5114565491676331,-0.2623301148414612,-0.2026042491197586,-0.7347845435142517,-0.0278771985322237,-0.2198117971420288,-0.9755423665046692,-0.17709489166736603,-0.19405315816402435,-0.6407275795936584,-0.19626833498477936,-0.18983352184295654,-0.5086496472358704,-0.16687734425067902,-0.03559177368879318,-0.7488246560096741,-0.07194533199071884,-0.04081042855978012,-0.9525707960128784,-0.2223910689353943,-0.03517211973667145,-0.6148366332054138,-0.17997139692306519,-0.043738674372434616,-0.46175485849380493,-0.10311123728752136,0.14296291768550873,-0.7221945524215698,-0.12451514601707458,0.12172465771436691,-0.930592954158783,-0.20305071771144867,0.10726991295814514,-0.704541027545929,-0.15739578008651733,0.09346430748701096,-0.5621999502182007,-0.09742192178964615
1,0.0,0.0,0.0,-0.25966984033584595,-0.07570858299732208,-0.07290852069854736,-0.48646852374076843,-0.33705246448516846,-0.1100342646241188,-0.43726879358291626,-0.6439536809921265,-0.1584404557943344,-0.2303021252155304,-0.7433229088783264,-0.19215326011180878,-0.3857685327529907,-0.6711857914924622,-0.0016786536434665322,-0.4091240465641022,-0.9124787449836731,-0.1455189287662506,-0.37349534034729004,-0.6534370183944702,-0.22154965996742249,-0.3515780568122864,-0.5153694748878479,-0.25100457668304443,-0.21866130828857422,-0.7133210301399231,-0.020798128098249435,-0.23860755562782288,-0.9633381366729736,-0.166264608502388,-0.21039257943630219,-0.6485769152641296,-0.19059045612812042,-0.20812846720218658,-0.5146898627281189,-0.1660453826189041,-0.053103137761354446,-0.7325577735900879,-0.066336989402771,-0.06315576285123825,-0.9494444131851196,-0.20793244242668152,-0.04843521490693092,-0.6306340098381042,-0.16828012466430664,-0.052402984350919724,-0.4744366407394409,-0.09574277698993683,0.12311925739049911,-0.7160248756408691,-0.12036067992448807,0.09787295013666153,-0.9325295686721802,-0.1920396387577057,0.09192411601543427,-0.7149151563644409,-0.14686442911624908,0.08793261647224426,-0.5689857006072998,-0.08902867138385773
1,0.0,0.0,0.0,-0.26774048805236816,-0.09198583662509918,-0.07521618157625198,-0.49047842621803284,-0.33017003536224365,-0.12058249861001968,-0.44925829768180847,-0.6358118653297424,-0.17723588645458221,-0.24180686473846436,-0.7503235340118408,-0.21816401183605194,-0.39686548709869385,-0.65857994556427,-0.011165058240294456,-0.42332974076271057,-0.9059756994247437,-0.1589057743549347,-0.3855322301387787,-0.6406244039535522,-0.2374269813299179,-0.36279815435409546,-0.5055891275405884,-0.2699025571346283,-0.22743239998817444,-0.7128914594650269,-0.03284526616334915,-0.25036460161209106,-0.9675232172012329,-0.18033909797668457,-0.21781612932682037,-0.6543009877204895,-0.20567595958709717,-0.21309295296669006,-0.5292957425117493,-0.18377923965454102,-0.06006671115756035,-0.7432429194450378,-0.08061296492815018,-0.06654343008995056,-0.9617859125137329,-0.22208379209041595,-0.048240117728710175,-0.6494625806808472,-0.17909452319145203,-0.050756994634866714,-0.5028665661811829,-0.10639170557260513,0.11754974722862244,-0.7333100438117981,-0.13764621317386627,0.09223300963640213,-0.9540624022483826,-0.20810732245445251,0.09168849140405655,-0.7381649613380432,-0.15876388549804688,0.09261266142129898,-0.5935465693473816,-0.09890928864479065
1,0.0,0.0,0.0,-0.26896703243255615,-0.08143866062164307,-0.07834690809249878,-0.4888329803943634,-0.31709954142570496,-0.12502528727054596,-0.4388561248779297,-0.6144767999649048,-0.18261659145355225,-0.2374577820301056,-0.7356623411178589,-0.22446799278259277,-0.4074397385120392,-0.6739815473556519,-0.010872669517993927,-0.43394261598587036,-0.9006436467170715,-0.15786290168762207,-0.398633748292923,-0.6372982859611511,-0.23772789537906647,-0.37463492155075073,-0.4996139407157898,-0.27024954557418823,-0.23640038073062897,-0.7241951823234558,-0.03189324960112572,-0.2565036714076996,-0.9665433168411255,-0.18225078284740448,-0.22592484951019287,-0.6527615785598755,-0.21192608773708344,-0.2164357453584671,-0.5188699960708618,-0.19071505963802338,-0.06791853904724121,-0.745866596698761,-0.07903993129730225,-0.07188480347394943,-0.9521628022193909,-0.22267548739910126,-0.058340884745121,-0.6390198469161987,-0.1857239305973053,-0.061303943395614624,-0.4844610393047333,-0.11477497965097427,0.11109989881515503,-0.7282735109329224,-0.13531267642974854,0.09050936996936798,-0.9496740102767944,-0.20654930174350739,0.08348692953586578,-0.7423762679100037,-0.15978509187698364,0.07771855592727661,-0.5961724519729614,-0.10009025037288666
1,0.0,0.0,0.0,-0.2580597400665283,-0.06389844417572021,-0.07361314445734024,-0.4773769676685333,-0.3118742108345032,-0.11195021122694016,-0.42524483799934387,-0.6092764139175415,-0.1602151244878769,-0.22644907236099243,-0.7157422304153442,-0.19297604262828827,-0.39808592200279236,-0.6626409888267517,-0.012082192115485668,-0.42208778858184814,-0.9065549373626709,-0.15162590146064758,-0.37938693165779114,-0.6526156067848206,-0.22461366653442383,-0.356384813785553,-0.5095347166061401,-0.2523668706417084,-0.23148246109485626,-0.7130918502807617,-0.03133884817361832,-0.24939435720443726,-0.960809588432312,-0.17698557674884796,-0.21496571600437164,-0.6461341381072998,-0.2047649323940277,-0.21083161234855652,-0.5070381164550781,-0.18192557990550995,-0.06835990399122238,-0.7356247901916504,-0.07522714883089066,-0.06825070083141327,-0.9430601596832275,-0.21438230574131012,-0.05290298908948898,-0.6301907896995544,-0.18081434071063995,-0.0608341358602047,-0.47583508491516113,-0.11299335211515427,0.10567309707403183,-0.719366729259491,-0.12743240594863892,0.08915809541940689,-0.9342960119247437,-0.19957660138607025,0.0871695727109909,-0.7276713252067566,-0.15777158737182617,0.08295843005180359,-0.5840426683425903,-0.10176826268434525
1,0.0,0.0,0.0,-0.26842015981674194,-0.0718681812286377,-0.068821020424366,-0.4789433479309082,-0.3144240975379944,-0.10978658497333527,-0.42445868253707886,-0.6116927266120911,-0.1611148864030838,-0.2363204061985016,-0.7371061444282532,-0.19968923926353455,-0.38657525181770325,-0.6832213997840881,-0.008035735227167606,-0.39966878294944763,-0.9140684008598328,-0.14394810795783997,-0.36654600501060486,-0.6801945567131042,-0.22301416099071503,-0.34171128273010254,-0.5172772407531738,-0.25543951988220215,-0.21984446048736572,-0.7358137369155884,-0.02874501794576645,-0.23177696764469147,-0.9727689623832703,-0.16288036108016968,-0.20726032555103302,-0.6697107553482056,-0.1912018209695816,-0.20017489790916443,-0.5096659660339355,-0.1730407029390335,-0.05592042952775955,-0.7534446120262146,-0.07295379042625427,-0.057437650859355927,-0.9510806202888489,-0.2037407010793686,-0.050206754356622696,-0.6468971967697144,-0.16832473874092102,-0.055322859436273575,-0.47920650243759155,-0.10255803167819977,0.1185837835073471,-0.7280970811843872,-0.12488555163145065,0.10085689276456833,-0.94645756483078,-0.19214323163032532,0.0933632105588913,-0.7441012859344482,-0.14506292343139648,0.08093450963497162,-0.5996741652488708,-0.08687212318181992
1,0.0,0.0,0.0,-0.25635820627212524,-0.05616949871182442,-0.0815441682934761,-0.48097333312034607,-0.29949596524238586,-0.12641006708145142,-0.43577414751052856,-0.6091303825378418,-0.17888912558555603,-0.23465223610401154,-0.725373387336731,-0.21528081595897675,-0.40229088068008423,-0.6615193486213684,-0.02128823660314083,-0.42271751165390015,-0.9062615036964417,-0.16654060781002045,-0.38979828357696533,-0.6550060510635376,-0.24207068979740143,-0.3701896667480469,-0.5074490308761597,-0.27044546604156494,-0.2312387377023697,-0.7098468542098999,-0.03857925161719322,-0.25368306040763855,-0.9607676267623901,-0.1863490492105484,-0.22372350096702576,-0.6515588760375977,-0.211748406291008,-0.2193640172481537,-0.5148212313652039,-0.1867147833108902,-0.06180080026388168,-0.7267313599586487,-0.08137121796607971,-0.06673507392406464,-0.9285119771957397,-0.22574417293071747,-0.05255613848567009,-0.6141752004623413,-0.18735939264297485,-0.060855068266391754,-0.46322259306907654,-0.11508383601903915,0.11751846969127655,-0.7022432088851929,-0.1327218860387802,0.0957273617386818,-0.9141385555267334,-0.20795007050037384,0.09671816974878311,-0.7029948234558105,-0.16238857805728912,0.09588038921356201,-0.5666050910949707,-0.1030457392334938
1,0.0,0.0,0.0,-0.21322819590568542,-0.0627821758389473,-0.0676853135228157,-0.41050735116004944,-0.31454020738601685,-0.10767205059528351,-0.37520816922187805,-0.6064886450767517,-0.15606442093849182,-0.19652622938156128,-0.7230318784713745,-0.19015417993068695,-0.3496917486190796,-0.6395187377929688,-0.023803114891052246,-0.37480297684669495,-0.9271044731140137,-0.15779592096805573,-0.33547645807266235,-0.7416939735412598,-0.22408820688724518,-0.31574538350105286,-0.5973646640777588,-0.24457566440105438,-0.18808425962924957,-0.671227216720581,-0.0429413765668869,-0.2157617062330246,-0.9279287457466125,-0.17504438757896423,-0.18385161459445953,-0.6494095921516418,-0.1902174949645996,-0.1855851113796234,-0.5104541778564453,-0.16133512556552887,-0.028779765591025352,-0.6723490357398987,-0.08519019931554794,-0.042054276913404465,-0.8615473508834839,-0.21297195553779602,-0.02403387427330017,-0.5787741541862488,-0.1724129319190979,-0.030422862619161606,-0.43753573298454285,-0.10313387215137482,0.14049255847930908,-0.6430872082710266,-0.13469675183296204,0.11005838960409164,-0.8402604460716248,-0.19621561467647552,0.11342228204011917,-0.6543220281600952,-0.14910899102687836,0.11290314793586731,-0.5366435647010803,-0.09247478097677231
1,0.0,0.0,0.0,-0.15247778594493866,-0.027976486831903458,-0.08909081667661667,-0.29427945613861084,-0.2528340220451355,-0.14131155610084534,-0.2855946719646454,-0.5273086428642273,-0.19209250807762146,-0.210224911570549,-0.713115930557251,-0.2306278795003891,-0.3057863712310791,-0.5956932902336121,-0.06229839473962784,-0.31486618518829346,-0.9098383188247681,-0.1908033937215805,-0.29100120067596436,-0.956722617149353,-0.25278499722480774,-0.27353253960609436,-0.8797886371612549,-0.2715771496295929,-0.16206400096416473,-0.6123590469360352,-0.0697605237364769,-0.16914312541484833,-0.8303402066230774,-0.21451538801193237,-0.13641570508480072,-0.5855020880699158,-0.22680631279945374,-0.14065420627593994,-0.4461515247821808,-0.1934254914522171,-0.02614494040608406,-0.592668890953064,-0.09855049848556519,-0.015252080745995045,-0.7108286619186401,-0.24189972877502441,-0.005759791471064091,-0.4730231463909149,-0.1939564049243927,-0.016485579311847687,-0.3785966634750366,-0.12049295753240585,0.1217041164636612,-0.5549045205116272,-0.13545022904872894,0.11007647961378098,-0.6857118010520935,-0.21697579324245453,0.11613321304321289,-0.5108115077018738,-0.16767585277557373,0.10601087659597397,-0.4324934780597687,-0.10659600049257278
1,0.0,0.0,0.0,-0.15526637434959412,-0.04115331545472145,-0.06287729740142822,-0.27195805311203003,-0.2450220137834549,-0.09311681240797043,-0.25330889225006104,-0.46348443627357483,-0.1257191300392151,-0.20127402245998383,-0.6111052632331848,-0.15308977663516998,-0.3072340488433838,-0.548528790473938,-0.014026987366378307,-0.33028918504714966,-0.7721192836761475,-0.09421707689762115,-0.31515875458717346,-0.8942248821258545,-0.14609813690185547,-0.29326677322387695,-0.9560306668281555,-0.17282544076442719,-0.18591950833797455,-0.5711874961853027,-0.027018405497074127,-0.1932348757982254,-0.7582880854606628,-0.14729155600070953,-0.16670860350131989,-0.5779810547828674,-0.18016955256462097,-0.15974216163158417,-0.4374856948852539,-0.16402751207351685,-0.06587446480989456,-0.564470648765564,-0.053800661116838455,-0.05896391719579697,-0.6420286893844604,-0.17442429065704346,-0.04657522216439247,-0.43618905544281006,-0.15861357748508453,-0.04810458794236183,-0.3288421332836151,-0.10815537720918655,0.05652511119842529,-0.5307343602180481,-0.08593805134296417,0.05337909609079361,-0.6213636994361877,-0.15315109491348267,0.047557830810546875,-0.4693238437175751,-0.124094657599926,0.03454427048563957,-0.38327527046203613,-0.08027219772338867
1,0.0,0.0,0.0,-0.12524014711380005,-0.03000717982649803,-0.06727775931358337,-0.2211744338274002,-0.1716848462820053,-0.10775696486234665,-0.19860368967056274,-0.3380340337753296,-0.14901193976402283,-0.14492449164390564,-0.45169204473495483,-0.18835826218128204,-0.24789102375507355,-0.45650234818458557,-0.059780459851026535,-0.2656576335430145,-0.6915736794471741,-0.12586824595928192,-0.26599645614624023,-0.8393453359603882,-0.16716453433036804,-0.2739766240119934,-0.9617363810539246,-0.1936311572790146,-0.14757119119167328,-0.46709921956062317,-0.06683950126171112,-0.1373501420021057,-0.599789023399353,-0.18146204948425293,-0.12219718098640442,-0.44893738627433777,-0.21328239142894745,-0.12493537366390228,-0.3199685215950012,-0.20306771993637085,-0.0510983020067215,-0.456215500831604,-0.08212891966104507,-0.034829676151275635,-0.5000224709510803,-0.19051173329353333,-0.023282499983906746,-0.32727792859077454,-0.17956531047821045,-0.028032442554831505,-0.21964795887470245,-0.13829641044139862,0.042924996465444565,-0.4218832850456238,-0.10301660746335983,0.05077635124325752,-0.48503637313842773,-0.16923315823078156,0.04704822227358818,-0.35287532210350037,-0.14981000125408173,0.033663928508758545,-0.25879812240600586,-0.1141587346792221
1,0.0,0.0,0.0,-0.10831809788942337,-0.022669939324259758,-0.059748344123363495,-0.19996747374534607,-0.1535419225692749,-0.09942980855703354,-0.16953954100608826,-0.30425432324409485,-0.14065274596214294,-0.10268666595220566,-0.4071332514286041,-0.18015636503696442,-0.22901424765586853,-0.43506020307540894,-0.07347119599580765,-0.2529982626438141,-0.6891169548034668,-0.13969342410564423,-0.2533673644065857,-0.8412148356437683,-0.1808742731809616,-0.2633829414844513,-0.9646914005279541,-0.2084600031375885,-0.134452223777771,-0.43753737211227417,-0.08114231377840042,-0.12428659200668335,-0.522868812084198,-0.18695171177387238,-0.116937555372715,-0.38577261567115784,-0.21344342827796936,-0.1303054839372635,-0.2920171022415161,-0.2075914740562439,-0.04394715651869774,-0.42185062170028687,-0.09527400881052017,-0.03678613528609276,-0.4456903040409088,-0.19269932806491852,-0.0286765918135643,-0.28137078881263733,-0.17414550483226776,-0.0331663079559803,-0.19106504321098328,-0.13505172729492188,0.04383273795247078,-0.38820815086364746,-0.11511154472827911,0.04107844829559326,-0.42949244379997253,-0.17692530155181885,0.03831109777092934,-0.29710638523101807,-0.1541159451007843,0.03222472220659256,-0.2173909991979599,-0.11859670281410217
1,0.0,0.0,0.0,-0.10364134609699249,-0.02029491402208805,-0.05911407992243767,-0.20154838263988495,-0.14940908551216125,-0.09658649563789368,-0.173188254237175,-0.3062407970428467,-0.1350436955690384,-0.10921097546815872,-0.41723546385765076,-0.17131201922893524,-0.23927445709705353,-0.43386176228523254,-0.07620688527822495,-0.264701783657074,-0.6884593963623047,-0.13907045125961304,-0.2669401168823242,-0.8367831110954285,-0.17652806639671326,-0.2763684391975403,-0.9610517621040344,-0.2026507407426834,-0.14566105604171753,-0.4436895251274109,-0.08255365490913391,-0.13845138251781464,-0.5025799870491028,-0.18662726879119873,-0.12576211988925934,-0.37509551644325256,-0.2133643478155136,-0.13206690549850464,-0.29203000664711,-0.20934636890888214,-0.05433254688978195,-0.43180978298187256,-0.09450235962867737,-0.04808282107114792,-0.423193097114563,-0.19503802061080933,-0.033420320600271225,-0.2572154402732849,-0.18034277856349945,-0.03125913441181183,-0.16623249650001526,-0.14433789253234863,0.03307129815220833,-0.40192174911499023,-0.1118740364909172,0.024945562705397606,-0.38746964931488037,-0.181190624833107,0.029414383694529533,-0.24518020451068878,-0.1661306917667389,0.03372957557439804,-0.16606317460536957,-0.1352967470884323
1,0.0,0.0,0.0,-0.1050889864563942,-0.02712266705930233,-0.05494321510195732,-0.20268514752388,-0.15422075986862183,-0.09030646085739136,-0.17410576343536377,-0.30019885301589966,-0.12759752571582794,-0.11218582838773727,-0.4076458215713501,-0.1632705181837082,-0.24178431928157806,-0.4498973786830902,-0.07474205642938614,-0.2708893418312073,-0.6901071667671204,-0.13302063941955566,-0.27552923560142517,-0.834972620010376,-0.16706882417201996,-0.285764217376709,-0.9582999348640442,-0.19204911589622498,-0.1518418937921524,-0.46792343258857727,-0.08140992373228073,-0.12978199124336243,-0.48730993270874023,-0.17902526259422302,-0.11067645996809006,-0.3529612720012665,-0.20436611771583557,-0.11168172955513,-0.2672286033630371,-0.2020605206489563,-0.06146065518260002,-0.4555240869522095,-0.09290048480033875,-0.04149586334824562,-0.40599870681762695,-0.1858544498682022,-0.02971375733613968,-0.2504572868347168,-0.17632435262203217,-0.03215392306447029,-0.16314874589443207,-0.1477319896221161,0.024062054231762886,-0.42373740673065186,-0.10987453162670135,0.03254565969109535,-0.3598102629184723,-0.1733664572238922,0.032764796167612076,-0.21952469646930695,-0.16432702541351318,0.029498210176825523,-0.13980674743652344,-0.14031730592250824
1,0.0,0.0,0.0,-0.10290828347206116,-0.02805281989276409,-0.053393855690956116,-0.1998739391565323,-0.15005670487880707,-0.09176265448331833,-0.1696273684501648,-0.29274335503578186,-0.13242241740226746,-0.1012326031923294,-0.39820122718811035,-0.1712215691804886,-0.23800666630268097,-0.4470895230770111,-0.07740328460931778,-0.2689034938812256,-0.6927430033683777,-0.13859447836875916,-0.27107343077659607,-0.8376920223236084,-0.17462128400802612,-0.28071585297584534,-0.9597908854484558,-0.20093223452568054,-0.14046920835971832,-0.4610286355018616,-0.08703458309173584,-0.13091544806957245,-0.49770402908325195,-0.1872739940881729,-0.11426621675491333,-0.35686349868774414,-0.2111099511384964,-0.11658104509115219,-0.26394540071487427,-0.2071739286184311,-0.04444242641329765,-0.4453021287918091,-0.10144507884979248,-0.039797283709049225,-0.4140568971633911,-0.1951359510421753,-0.03002796322107315,-0.25217950344085693,-0.17921604216098785,-0.03350755199790001,-0.16215157508850098,-0.1459774374961853,0.04627915471792221,-0.41034531593322754,-0.12114530801773071,0.04310908168554306,-0.375927209854126,-0.18322871625423431,0.039090778678655624,-0.2356107085943222,-0.16727319359779358,0.03307907283306122,-0.15683327615261078,-0.13848182559013367
1,0.0,0.0,0.0,-0.10623760521411896,-0.027008196339011192,-0.056168731302022934,-0.20181804895401,-0.14344553649425507,-0.09735993295907974,-0.17390620708465576,-0.2838610112667084,-0.14058277010917664,-0.10718919336795807,-0.38983768224716187,-0.18160036206245422,-0.24188734591007233,-0.44587013125419617,-0.07661867141723633,-0.27039477229118347,-0.6926854848861694,-0.13812457025051117,-0.2709116041660309,-0.8373692631721497,-0.17452523112297058,-0.2785908281803131,-0.9604098796844482,-0.20085494220256805,-0.14480766654014587,-0.4582546651363373,-0.08566243201494217,-0.13425388932228088,-0.5052565336227417,-0.18839693069458008,-0.11670339107513428,-0.3578614592552185,-0.2123342901468277,-0.11779828369617462,-0.25747737288475037,-0.2069617360830307,-0.04917862266302109,-0.4415954351425171,-0.09997990727424622,-0.04477996751666069,-0.42445215582847595,-0.19492684304714203,-0.03613754361867905,-0.2588140666484833,-0.178502157330513,-0.04040027782320976,-0.16455663740634918,-0.14394493401050568,0.04266420751810074,-0.40451207756996155,-0.11975166946649551,0.03666714206337929,-0.3773513734340668,-0.1811058223247528,0.02861134707927704,-0.23765753209590912,-0.1645628660917282,0.01836300827562809,-0.15759481489658356,-0.13531345129013062
1,0.0,0.0,0.0,-0.1114153191447258,-0.03246890753507614,-0.054555151611566544,-0.20366591215133667,-0.14669902622699738,-0.09590992331504822,-0.17377611994743347,-0.28132137656211853,-0.14051203429698944,-0.10625249147415161,-0.38020166754722595,-0.18279150128364563,-0.24177464842796326,-0.4460991621017456,-0.07366614043712616,-0.2745291292667389,-0.6911035180091858,-0.13570401072502136,-0.27469760179519653,-0.8367983102798462,-0.1741320937871933,-0.28159186244010925,-0.9595342874526978,-0.20156176388263702,-0.14507956802845,-0.4577364921569824,-0.08392731100320816,-0.1338629275560379,-0.49775511026382446,-0.18822374939918518,-0.11809386312961578,-0.35454851388931274,-0.21588505804538727,-0.12049270421266556,-0.2525538206100464,-0.21266895532608032,-0.05055750533938408,-0.44157010316848755,-0.09936980903148651,-0.044552262872457504,-0.4229617118835449,-0.19317224621772766,-0.03650111332535744,-0.26277875900268555,-0.17892730236053467,-0.04154852405190468,-0.16649135947227478,-0.14528809487819672,0.04065713286399841,-0.4055962860584259,-0.12044358253479004,0.039911482483148575,-0.3930283188819885,-0.17910023033618927,0.02839048206806183,-0.263141393661499,-0.1622941493988037,0.012144147418439388,-0.18203629553318024,-0.13268180191516876
1,0.0,0.0,0.0,-0.10824086517095566,-0.027441855520009995,-0.05621732026338577,-0.20113791525363922,-0.13889488577842712,-0.09985817968845367,-0.17039178311824799,-0.2743969261646271,-0.1459883600473404,-0.10288316756486893,-0.3759510815143585,-0.18980923295021057,-0.244577094912529,-0.4409230351448059,-0.08069901913404465,-0.2791692614555359,-0.6863878965377808,-0.1436990648508072,-0.28261664509773254,-0.832935631275177,-0.181730717420578,-0.2907881438732147,-0.9567874073982239,-0.20874378085136414,-0.14833055436611176,-0.4619683623313904,-0.08955300599336624,-0.13133354485034943,-0.49325257539749146,-0.19279928505420685,-0.11362940073013306,-0.3494488298892975,-0.21824224293231964,-0.11310082674026489,-0.25050103664398193,-0.21400688588619232,-0.053066182881593704,-0.4515989124774933,-0.1033039465546608,-0.041717711836099625,-0.42233017086982727,-0.19478440284729004,-0.03388042002916336,-0.2640414237976074,-0.1781294345855713,-0.038431353867053986,-0.17260465025901794,-0.14390020072460175,0.038703612983226776,-0.4206898808479309,-0.12299218773841858,0.03891577944159508,-0.3968348503112793,-0.1788746565580368,0.029032981023192406,-0.26741331815719604,-0.16058853268623352,0.015246558003127575,-0.19099538028240204,-0.13050208985805511
1,0.0,0.0,0.0,-0.1048160269856453,-0.023907339200377464,-0.05805397778749466,-0.2005038559436798,-0.13746637105941772,-0.10132738947868347,-0.16882769763469696,-0.275347501039505,-0.14646634459495544,-0.10049250721931458,-0.38024577498435974,-0.18923456966876984,-0.24134424328804016,-0.44266098737716675,-0.08210615813732147,-0.27777624130249023,-0.6864535212516785,-0.14634323120117188,-0.28200721740722656,-0.8326719403266907,-0.1847570538520813,-0.29173919558525085,-0.9564979076385498,-0.21235767006874084,-0.14428964257240295,-0.46665266156196594,-0.09061337262392044,-0.13136079907417297,-0.4900173544883728,-0.19522236287593842,-0.11256874352693558,-0.34133315086364746,-0.220784991979599,-0.11139865964651108,-0.242931067943573,-0.21683330833911896,-0.04798786714673042,-0.45653998851776123,-0.10437800735235214,-0.03682219237089157,-0.41954725980758667,-0.19978754222393036,-0.026436135172843933,-0.25376883149147034,-0.1831183284521103,-0.029951265081763268,-0.16252267360687256,-0.14854446053504944,0.044597744941711426,-0.42487624287605286,-0.12399547547101974,0.044810667634010315,-0.3923812806606293,-0.18470260500907898,0.036786023527383804,-0.2524625360965729,-0.16719138622283936,0.025203879922628403,-0.1737808734178543,-0.13711343705654144
1,0.0,0.0,0.0,-0.1138792634010315,-0.023059044033288956,-0.05455813929438591,-0.2122025042772293,-0.1399550884962082,-0.09424461424350739,-0.1779768019914627,-0.27512481808662415,-0.13649119436740875,-0.10611630976200104,-0.3698376715183258,-0.176678866147995,-0.2501412630081177,-0.4402563273906708,-0.07686372101306915,-0.28546780347824097,-0.682398796081543,-0.13994166254997253,-0.2908684313297272,-0.8306800127029419,-0.17942436039447784,-0.3001345098018646,-0.9538968801498413,-0.20740686357021332,-0.15585832297801971,-0.46640196442604065,-0.08484365791082382,-0.13168135285377502,-0.47757017612457275,-0.18985199928283691,-0.11299996823072433,-0.3297310471534729,-0.21762676537036896,-0.11324595659971237,-0.22831490635871887,-0.21414215862751007,-0.06255917996168137,-0.46007612347602844,-0.09758445620536804,-0.03998618945479393,-0.4119376838207245,-0.19015519320964813,-0.030196713283658028,-0.24982033669948578,-0.1760464906692505,-0.03484756872057915,-0.15492433309555054,-0.14289796352386475,0.026486283168196678,-0.4309515655040741,-0.1162782832980156,0.03673486411571503,-0.3835248053073883,-0.17418666183948517,0.028261825442314148,-0.24686338007450104,-0.15881125628948212,0.014082595705986023,-0.16828672587871552,-0.12993615865707397
1,0.0,0.0,0.0,-0.10612063109874725,-0.023267464712262154,-0.05354681983590126,-0.2030867487192154,-0.13532671332359314,-0.09329257160425186,-0.17265596985816956,-0.2712880074977875,-0.13583315908908844,-0.10673671215772629,-0.376069039106369,-0.17694596946239471,-0.24361155927181244,-0.4431800842285156,-0.07827872037887573,-0.28279969096183777,-0.6823761463165283,-0.14019747078418732,-0.2904387414455414,-0.8302426934242249,-0.1774430274963379,-0.3026680052280426,-0.9530960321426392,-0.20382684469223022,-0.14967955648899078,-0.4740632176399231,-0.08647051453590393,-0.12752516567707062,-0.48619887232780457,-0.18848489224910736,-0.10645536333322525,-0.3405812084674835,-0.21427811682224274,-0.10342637449502945,-0.23412218689918518,-0.21042950451374054,-0.05570518970489502,-0.47110480070114136,-0.09922211617231369,-0.03230367228388786,-0.41515448689460754,-0.19292373955249786,-0.02155091054737568,-0.2460453361272812,-0.17977356910705566,-0.024170927703380585,-0.1408146470785141,-0.14766375720500946,0.03434840217232704,-0.44507932662963867,-0.11743243783712387,0.04602377861738205,-0.38372382521629333,-0.17943722009658813,0.037570469081401825,-0.23062820732593536,-0.16607525944709778,0.025333967059850693,-0.13732488453388214,-0.1382836252450943
1,0.0,0.0,0.0,-0.1094927117228508,-0.02873694710433483,-0.05773772671818733,-0.20303316414356232,-0.13789166510105133,-0.10063913464546204,-0.17367680370807648,-0.27282169461250305,-0.1460094451904297,-0.10949717462062836,-0.3793913722038269,-0.18957148492336273,-0.2429230809211731,-0.44247153401374817,-0.08019635826349258,-0.2796708941459656,-0.6841977834701538,-0.14228826761245728,-0.28675976395606995,-0.8317152261734009,-0.1796540766954422,-0.29956161975860596,-0.9540769457817078,-0.2057141810655594,-0.14825353026390076,-0.4665374457836151,-0.08744113147258759,-0.12661714851856232,-0.4866737723350525,-0.19378869235515594,-0.10103334486484528,-0.34317344427108765,-0.22271478176116943,-0.09622552245855331,-0.2306748628616333,-0.21916863322257996,-0.05458497256040573,-0.4592689871788025,-0.0994122326374054,-0.03080798126757145,-0.4093444347381592,-0.19958946108818054,-0.014419927261769772,-0.2402666211128235,-0.1890387237071991,-0.015408453531563282,-0.12739893794059753,-0.1555832028388977,0.03471548482775688,-0.4292227029800415,-0.11660955846309662,0.045434776693582535,-0.3892625570297241,-0.1838640570640564,0.04107402637600899,-0.24179096519947052,-0.17071658372879028,0.02986040897667408,-0.1408156305551529,-0.14113236963748932
1,0.0,0.0,0.0,-0.11361584812402725,-0.028189728036522865,-0.05650177597999573,-0.20564872026443481,-0.13845758140087128,-0.09874153882265091,-0.1755373477935791,-0.2739461660385132,-0.1439012736082077,-0.11064078658819199,-0.37934809923171997,-0.18642038106918335,-0.24653388559818268,-0.43655842542648315,-0.07653255760669708,-0.28544488549232483,-0.683367133140564,-0.1374114602804184,-0.2897483706474304,-0.8319826126098633,-0.17307041585445404,-0.29931044578552246,-0.9541558027267456,-0.198321133852005,-0.1506861299276352,-0.45472750067710876,-0.08476323634386063,-0.14265330135822296,-0.4913177192211151,-0.18734803795814514,-0.119819276034832,-0.3523908853530884,-0.21169103682041168,-0.11368506401777267,-0.24562892317771912,-0.2063046246767044,-0.05681489780545235,-0.44217613339424133,-0.09858597815036774,-0.05040605366230011,-0.4194087088108063,-0.19359228014945984,-0.03618545085191727,-0.26248809695243835,-0.17922793328762054,-0.03638863191008568,-0.16218867897987366,-0.14497973024845123,0.033738873898983,-0.4078236520290375,-0.11787986010313034,0.033415552228689194,-0.40535232424736023,-0.1789834052324295,0.02312484383583069,-0.2790665924549103,-0.16354036331176758,0.005107520613819361,-0.19213952124118805,-0.13457141816616058
1,0.0,0.0,0.0,-0.11123167723417282,-0.028068561106920242,-0.059815023094415665,-0.2029569447040558,-0.14422579109668732,-0.10388019680976868,-0.1640104353427887,-0.2806832194328308,-0.14969618618488312,-0.08837035298347473,-0.3789835274219513,-0.19208621978759766,-0.23769482970237732,-0.4427682161331177,-0.08242151886224747,-0.2765921950340271,-0.6894328594207764,-0.14463146030902863,-0.28152719140052795,-0.8363021016120911,-0.1812720000743866,-0.2928578555583954,-0.9561559557914734,-0.20778948068618774,-0.14134235680103302,-0.4611770510673523,-0.09039121121168137,-0.13231459259986877,-0.48981431126594543,-0.19313517212867737,-0.11508629471063614,-0.35858821868896484,-0.21908722817897797,-0.11596424877643585,-0.26604947447776794,-0.21589887142181396,-0.04686151072382927,-0.4451298117637634,-0.1038903072476387,-0.04002423584461212,-0.4176410138607025,-0.19812113046646118,-0.02797147072851658,-0.26634088158607483,-0.18471838533878326,-0.030590536072850227,-0.1781948059797287,-0.15171633660793304,0.042997173964977264,-0.4080967605113983,-0.12339644879102707,0.04241982102394104,-0.39776021242141724,-0.18408526480197906,0.03566538542509079,-0.2732037305831909,-0.16919049620628357,0.02328711748123169,-0.19523786008358002,-0.1405976265668869
1,0.0,0.0,0.0,-0.10856541991233826,-0.022436048835515976,-0.06377029418945312,-0.19817198812961578,-0.13066990673542023,-0.10938359051942825,-0.1659068912267685,-0.2684926986694336,-0.15602771937847137,-0.09954368323087692,-0.3744193911552429,-0.1996304988861084,-0.23982743918895721,-0.43801990151405334,-0.08566268533468246,-0.2777628004550934,-0.6864719986915588,-0.14879284799098969,-0.2842237949371338,-0.8346238732337952,-0.18556447327136993,-0.29686838388442993,-0.954918384552002,-0.21115510165691376,-0.14580850303173065,-0.45951783657073975,-0.09086592495441437,-0.12947392463684082,-0.47996971011161804,-0.19683292508125305,-0.10737091302871704,-0.3426452875137329,-0.22423619031906128,-0.10623712837696075,-0.2402527630329132,-0.220121368765831,-0.05402691662311554,-0.44797492027282715,-0.10153094679117203,-0.03386031463742256,-0.41371041536331177,-0.20118466019630432,-0.018109550699591637,-0.25298401713371277,-0.18819870054721832,-0.021211447194218636,-0.15151768922805786,-0.15338310599327087,0.03246103599667549,-0.4137331545352936,-0.11808907240629196,0.042490169405937195,-0.3929855525493622,-0.1845301240682602,0.03993704542517662,-0.255728542804718,-0.17011408507823944,0.0293103214353323,-0.16501091420650482,-0.13968205451965332
1,0.0,0.0,0.0,-0.10833006352186203,-0.024328621104359627,-0.06606844812631607,-0.19305221736431122,-0.13581246137619019,-0.11223244667053223,-0.15992456674575806,-0.2739206552505493,-0.15856771171092987,-0.0931038185954094,-0.37558943033218384,-0.201810821890831,-0.23837319016456604,-0.4394041895866394,-0.08807806670665741,-0.2713800072669983,-0.6888182163238525,-0.14950516819953918,-0.2772630751132965,-0.8358772993087769,-0.18544581532478333,-0.2890858054161072,-0.9573032259941101,-0.21090072393417358,-0.14335590600967407,-0.45276370644569397,-0.09211672097444534,-0.11769679933786392,-0.4951966106891632,-0.19561432301998138,-0.0976674035191536,-0.3597916066646576,-0.22241400182247162,-0.09949149936437607,-0.257331907749176,-0.21876263618469238,-0.05090111866593361,-0.43642500042915344,-0.10152169317007065,-0.026861103251576424,-0.4190372824668884,-0.19938044250011444,-0.01574932411313057,-0.2597963213920593,-0.18738031387329102,-0.02297482080757618,-0.1603817194700241,-0.1541353464126587,0.03450879082083702,-0.40007147192955017,-0.116790272295475,0.04579582437872887,-0.3935602605342865,-0.18162886798381805,0.04191222041845322,-0.25911179184913635,-0.16720309853553772,0.029635295271873474,-0.17113883793354034,-0.137907013297081
1,0.0,0.0,0.0,-0.10661285370588303,-0.026003265753388405,-0.06659899652004242,-0.1911928802728653,-0.14072582125663757,-0.11404287815093994,-0.15676075220108032,-0.2832046449184418,-0.16098453104496002,-0.09021806716918945,-0.3903374969959259,-0.20491935312747955,-0.24255438148975372,-0.4308795928955078,-0.091870978474617,-0.2736801207065582,-0.6841436624526978,-0.15424542129039764,-0.27728936076164246,-0.833548903465271,-0.19195891916751862,-0.2867426574230194,-0.9580076932907104,-0.2190702259540558,-0.1479378640651703,-0.4486890733242035,-0.09531935304403305,-0.11846915632486343,-0.4918389916419983,-0.19794252514839172,-0.09795331209897995,-0.35984352231025696,-0.22498272359371185,-0.10184744000434875,-0.2622017562389374,-0.22333049774169922,-0.05524934083223343,-0.4378679096698761,-0.10391873866319656,-0.029085421934723854,-0.4327848255634308,-0.201096773147583,-0.01708078384399414,-0.2767462134361267,-0.18799646198749542,-0.0235760435461998,-0.17709678411483765,-0.15571600198745728,0.03151652589440346,-0.40745148062705994,-0.11851324886083603,0.0435204952955246,-0.4061519205570221,-0.18538253009319305,0.04316156357526779,-0.2699942886829376,-0.17130228877067566,0.03479481488466263,-0.1779913753271103,-0.14262615144252777
1,0.0,0.0,0.0,-0.11060928553342819,-0.024975920096039772,-0.06632550805807114,-0.19576875865459442,-0.14290907979011536,-0.11123412102460861,-0.15953481197357178,-0.2843102514743805,-0.15631386637687683,-0.09121063351631165,-0.3851971924304962,-0.19797484576702118,-0.2452344298362732,-0.4390983283519745,-0.08550776541233063,-0.2777116596698761,-0.6886503100395203,-0.1455710381269455,-0.2813835144042969,-0.8360733389854431,-0.18091832101345062,-0.2910061180591583,-0.9567211866378784,-0.2059991955757141,-0.1501341611146927,-0.4575962722301483,-0.08915556222200394,-0.12186461687088013,-0.4954281449317932,-0.19193871319293976,-0.09986374527215958,-0.3617040812969208,-0.21887190639972687,-0.10083068907260895,-0.2604847848415375,-0.21516910195350647,-0.0569707527756691,-0.44432908296585083,-0.09837046265602112,-0.030034363269805908,-0.43022486567497253,-0.19645622372627258,-0.015900060534477234,-0.2713415026664734,-0.18553142249584198,-0.02092517353594303,-0.1712029129266739,-0.15239493548870087,0.030004676431417465,-0.41015303134918213,-0.11345424503087997,0.042735788971185684,-0.41131818294525146,-0.17910823225975037,0.041126150637865067,-0.27977535128593445,-0.16550491750240326,0.030260512605309486,-0.19149401783943176,-0.13622330129146576
1,0.0,0.0,0.0,-0.110720194876194,-0.0293184332549572,-0.06705862283706665,-0.19392278790473938,-0.14529450237751007,-0.11370997130870819,-0.1575116217136383,-0.28513237833976746,-0.16014604270458221,-0.08723747730255127,-0.3847300708293915,-0.2027612179517746,-0.24655626714229584,-0.43933138251304626,-0.08591616153717041,-0.2770284414291382,-0.688391387462616,-0.14650188386440277,-0.2793271839618683,-0.8361812233924866,-0.1829211562871933,-0.28755664825439453,-0.9577636122703552,-0.20905403792858124,-0.15154777467250824,-0.45499151945114136,-0.08975189924240112,-0.12315885722637177,-0.5027159452438354,-0.1905590146780014,-0.10617134720087051,-0.3749440014362335,-0.21729259192943573,-0.11126898974180222,-0.27758872509002686,-0.21482683718204498,-0.057904329150915146,-0.43961963057518005,-0.09937526285648346,-0.030649444088339806,-0.43146830797195435,-0.19366906583309174,-0.02276989445090294,-0.28103795647621155,-0.1827528178691864,-0.033070214092731476,-0.1856565922498703,-0.1516055464744568,0.030142230913043022,-0.403927206993103,-0.11528324335813522,0.04508887231349945,-0.4062258005142212,-0.17737504839897156,0.039860546588897705,-0.2814788818359375,-0.16393092274665833,0.024390356615185738,-0.1970890611410141,-0.13632148504257202
1,0.0,0.0,0.0,-0.1079447790980339,-0.026969868689775467,-0.0692647248506546,-0.19047033786773682,-0.1408163607120514,-0.11844232678413391,-0.15107616782188416,-0.2785327732563019,-0.1671672910451889,-0.08180970698595047,-0.3831528425216675,-0.21192902326583862,-0.24802780151367188,-0.4354233741760254,-0.09156157076358795,-0.2737441062927246,-0.6868883371353149,-0.15641701221466064,-0.2759404480457306,-0.8352285623550415,-0.19504526257514954,-0.28331258893013,-0.9590275883674622,-0.2225705236196518,-0.1527542918920517,-0.45576417446136475,-0.09460770338773727,-0.11213353276252747,-0.4948633015155792,-0.2020873874425888,-0.0924011617898941,-0.3571132719516754,-0.23010821640491486,-0.098450668156147,-0.26026690006256104,-0.22743384540081024,-0.06009519100189209,-0.444292277097702,-0.10357188433408737,-0.023764660581946373,-0.43057283759117126,-0.20126694440841675,-0.016160300001502037,-0.27360957860946655,-0.18886524438858032,-0.02940463088452816,-0.17926232516765594,-0.15633921325206757,0.02680066041648388,-0.41234925389289856,-0.1191609799861908,0.04820900037884712,-0.40213942527770996,-0.18297810852527618,0.04045656695961952,-0.27528202533721924,-0.1702396720647812,0.01972898840904236,-0.19637122750282288,-0.14295583963394165
1,0.0,0.0,0.0,-0.10641030967235565,-0.030674679204821587,-0.07020558416843414,-0.1831875592470169,-0.14374952018260956,-0.12099596858024597,-0.1426432877779007,-0.2769884169101715,-0.17080684006214142,-0.07486411929130554,-0.3797094523906708,-0.21606165170669556,-0.24477502703666687,-0.43728795647621155,-0.09298044443130493,-0.266998827457428,-0.6924233436584473,-0.16007398068904877,-0.26616233587265015,-0.8399883508682251,-0.2008533924818039,-0.2720947563648224,-0.9622704386711121,-0.22977063059806824,-0.1495649218559265,-0.453565776348114,-0.09550929814577103,-0.11270559579133987,-0.4898523688316345,-0.2030351459980011,-0.09653298556804657,-0.34769248962402344,-0.2308851033449173,-0.1088782548904419,-0.25761550664901733,-0.2292710244655609,-0.05638660117983818,-0.4401245713233948,-0.10425595194101334,-0.022032272070646286,-0.4323830008506775,-0.2001532018184662,-0.019109297543764114,-0.27554649114608765,-0.1861603707075119,-0.03819768875837326,-0.18888255953788757,-0.15395508706569672,0.031211165711283684,-0.4074520766735077,-0.11985866725444794,0.053574398159980774,-0.40185195207595825,-0.18137480318546295,0.04458379000425339,-0.2782239019870758,-0.1669187843799591,0.02197539433836937,-0.20714545249938965,-0.13900162279605865
1,0.0,0.0,0.0,-0.10368907451629639,-0.031314246356487274,-0.06834251433610916,-0.1819109320640564,-0.14192023873329163,-0.11950802803039551,-0.1397506594657898,-0.2731117010116577,-0.16945569217205048,-0.06923336535692215,-0.37702834606170654,-0.21444277465343475,-0.2466188371181488,-0.4348125755786896,-0.0960187092423439,-0.26533958315849304,-0.6908224821090698,-0.16530920565128326,-0.2627132534980774,-0.8403089642524719,-0.2083483189344406,-0.2675979733467102,-0.9635306596755981,-0.23971782624721527,-0.15242686867713928,-0.4523721933364868,-0.09927254915237427,-0.11537336558103561,-0.4799950420856476,-0.20671112835407257,-0.097222700715065,-0.33170047402381897,-0.23307101428508759,-0.10913212597370148,-0.24507755041122437,-0.2321222424507141,-0.059442345052957535,-0.43831712007522583,-0.10863018780946732,-0.02339186705648899,-0.4292367100715637,-0.20155709981918335,-0.023049086332321167,-0.2771071493625641,-0.18497708439826965,-0.04580007120966911,-0.20063966512680054,-0.1538633555173874,0.028445430099964142,-0.4038853645324707,-0.12513704597949982,0.05424433574080467,-0.3846794366836548,-0.1856921762228012,0.041491225361824036,-0.26544979214668274,-0.17257796227931976,0.013462900184094906,-0.20472919940948486,-0.14712563157081604
1,0.0,0.0,0.0,-0.10601382702589035,-0.03130846843123436,-0.07360078394412994,-0.18208307027816772,-0.14357957243919373,-0.12551376223564148,-0.13322612643241882,-0.2759697139263153,-0.1762537807226181,-0.05724124237895012,-0.3809622824192047,-0.2224479615688324,-0.23633965849876404,-0.44218915700912476,-0.09152453392744064,-0.2518620193004608,-0.698368489742279,-0.15873736143112183,-0.24949494004249573,-0.8439610600471497,-0.19815166294574738,-0.25408461689949036,-0.9671819806098938,-0.22634091973304749,-0.13945616781711578,-0.4536864459514618,-0.09321500360965729,-0.1055719330906868,-0.5085412859916687,-0.20080848038196564,-0.09378613531589508,-0.3643808364868164,-0.22770360112190247,-0.10469745844602585,-0.2743484079837799,-0.22496360540390015,-0.04753933846950531,-0.43506795167922974,-0.10202386230230331,-0.01386735774576664,-0.4401830732822418,-0.19997891783714294,-0.01657416857779026,-0.2796587646007538,-0.1871117800474167,-0.03664088621735573,-0.19417943060398102,-0.1547059416770935,0.03819414973258972,-0.39646217226982117,-0.11778930574655533,0.060508668422698975,-0.4020437002182007,-0.1809873878955841,0.04766778275370598,-0.27661481499671936,-0.1679903119802475,0.024340486153960228,-0.20453616976737976,-0.14113754034042358
1,0.0,0.0,0.0,-0.1024489551782608,-0.033679571002721786,-0.07446318864822388,-0.17512710392475128,-0.14691118896007538,-0.12671220302581787,-0.1322769969701767,-0.27892184257507324,-0.17742633819580078,-0.05965295806527138,-0.3815467655658722,-0.22394707798957825,-0.2299647033214569,-0.44375741481781006,-0.09386324882507324,-0.24750539660453796,-0.6988992691040039,-0.16070421040058136,-0.24423985183238983,-0.8453150391578674,-0.20047752559185028,-0.247725248336792,-0.9688303470611572,-0.22833730280399323,-0.1341463327407837,-0.45331859588623047,-0.09496711939573288,-0.0961802750825882,-0.5084423422813416,-0.20341140031814575,-0.08181285113096237,-0.3668305277824402,-0.23161883652210236,-0.09351790696382523,-0.26930952072143555,-0.22869952023029327,-0.04296501725912094,-0.4347294569015503,-0.102737657725811,-0.005455189384520054,-0.43508806824684143,-0.2029152810573578,-0.0033676298335194588,-0.2740209996700287,-0.19115658104419708,-0.021642059087753296,-0.18040496110916138,-0.15811288356781006,0.04148852825164795,-0.396558940410614,-0.11718028783798218,0.06407970190048218,-0.40220972895622253,-0.18254594504833221,0.054560620337724686,-0.27286580204963684,-0.1689773052930832,0.03378984332084656,-0.1925099492073059,-0.1406588852405548
1,0.0,0.0,0.0,-0.1002066507935524,-0.036733582615852356,-0.07196816056966782,-0.1751253604888916,-0.14776964485645294,-0.12437047809362411,-0.131564199924469,-0.2768978774547577,-0.17545010149478912,-0.05914286524057388,-0.3790275454521179,-0.22241659462451935,-0.23262391984462738,-0.4449288249015808,-0.09722982347011566,-0.24407269060611725,-0.6990629434585571,-0.1641773283481598,-0.23836950957775116,-0.8462216854095459,-0.2043025940656662,-0.24182115495204926,-0.9703208804130554,-0.23285914957523346,-0.13733531534671783,-0.4555954933166504,-0.09930284321308136,-0.097196064889431,-0.49917709827423096,-0.20643095672130585,-0.08344351500272751,-0.35962748527526855,-0.23399707674980164,-0.09884487837553024,-0.2677662670612335,-0.23212981224060059,-0.045838192105293274,-0.4380813241004944,-0.10742492228746414,-0.004212748259305954,-0.4228259325027466,-0.2057618498802185,-0.0041221631690859795,-0.2619493007659912,-0.19311001896858215,-0.02668915130198002,-0.17082421481609344,-0.16100679337978363,0.038662876933813095,-0.4002821445465088,-0.12216787040233612,0.0662698820233345,-0.38380223512649536,-0.18608085811138153,0.05527444928884506,-0.25566771626472473,-0.1727173775434494,0.03063846565783024,-0.17981000244617462,-0.145314022898674
1,0.0,0.0,0.0,-0.10128215700387955,-0.03555918112397194,-0.07224355638027191,-0.1742844432592392,-0.146388441324234,-0.12462419271469116,-0.1319800317287445,-0.2767333388328552,-0.1758657544851303,-0.060098402202129364,-0.3813590705394745,-0.22258487343788147,-0.2272704690694809,-0.447208046913147,-0.09368181228637695,-0.2412785440683365,-0.7015135288238525,-0.16177687048912048,-0.23616915941238403,-0.847332775592804,-0.20351377129554749,-0.2398119419813156,-0.970819354057312,-0.23304761946201324,-0.13284553587436676,-0.4586813747882843,-0.09516510367393494,-0.0952402651309967,-0.49265894293785095,-0.20258286595344543,-0.08159322291612625,-0.35003751516342163,-0.23061048984527588,-0.09595147520303726,-0.2631681263446808,-0.22939755022525787,-0.04300827160477638,-0.4416810870170593,-0.10318317264318466,-0.005006478168070316,-0.4283367693424225,-0.20152224600315094,-0.005583249498158693,-0.2673410475254059,-0.1878638118505478,-0.026949752122163773,-0.18116723001003265,-0.15538235008716583,0.03978253901004791,-0.40462526679039,-0.11804691702127457,0.06556066870689392,-0.3963298499584198,-0.18216627836227417,0.053272027522325516,-0.2665666341781616,-0.16786600649356842,0.028200896456837654,-0.19195351004600525,-0.13963507115840912
1,0.0,0.0,0.0,-0.09729086607694626,-0.03659769147634506,-0.07080958038568497,-0.17112937569618225,-0.14934571087360382,-0.12196551263332367,-0.1263483613729477,-0.2792430818080902,-0.17185895144939423,-0.05491505190730095,-0.38137826323509216,-0.21735945343971252,-0.22685998678207397,-0.4444337785243988,-0.095755934715271,-0.23720861971378326,-0.7018208503723145,-0.16340984404087067,-0.22931572794914246,-0.8488571047782898,-0.20530696213245392,-0.23091129958629608,-0.9729747772216797,-0.23535697162151337,-0.13252554833889008,-0.4542407989501953,-0.09744738042354584,-0.09475769102573395,-0.48849692940711975,-0.2050027698278427,-0.08050975948572159,-0.34199631214141846,-0.23356576263904572,-0.09645219147205353,-0.2512069642543793,-0.2329706847667694,-0.042363785207271576,-0.43686994910240173,-0.10503082722425461,-0.0038205028977245092,-0.4300454556941986,-0.20186929404735565,-0.002938047982752323,-0.269284725189209,-0.18737319111824036,-0.025651872158050537,-0.18025203049182892,-0.15495257079601288,0.04096983000636101,-0.3999568223953247,-0.11937504261732101,0.06887121498584747,-0.3894598186016083,-0.1831296980381012,0.058734066784381866,-0.26330050826072693,-0.16910696029663086,0.03439520299434662,-0.19020432233810425,-0.14123256504535675
1,0.0,0.0,0.0,-0.10082891583442688,-0.031901855021715164,-0.07268868386745453,-0.17589502036571503,-0.1416907161474228,-0.12458716332912445,-0.136167511343956,-0.27258729934692383,-0.17460495233535767,-0.0660078227519989,-0.37581631541252136,-0.22001686692237854,-0.23180928826332092,-0.4480299651622772,-0.09475239366292953,-0.2436484843492508,-0.7024338245391846,-0.16204461455345154,-0.23738010227680206,-0.84755539894104,-0.20301014184951782,-0.24062833189964294,-0.9706172943115234,-0.2321968972682953,-0.1376524269580841,-0.4577530324459076,-0.095632404088974,-0.10336597263813019,-0.4944564700126648,-0.20187275111675262,-0.0885811597108841,-0.34616905450820923,-0.2288626730442047,-0.10262623429298401,-0.25808185338974,-0.2269071489572525,-0.04705129936337471,-0.4407190978527069,-0.10286416858434677,-0.011318152770400047,-0.43443384766578674,-0.19958096742630005,-0.01062343455851078,-0.27273690700531006,-0.18459060788154602,-0.03175999969244003,-0.19061821699142456,-0.15164877474308014,0.037112247198820114,-0.4048118591308594,-0.11694111675024033,0.06200611963868141,-0.40231478214263916,-0.17992015182971954,0.052778106182813644,-0.27285006642341614,-0.16484877467155457,0.030984630808234215,-0.20223557949066162,-0.136350616812706
1,0.0,0.0,0.0,-0.1004909798502922,-0.035469118505716324,-0.06876318156719208,-0.1755569577217102,-0.14740347862243652,-0.11936434358358383,-0.12938150763511658,-0.27703702449798584,-0.16919097304344177,-0.06081444397568703,-0.3819867968559265,-0.21473324298858643,-0.22809617221355438,-0.44803833961486816,-0.09447268396615982,-0.23962342739105225,-0.7017078995704651,-0.16065526008605957,-0.232655331492424,-0.8482263088226318,-0.20147885382175446,-0.23520739376544952,-0.9719452261924744,-0.23114222288131714,-0.13460911810398102,-0.4585384726524353,-0.09715063124895096,-0.098287433385849,-0.487760454416275,-0.20175844430923462,-0.08245250582695007,-0.34218117594718933,-0.22890505194664001,-0.0952417179942131,-0.25258105993270874,-0.2286670058965683,-0.044776178896427155,-0.43994465470314026,-0.10571526736021042,-0.00896992813795805,-0.43233516812324524,-0.20164412260055542,-0.0069630821235477924,-0.27296555042266846,-0.18761776387691498,-0.026551544666290283,-0.18306469917297363,-0.1563713103532791,0.03922630473971367,-0.4020533561706543,-0.12082944065332413,0.0660516694188118,-0.3978859782218933,-0.18571598827838898,0.056047338992357254,-0.2721857726573944,-0.17291517555713654,0.03209127485752106,-0.19553329050540924,-0.14623905718326569
1,0.0,0.0,0.0,-0.10064874589443207,-0.038847070187330246,-0.06835342943668365,-0.1758510172367096,-0.15072022378444672,-0.11814861744642258,-0.13218139111995697,-0.2775702476501465,-0.16767306625843048,-0.05941221863031387,-0.3791491985321045,-0.21364642679691315,-0.22834044694900513,-0.4449519217014313,-0.0914868488907814,-0.23757795989513397,-0.702034056186676,-0.15689177811145782,-0.229137122631073,-0.8490115404129028,-0.19583161175251007,-0.2307865023612976,-0.9730044603347778,-0.22327060997486115,-0.13177596032619476,-0.4546186029911041,-0.0943303257226944,-0.0967281386256218,-0.4913516640663147,-0.20173519849777222,-0.08061885088682175,-0.3475055396556854,-0.2296692132949829,-0.0936054214835167,-0.253080815076828,-0.22719594836235046,-0.03987665846943855,-0.43891093134880066,-0.10282092541456223,-0.004296037368476391,-0.4183524549007416,-0.1999865025281906,-0.0009074003319256008,-0.2530536949634552,-0.1861402541399002,-0.020454417914152145,-0.1559201180934906,-0.15282174944877625,0.0448242649435997,-0.4033159911632538,-0.11779408901929855,0.06617899239063263,-0.3716570734977722,-0.1800600290298462,0.055857349187135696,-0.2371208518743515,-0.1653619110584259,0.03297637775540352,-0.15679875016212463,-0.13660214841365814
1,0.0,0.0,0.0,-0.10445164889097214,-0.03740895539522171,-0.0729852095246315,-0.1788172572851181,-0.15123529732227325,-0.12426651269197464,-0.13545940816402435,-0.28401094675064087,-0.1746966540813446,-0.06358900666236877,-0.3874672055244446,-0.22142714262008667,-0.23070521652698517,-0.4472373127937317,-0.09165114909410477,-0.24132636189460754,-0.7004418969154358,-0.1570993959903717,-0.23445439338684082,-0.8475234508514404,-0.19634099304676056,-0.23748216032981873,-0.9713918566703796,-0.22364407777786255,-0.13512209057807922,-0.4560282826423645,-0.09297239035367966,-0.10196519643068314,-0.5019594430923462,-0.20069582760334015,-0.08669847995042801,-0.3660581111907959,-0.22985854744911194,-0.09804880619049072,-0.2701523005962372,-0.22742649912834167,-0.044053815305233,-0.43781009316444397,-0.10063333809375763,-0.007028117310255766,-0.4256407618522644,-0.2020476758480072,-0.0032857859041541815,-0.26269403100013733,-0.19143642485141754,-0.02104428969323635,-0.16500891745090485,-0.158223956823349,0.03997184336185455,-0.39884570240974426,-0.11469113081693649,0.06225806102156639,-0.3972984254360199,-0.18115858733654022,0.052951183170080185,-0.26484888792037964,-0.16763941943645477,0.03233691304922104,-0.1797218769788742,-0.13860227167606354
1,0.0,0.0,0.0,-0.1008196547627449,-0.030827950686216354,-0.07327879965305328,-0.17861934006214142,-0.14521856606006622,-0.12443284690380096,-0.134816512465477,-0.27922800183296204,-0.1738816350698471,-0.0608244314789772,-0.38497504591941833,-0.21886055171489716,-0.23110990226268768,-0.4441770017147064,-0.09379945695400238,-0.2407480776309967,-0.7013720273971558,-0.16051939129829407,-0.232601597905159,-0.84877610206604,-0.19946089386940002,-0.23405177891254425,-0.9722241759300232,-0.22692358493804932,-0.13485845923423767,-0.4527150094509125,-0.09492982923984528,-0.10079072415828705,-0.5049294233322144,-0.20304402709007263,-0.08539190143346786,-0.3647305369377136,-0.2305561751127243,-0.0975067988038063,-0.2727188467979431,-0.22755029797554016,-0.04278629273176193,-0.4359416961669922,-0.10250849276781082,-0.00944378413259983,-0.4319303333759308,-0.20281407237052917,-0.006720569916069508,-0.26944616436958313,-0.18985997140407562,-0.025803906843066216,-0.17952662706375122,-0.15638096630573273,0.043159596621990204,-0.4008193016052246,-0.11658571660518646,0.06168030574917793,-0.39172056317329407,-0.18172934651374817,0.0528937429189682,-0.259121835231781,-0.16773466765880585,0.03269241377711296,-0.18260258436203003,-0.13924640417099
1,0.0,0.0,0.0,-0.10069581866264343,-0.03173314034938812,-0.07618875801563263,-0.17463348805904388,-0.1495293527841568,-0.12838150560855865,-0.1285444051027298,-0.2840670049190521,-0.1782774031162262,-0.056654468178749084,-0.38725340366363525,-0.22364100813865662,-0.22755169868469238,-0.44454634189605713,-0.0989033505320549,-0.23695434629917145,-0.7008489370346069,-0.16823087632656097,-0.23005017638206482,-0.8481069803237915,-0.20946213603019714,-0.23076367378234863,-0.9730097651481628,-0.238545760512352,-0.1325896680355072,-0.4547099471092224,-0.09910579025745392,-0.08667084574699402,-0.5021992921829224,-0.21085916459560394,-0.07594447582960129,-0.3597000241279602,-0.2408849447965622,-0.09332303702831268,-0.26803839206695557,-0.23928950726985931,-0.04242512956261635,-0.4377646744251251,-0.10589554160833359,0.002274604281410575,-0.4290507137775421,-0.2080807387828827,0.0002818528446368873,-0.27003809809684753,-0.1976923942565918,-0.023879321292042732,-0.1842421293258667,-0.16610145568847656,0.04095147177577019,-0.40229979157447815,-0.11959848552942276,0.06937577575445175,-0.39047491550445557,-0.18752916157245636,0.05908909812569618,-0.26032617688179016,-0.1768420934677124,0.03580800071358681,-0.18717198073863983,-0.15050850808620453
1,0.0,0.0,0.0,-0.09733930230140686,-0.04301869869232178,-0.07111044228076935,-0.16852344572544098,-0.15858548879623413,-0.12180723249912262,-0.12374047189950943,-0.28910553455352783,-0.1715793013572693,-0.0517437681555748,-0.38969653844833374,-0.21758048236370087,-0.21862928569316864,-0.4550567865371704,-0.09246458858251572,-0.22849492728710175,-0.7059250473976135,-0.15944188833236694,-0.22087332606315613,-0.8509811162948608,-0.19992373883724213,-0.22245149314403534,-0.9749437570571899,-0.22823306918144226,-0.12231471389532089,-0.46009570360183716,-0.095057412981987,-0.08417801558971405,-0.5114639401435852,-0.2035154402256012,-0.06937634199857712,-0.3729395568370819,-0.23288746178150177,-0.0822368934750557,-0.27893057465553284,-0.23101259768009186,-0.03129039332270622,-0.44002029299736023,-0.1038021519780159,0.006288779899477959,-0.4277481138706207,-0.20459522306919098,0.00722386222332716,-0.2637488842010498,-0.19336919486522675,-0.012953203171491623,-0.16846545040607452,-0.16067947447299957,0.05183013901114464,-0.40097853541374207,-0.11890512704849243,0.07486171275377274,-0.3899446129798889,-0.18449418246746063,0.06419374793767929,-0.25709471106529236,-0.1708129495382309,0.04176842048764229,-0.17668922245502472,-0.1423918604850769
1,0.0,0.0,0.0,-0.10430696606636047,-0.03232289105653763,-0.0742126852273941,-0.18247361481189728,-0.143952876329422,-0.12693895399570465,-0.13795290887355804,-0.27284911274909973,-0.17771120369434357,-0.06229136884212494,-0.372555673122406,-0.2237483710050583,-0.2280978113412857,-0.44740715622901917,-0.09768519550561905,-0.23610198497772217,-0.7039805054664612,-0.1646295189857483,-0.22712481021881104,-0.8493232131004333,-0.20515023171901703,-0.2265186458826065,-0.9740068912506104,-0.23409190773963928,-0.13331936299800873,-0.45549100637435913,-0.09808776527643204,-0.09942644834518433,-0.48746737837791443,-0.205384761095047,-0.0874626561999321,-0.34045955538749695,-0.23257800936698914,-0.10032880306243896,-0.2510777711868286,-0.2305566668510437,-0.04330442100763321,-0.43526172637939453,-0.10488305240869522,-0.008074688725173473,-0.4284941256046295,-0.20374058187007904,-0.009637478739023209,-0.267296701669693,-0.18987607955932617,-0.02961869165301323,-0.18075481057167053,-0.15671952068805695,0.04065422713756561,-0.395621120929718,-0.11848168075084686,0.0659828782081604,-0.3989197611808777,-0.1840662807226181,0.054860614240169525,-0.27291783690452576,-0.17012982070446014,0.03231143578886986,-0.19775253534317017,-0.1417345404624939
1,0.0,0.0,0.0,-0.10089561343193054,-0.034831900149583817,-0.07374399155378342,-0.17439350485801697,-0.14925527572631836,-0.12629124522209167,-0.12977264821529388,-0.27901145815849304,-0.17713071405887604,-0.05880125239491463,-0.3820892870426178,-0.22345070540905,-0.22512060403823853,-0.4508204162120819,-0.09526360034942627,-0.23407498002052307,-0.7053835391998291,-0.16335240006446838,-0.22572773694992065,-0.8504957556724548,-0.2040863037109375,-0.226262629032135,-0.9740663170814514,-0.23280969262123108,-0.13093484938144684,-0.4565354287624359,-0.0963665321469307,-0.08909259736537933,-0.49402761459350586,-0.20533162355422974,-0.07923061400651932,-0.35154011845588684,-0.2344534993171692,-0.09792281687259674,-0.26747268438339233,-0.2335422784090042,-0.04168416187167168,-0.43692222237586975,-0.10395562648773193,-0.0026931518223136663,-0.4253547191619873,-0.20321020483970642,-0.005743900313973427,-0.26615336537361145,-0.19095736742019653,-0.030676336959004402,-0.18512439727783203,-0.15927578508853912,0.04093626141548157,-0.4000086784362793,-0.11832419037818909,0.06564206629991531,-0.3854202330112457,-0.1820463389158249,0.0551820807158947,-0.25635242462158203,-0.1682339757680893,0.031826261430978775,-0.18759609758853912,-0.14051376283168793
1,0.0,0.0,0.0,-0.09897945821285248,-0.036837559193372726,-0.0731051042675972,-0.17295461893081665,-0.15101265907287598,-0.1250789761543274,-0.13244153559207916,-0.28014370799064636,-0.1758742779493332,-0.059257227927446365,-0.37851735949516296,-0.22256779670715332,-0.22469528019428253,-0.451987624168396,-0.09324575960636139,-0.23204483091831207,-0.7090730667114258,-0.16025985777378082,-0.22298425436019897,-0.8524793982505798,-0.19970417022705078,-0.22434158623218536,-0.9745105504989624,-0.22707520425319672,-0.13014177978038788,-0.4571931064128876,-0.0948120728135109,-0.09519468992948532,-0.5023601651191711,-0.20447219908237457,-0.0817698985338211,-0.356498658657074,-0.23330047726631165,-0.09648973494768143,-0.2649286687374115,-0.23030030727386475,-0.04020307958126068,-0.4386965334415436,-0.10267940163612366,-0.005260908976197243,-0.42880141735076904,-0.20610500872135162,-0.0013988394057378173,-0.2611422538757324,-0.1940578669309616,-0.019309664145112038,-0.16903355717658997,-0.15946213901042938,0.042903658002614975,-0.4023420214653015,-0.11681147664785385,0.06543544679880142,-0.3983471989631653,-0.1841544806957245,0.059926945716142654,-0.26474159955978394,-0.1690857857465744,0.04219529405236244,-0.1854301393032074,-0.13845008611679077
1,0.0,0.0,0.0,-0.10097730904817581,-0.03343874588608742,-0.0756593719124794,-0.17618542909622192,-0.14386245608329773,-0.1294044405221939,-0.1323980987071991,-0.27357035875320435,-0.1812068670988083,-0.05880362540483475,-0.3771802484989166,-0.22878293693065643,-0.2291121482849121,-0.4424085319042206,-0.10090252012014389,-0.23440535366535187,-0.7018676996231079,-0.16981655359268188,-0.2224888801574707,-0.8494473695755005,-0.21042320132255554,-0.22088557481765747,-0.9752997159957886,-0.23857779800891876,-0.13304786384105682,-0.4523374140262604,-0.10100678354501724,-0.09558424353599548,-0.49610623717308044,-0.21163661777973175,-0.08121254295110703,-0.35701772570610046,-0.24067406356334686,-0.09670846164226532,-0.2661173939704895,-0.238490492105484,-0.04191622510552406,-0.43664684891700745,-0.10732537508010864,-0.0035245423205196857,-0.41570746898651123,-0.20976772904396057,4.972010356141254e-05,-0.25241589546203613,-0.19805055856704712,-0.020206930115818977,-0.16001278162002563,-0.1646958440542221,0.04181855544447899,-0.4010893404483795,-0.12045080959796906,0.06767845898866653,-0.37831249833106995,-0.18800829350948334,0.061144012957811356,-0.24375177919864655,-0.17534475028514862,0.04102126508951187,-0.16262900829315186,-0.14688709378242493
1,0.0,0.0,0.0,-0.09862279146909714,-0.036965228617191315,-0.0752592533826828,-0.17256492376327515,-0.1497993916273117,-0.12857839465141296,-0.12885794043540955,-0.28011542558670044,-0.18058276176452637,-0.05753052234649658,-0.38346362113952637,-0.22836512327194214,-0.22281409800052643,-0.4522381126880646,-0.09624563902616501,-0.2312413603067398,-0.7073041796684265,-0.16521626710891724,-0.22244837880134583,-0.8521962761878967,-0.20625028014183044,-0.22194038331508636,-0.9750602841377258,-0.23463784158229828,-0.12642835080623627,-0.46004050970077515,-0.09735941141843796,-0.08520424365997314,-0.5048971176147461,-0.21014636754989624,-0.0753459632396698,-0.36372658610343933,-0.2414887696504593,-0.09280502796173096,-0.2721586525440216,-0.23989436030387878,-0.035851720720529556,-0.44117075204849243,-0.10498340427875519,0.004616636782884598,-0.4201766848564148,-0.2088714987039566,0.0030272644944489002,-0.2524816393852234,-0.19845743477344513,-0.020122800022363663,-0.16146746277809143,-0.1653524488210678,0.04751032218337059,-0.40279191732406616,-0.1192927360534668,0.07099726796150208,-0.38140660524368286,-0.186012402176857,0.05856245383620262,-0.24787063896656036,-0.17300502955913544,0.03417692705988884,-0.1726015955209732,-0.14452891051769257
1,0.0,0.0,0.0,-0.10005316883325577,-0.03204783797264099,-0.07531092315912247,-0.1751941591501236,-0.14226758480072021,-0.12930983304977417,-0.1322721540927887,-0.27407294511795044,-0.18140608072280884,-0.0601736381649971,-0.37819820642471313,-0.2288965880870819,-0.225399449467659,-0.44270339608192444,-0.0993880033493042,-0.23349249362945557,-0.700312614440918,-0.1674569845199585,-0.2236732542514801,-0.8482568264007568,-0.20794391632080078,-0.22241874039173126,-0.9749512076377869,-0.23647014796733856,-0.132231205701828,-0.45285719633102417,-0.09930533915758133,-0.09316987544298172,-0.4918087124824524,-0.20807664096355438,-0.0807684138417244,-0.35047921538352966,-0.23579533398151398,-0.09571141749620438,-0.26179081201553345,-0.2335374802350998,-0.04378265514969826,-0.43540433049201965,-0.10563039034605026,-0.004758605733513832,-0.42627230286598206,-0.2054329216480255,-0.006011078134179115,-0.2684940993785858,-0.1922398954629898,-0.028256678953766823,-0.18217840790748596,-0.15907809138298035,0.03854529187083244,-0.397638738155365,-0.11887356638908386,0.06568296253681183,-0.3974979519844055,-0.18508170545101166,0.05485314503312111,-0.27458667755126953,-0.17219457030296326,0.029682479798793793,-0.20105092227458954,-0.14426785707473755
1,0.0,0.0,0.0,-0.10103944689035416,-0.036210253834724426,-0.07299182564020157,-0.17562417685985565,-0.1521352082490921,-0.12368002533912659,-0.1299939900636673,-0.28579217195510864,-0.1731063723564148,-0.05661734193563461,-0.38747885823249817,-0.2184210866689682,-0.22623398900032043,-0.45034608244895935,-0.09296050667762756,-0.23345793783664703,-0.7053278684616089,-0.15834489464759827,-0.22398775815963745,-0.8513991236686707,-0.19653446972370148,-0.22301916778087616,-0.9748140573501587,-0.22299881279468536,-0.13011790812015533,-0.4565388560295105,-0.09374738484621048,-0.08918830752372742,-0.5028692483901978,-0.20164437592029572,-0.07663597166538239,-0.3638553023338318,-0.23054708540439606,-0.0904914066195488,-0.2697325348854065,-0.22785688936710358,-0.039073601365089417,-0.4374992251396179,-0.10066349059343338,-9.214955207426101e-05,-0.42090120911598206,-0.20108114182949066,0.0006349144969135523,-0.25872498750686646,-0.1908501833677292,-0.019302798435091972,-0.16587233543395996,-0.15825240314006805,0.044702526181936264,-0.4000762403011322,-0.1139039546251297,0.06719468533992767,-0.38564354181289673,-0.1786256730556488,0.05752897635102272,-0.25517579913139343,-0.16536186635494232,0.03639249876141548,-0.1765441596508026,-0.1367299109697342
1,0.0,0.0,0.0,-0.09853243827819824,-0.032465651631355286,-0.07327152043581009,-0.1751871109008789,-0.1498415321111679,-0.12396731227636337,-0.13031481206417084,-0.28671517968177795,-0.17322038114070892,-0.057860828936100006,-0.39011451601982117,-0.21836820244789124,-0.22930613160133362,-0.4432602822780609,-0.09531582146883011,-0.23547673225402832,-0.6998639702796936,-0.16149988770484924,-0.22597676515579224,-0.8485863208770752,-0.2007627636194229,-0.2256423681974411,-0.9742102026939392,-0.22893866896629333,-0.1344459354877472,-0.45099037885665894,-0.09619832783937454,-0.09089606255292892,-0.49623793363571167,-0.20471777021884918,-0.07754020392894745,-0.35730406641960144,-0.23299308121204376,-0.09330299496650696,-0.265900582075119,-0.23138965666294098,-0.04431924968957901,-0.4332813322544098,-0.10338883846998215,-0.0024978099390864372,-0.4258981943130493,-0.20467647910118103,-0.003615661058574915,-0.2653244435787201,-0.1932278871536255,-0.027332693338394165,-0.17509786784648895,-0.16142874956130981,0.03885995224118233,-0.39653873443603516,-0.1170666292309761,0.06399466097354889,-0.3880486786365509,-0.18487586081027985,0.05112830176949501,-0.25897908210754395,-0.17351944744586945,0.02451045997440815,-0.18269871175289154,-0.1471487581729889
1,0.0,0.0,0.0,-0.10068753361701965,-0.031528837978839874,-0.07098755985498428,-0.17880462110042572,-0.14608193933963776,-0.12137732654809952,-0.13491889834403992,-0.27817654609680176,-0.17066651582717896,-0.06683960556983948,-0.3826213777065277,-0.21574676036834717,-0.22745151817798615,-0.44913536310195923,-0.09485910832881927,-0.23591788113117218,-0.704425036907196,-0.16162939369678497,-0.22824259102344513,-0.8502883911132812,-0.20170536637306213,-0.22987987101078033,-0.9732190370559692,-0.23008060455322266,-0.13274513185024261,-0.45613986253738403,-0.09645207226276398,-0.09307633340358734,-0.49496138095855713,-0.2051786184310913,-0.08115513622760773,-0.3497314751148224,-0.23405161499977112,-0.09694915264844894,-0.25770992040634155,-0.2328399270772934,-0.04334091395139694,-0.4378006160259247,-0.10412342846393585,-0.005487500224262476,-0.4293294847011566,-0.20514045655727386,-0.005174551159143448,-0.2654550075531006,-0.19351176917552948,-0.02687133476138115,-0.17471273243427277,-0.1614219695329666,0.03957340866327286,-0.4012622833251953,-0.1179918423295021,0.0637756958603859,-0.3976517915725708,-0.18506911396980286,0.05233262851834297,-0.26842692494392395,-0.1725161373615265,0.02650504931807518,-0.19205856323242188,-0.14490872621536255
1,0.0,0.0,0.0,-0.10213761776685715,-0.03980979323387146,-0.07165871560573578,-0.1757243275642395,-0.15285097062587738,-0.12337552011013031,-0.12925061583518982,-0.27881506085395813,-0.1741086095571518,-0.05744202062487602,-0.38053098320961,-0.22051098942756653,-0.225409597158432,-0.4515218138694763,-0.09459834545850754,-0.2286176085472107,-0.7066500782966614,-0.16134898364543915,-0.21731115877628326,-0.8527411818504333,-0.2013539969921112,-0.21608707308769226,-0.976374089717865,-0.22982199490070343,-0.12915070354938507,-0.45833128690719604,-0.09665632992982864,-0.09601002186536789,-0.4919051229953766,-0.20427945256233215,-0.08391796052455902,-0.350321501493454,-0.23256556689739227,-0.09730196744203568,-0.26237162947654724,-0.23122456669807434,-0.036930400878190994,-0.43880197405815125,-0.10494309663772583,-0.0037090275436639786,-0.42214235663414,-0.20268964767456055,-0.0049219271168112755,-0.2622925639152527,-0.18931163847446442,-0.025668930262327194,-0.1750529408454895,-0.1567712128162384,0.04951653257012367,-0.40110599994659424,-0.12000960111618042,0.07197719067335129,-0.38806095719337463,-0.18296918272972107,0.06037783995270729,-0.2618764638900757,-0.16872388124465942,0.03748144581913948,-0.1894918829202652,-0.14059776067733765
1,0.0,0.0,0.0,-0.10509420186281204,-0.035486623644828796,-0.07049843668937683,-0.18049997091293335,-0.1490289866924286,-0.12148546427488327,-0.13544656336307526,-0.2797811031341553,-0.1718980073928833,-0.06406928598880768,-0.38276925683021545,-0.2186170220375061,-0.2283865213394165,-0.4502011835575104,-0.09138619154691696,-0.23586077988147736,-0.7031527161598206,-0.1561456322669983,-0.22699041664600372,-0.8491074442863464,-0.19494396448135376,-0.2277287393808365,-0.9737246632575989,-0.22237609326839447,-0.1334412693977356,-0.4573604166507721,-0.09377367794513702,-0.10052559524774551,-0.4985877573490143,-0.19927074015140533,-0.08593375980854034,-0.35857558250427246,-0.22759881615638733,-0.09786837548017502,-0.26493823528289795,-0.2260778248310089,-0.04213396832346916,-0.43966788053512573,-0.10220489650964737,-0.010932852514088154,-0.4316416084766388,-0.20091098546981812,-0.007989807054400444,-0.271458238363266,-0.18873663246631622,-0.02545315958559513,-0.17713746428489685,-0.15609534084796906,0.04318678006529808,-0.40352290868759155,-0.11690480262041092,0.061229158192873,-0.40513211488723755,-0.18123717606067657,0.05367819592356682,-0.2755213975906372,-0.16638292372226715,0.03430918604135513,-0.19295477867126465,-0.13721869885921478
1,0.0,0.0,0.0,-0.10449814796447754,-0.031722888350486755,-0.07407170534133911,-0.18011747300624847,-0.1440780609846115,-0.12634745240211487,-0.13737699389457703,-0.2751980125904083,-0.17699776589870453,-0.06469809263944626,-0.37778159976005554,-0.2232046276330948,-0.22878721356391907,-0.4498365521430969,-0.09404711425304413,-0.23889781534671783,-0.7047813534736633,-0.16024912893772125,-0.23113839328289032,-0.849807858467102,-0.19996356964111328,-0.23220376670360565,-0.9726671576499939,-0.22792649269104004,-0.13503694534301758,-0.456834077835083,-0.0946461409330368,-0.09990821033716202,-0.4956541359424591,-0.2013901174068451,-0.08651693910360336,-0.3522672951221466,-0.2294728010892868,-0.09902319312095642,-0.2615708112716675,-0.2275417149066925,-0.044999685138463974,-0.4369841516017914,-0.10171154886484146,-0.008335623890161514,-0.43212682008743286,-0.20132918655872345,-0.007604329846799374,-0.2691062390804291,-0.18883875012397766,-0.026983752846717834,-0.17971105873584747,-0.15568645298480988,0.03898325562477112,-0.3982430100440979,-0.11529506742954254,0.06150567904114723,-0.40462973713874817,-0.18065252900123596,0.05269144847989082,-0.2752920389175415,-0.1660786122083664,0.032068222761154175,-0.19754773378372192,-0.13674791157245636
1,0.0,0.0,0.0,-0.10248830914497375,-0.03807449713349342,-0.07009495049715042,-0.1783500611782074,-0.1495475172996521,-0.12082578241825104,-0.1355631798505783,-0.2773890197277069,-0.17087885737419128,-0.06235384941101074,-0.3800964653491974,-0.2167367786169052,-0.2296413779258728,-0.45061466097831726,-0.0912715420126915,-0.23606525361537933,-0.7053081393241882,-0.15628324449062347,-0.22702603042125702,-0.8501638770103455,-0.1951991617679596,-0.22699224948883057,-0.9738965630531311,-0.22283227741718292,-0.13464310765266418,-0.4588932394981384,-0.09334886074066162,-0.09607184678316116,-0.4946165382862091,-0.19816520810127258,-0.08226462453603745,-0.3570689260959625,-0.22625866532325745,-0.09573490172624588,-0.2698032855987549,-0.22515036165714264,-0.043450746685266495,-0.44016024470329285,-0.10148918628692627,-0.006937938742339611,-0.4229430854320526,-0.1978369653224945,-0.006021713372319937,-0.265494704246521,-0.1860167384147644,-0.026174962520599365,-0.17787650227546692,-0.1545291244983673,0.04147591069340706,-0.40304383635520935,-0.1161443442106247,0.06471944600343704,-0.3879775404930115,-0.17855188250541687,0.05460307374596596,-0.2616470754146576,-0.16516609489917755,0.03110593929886818,-0.18658661842346191,-0.13757696747779846
1,0.0,0.0,0.0,-0.10314986109733582,-0.036644477397203445,-0.07231083512306213,-0.1774751842021942,-0.15076421201229095,-0.12459636479616165,-0.13167621195316315,-0.281634122133255,-0.1759653240442276,-0.059394799172878265,-0.38450440764427185,-0.22340762615203857,-0.22764721512794495,-0.44868671894073486,-0.09494001418352127,-0.23731796443462372,-0.7043045163154602,-0.16246753931045532,-0.2283092588186264,-0.8498638272285461,-0.2028643786907196,-0.22725427150726318,-0.9738354682922363,-0.23129288852214813,-0.13200433552265167,-0.45634540915489197,-0.0967230498790741,-0.09264121949672699,-0.4916422367095947,-0.2053985297679901,-0.07961075007915497,-0.34781399369239807,-0.2338556945323944,-0.09296644479036331,-0.258342444896698,-0.23224514722824097,-0.04109090566635132,-0.4370137155056,-0.10487797856330872,-0.004489736165851355,-0.42727425694465637,-0.20506495237350464,-0.003351302584633231,-0.26519179344177246,-0.1919756829738617,-0.022486746311187744,-0.17660225927829742,-0.15886661410331726,0.04275524616241455,-0.3994143605232239,-0.11963458359241486,0.06554639339447021,-0.39508476853370667,-0.18476282060146332,0.05640444532036781,-0.26679033041000366,-0.17054341733455658,0.035171989351511,-0.1925954967737198,-0.14188581705093384
1,0.0,0.0,0.0,-0.09906286746263504,-0.03150586038827896,-0.07181642204523087,-0.17772379517555237,-0.14596857130527496,-0.1215643361210823,-0.13911135494709015,-0.28273603320121765,-0.16993363201618195,-0.06633887439966202,-0.3854217231273651,-0.21451139450073242,-0.23084627091884613,-0.44545117020606995,-0.09242452681064606,-0.24027152359485626,-0.7027258276939392,-0.15762853622436523,-0.23011238873004913,-0.8484652638435364,-0.1965547502040863,-0.23015278577804565,-0.9731545448303223,-0.22379915416240692,-0.13497188687324524,-0.4541417062282562,-0.09306835383176804,-0.10128505527973175,-0.5015444755554199,-0.1995425671339035,-0.08632810413837433,-0.3571251332759857,-0.22698545455932617,-0.09950879216194153,-0.2616554796695709,-0.22385281324386597,-0.04393639415502548,-0.43969810009002686,-0.09969998896121979,-0.010253695771098137,-0.43153631687164307,-0.20007741451263428,-0.004979492165148258,-0.2633870840072632,-0.18699105083942413,-0.02117869444191456,-0.16610047221183777,-0.15275618433952332,0.04074198752641678,-0.4071221351623535,-0.11259201169013977,0.061047714203596115,-0.40259286761283875,-0.17928802967071533,0.05602094158530235,-0.2652353048324585,-0.16443543136119843,0.039709120988845825,-0.1805427074432373,-0.13438110053539276
1,0.0,0.0,0.0,-0.10174348205327988,-0.030552498996257782,-0.07337315380573273,-0.17839933931827545,-0.14296628534793854,-0.12506581842899323,-0.13926465809345245,-0.2778942584991455,-0.1753649264574051,-0.07015658915042877,-0.38326460123062134,-0.22134657204151154,-0.2295331358909607,-0.44606471061706543,-0.09325065463781357,-0.2394258975982666,-0.702971875667572,-0.15985317528247833,-0.2319432497024536,-0.8494667410850525,-0.19941598176956177,-0.23363766074180603,-0.9723237156867981,-0.22689400613307953,-0.13591422140598297,-0.4540533721446991,-0.09399545192718506,-0.10151350498199463,-0.49768081307411194,-0.20250262320041656,-0.08602504432201385,-0.35571175813674927,-0.23063655197620392,-0.09752705693244934,-0.2630697786808014,-0.22776001691818237,-0.046536147594451904,-0.4365866482257843,-0.10118516534566879,-0.012525160796940327,-0.43208909034729004,-0.2016766518354416,-0.007977426052093506,-0.27171847224235535,-0.1886240392923355,-0.02456953376531601,-0.181923508644104,-0.15448527038097382,0.03672882169485092,-0.40015870332717896,-0.11491020768880844,0.05878759175539017,-0.40666866302490234,-0.1804506927728653,0.05225006118416786,-0.2789839208126068,-0.16575664281845093,0.03329474478960037,-0.20166556537151337,-0.13603611290454865
1,0.0,0.0,0.0,-0.10513943433761597,-0.03577270358800888,-0.07137960940599442,-0.17894409596920013,-0.1461058408021927,-0.12290703505277634,-0.13541802763938904,-0.2750872075557709,-0.1737554669380188,-0.06329582631587982,-0.3762038052082062,-0.2201964259147644,-0.22739675641059875,-0.45009124279022217,-0.09045553207397461,-0.23636209964752197,-0.704295814037323,-0.1550760269165039,-0.22807730734348297,-0.8509153127670288,-0.19397561252117157,-0.22798918187618256,-0.9736637473106384,-0.22092057764530182,-0.13338832557201385,-0.4566473960876465,-0.09166521579027176,-0.09413382411003113,-0.4934403598308563,-0.19804193079471588,-0.08083635568618774,-0.356149822473526,-0.22768789529800415,-0.09336502850055695,-0.26478955149650574,-0.2262396663427353,-0.04361527040600777,-0.4376610815525055,-0.09892541170120239,-0.008304531686007977,-0.4238111972808838,-0.19614391028881073,-0.006431047338992357,-0.2679746448993683,-0.18538866937160492,-0.023809319362044334,-0.17896053194999695,-0.15308812260627747,0.039702482521533966,-0.4013550281524658,-0.11273454874753952,0.06298734992742538,-0.3992728292942047,-0.17423349618911743,0.053968146443367004,-0.2779765725135803,-0.16001014411449432,0.03263707458972931,-0.20297911763191223,-0.1310402899980545
1,0.0,0.0,0.0,-0.10169795155525208,-0.033909525722265244,-0.07353746145963669,-0.1768045723438263,-0.14896690845489502,-0.1252695918083191,-0.13376784324645996,-0.28112518787384033,-0.17576448619365692,-0.06357505917549133,-0.3831234872341156,-0.2222699224948883,-0.22726695239543915,-0.44861310720443726,-0.0942985936999321,-0.23562423884868622,-0.7039268612861633,-0.16130362451076508,-0.22724220156669617,-0.8495796322822571,-0.20138077437877655,-0.2279537469148636,-0.9736719727516174,-0.2293931245803833,-0.1329849362373352,-0.4551593065261841,-0.09509075433015823,-0.09852832555770874,-0.49599647521972656,-0.20523683726787567,-0.0847930833697319,-0.3523540496826172,-0.23484835028648376,-0.09728486090898514,-0.2606586217880249,-0.23268328607082367,-0.04303618147969246,-0.4372071623802185,-0.10221889615058899,-0.008695492520928383,-0.42812931537628174,-0.20425544679164886,-0.004650409799069166,-0.2662123739719391,-0.1924380213022232,-0.02124536596238613,-0.1763281524181366,-0.15871849656105042,0.04047967493534088,-0.40108945965766907,-0.11585765331983566,0.06244082376360893,-0.4035181403160095,-0.18226321041584015,0.05560451000928879,-0.27538400888442993,-0.16826726496219635,0.03725864365696907,-0.1982753574848175,-0.1389438509941101
1,0.0,0.0,0.0,-0.10329346358776093,-0.03584273159503937,-0.07306911796331406,-0.17817051708698273,-0.14722982048988342,-0.12518058717250824,-0.13479149341583252,-0.27656716108322144,-0.1758224070072174,-0.06243447959423065,-0.3781745731830597,-0.22162048518657684,-0.2291698157787323,-0.44909411668777466,-0.09411980956792831,-0.23732779920101166,-0.7035049200057983,-0.16167546808719635,-0.2277793288230896,-0.8489510416984558,-0.20316337049007416,-0.2275082767009735,-0.9737761616706848,-0.23274987936019897,-0.1353418231010437,-0.4587279260158539,-0.09504109621047974,-0.10048168152570724,-0.49199965596199036,-0.20111478865146637,-0.08751863986253738,-0.3521316349506378,-0.22952738404273987,-0.10134895145893097,-0.2689778506755829,-0.22903425991535187,-0.045646920800209045,-0.44016775488853455,-0.10251583158969879,-0.010852530598640442,-0.4324803650379181,-0.1979302167892456,-0.011560646817088127,-0.2790776193141937,-0.18477192521095276,-0.031903576105833054,-0.19983434677124023,-0.15329889953136444,0.03780011832714081,-0.40286439657211304,-0.11719463020563126,0.06413765251636505,-0.39967596530914307,-0.17931897938251495,0.05320774018764496,-0.27896296977996826,-0.16630037128925323,0.02971663512289524,-0.21169181168079376,-0.13938209414482117
1,0.0,0.0,0.0,-0.10529764741659164,-0.03470519930124283,-0.07329870760440826,-0.1812477707862854,-0.14710575342178345,-0.12556177377700806,-0.13450965285301208,-0.27569249272346497,-0.17596234381198883,-0.05771965906023979,-0.3761015832424164,-0.22168505191802979,-0.22839008271694183,-0.450539231300354,-0.0946369394659996,-0.23752804100513458,-0.7055577039718628,-0.16097751259803772,-0.22930455207824707,-0.8499493598937988,-0.20084485411643982,-0.22927097976207733,-0.9733626842498779,-0.22920463979244232,-0.1336509883403778,-0.4570605754852295,-0.09532266855239868,-0.09784649312496185,-0.4967905282974243,-0.19985103607177734,-0.08563704043626785,-0.35645049810409546,-0.227188378572464,-0.09986192733049393,-0.27313748002052307,-0.22610361874103546,-0.04348455369472504,-0.43702933192253113,-0.10247312486171722,-0.009533445350825787,-0.4344404935836792,-0.19756092131137848,-0.010435624048113823,-0.27967166900634766,-0.18449068069458008,-0.031231310218572617,-0.20076513290405273,-0.15310777723789215,0.039937447756528854,-0.39959439635276794,-0.11651723831892014,0.06165271997451782,-0.39883920550346375,-0.17716461420059204,0.05290720984339714,-0.27463337779045105,-0.16243186593055725,0.03244595602154732,-0.20613136887550354,-0.13464966416358948
1,0.0,0.0,0.0,-0.09814567118883133,-0.03919130936264992,-0.07281817495822906,-0.17144149541854858,-0.15602606534957886,-0.1234336569905281,-0.12733379006385803,-0.2887064814567566,-0.17344723641872406,-0.05401789769530296,-0.3899877071380615,-0.22013972699642181,-0.22243483364582062,-0.4517247974872589,-0.08975189179182053,-0.23026737570762634,-0.7049990296363831,-0.15598233044147491,-0.22169730067253113,-0.8508015275001526,-0.19479741156101227,-0.22222261130809784,-0.9749959707260132,-0.22173099219799042,-0.1258770227432251,-0.45704832673072815,-0.09148892760276794,-0.08873917162418365,-0.5061285495758057,-0.2027062177658081,-0.07483883202075958,-0.36304834485054016,-0.23303362727165222,-0.0876261293888092,-0.2651805281639099,-0.23019233345985413,-0.034887153655290604,-0.43911123275756836,-0.09973574429750443,0.0022050340194255114,-0.4249814748764038,-0.2047044038772583,0.00412259204313159,-0.2581629753112793,-0.19568835198879242,-0.01569066382944584,-0.16164380311965942,-0.16261348128318787,0.04888955503702164,-0.4030822813510895,-0.11411217600107193,0.06971461325883865,-0.39064300060272217,-0.18282358348369598,0.060295041650533676,-0.25361576676368713,-0.1706952005624771,0.03927755355834961,-0.17049570381641388,-0.1422676295042038
1,0.0,0.0,0.0,-0.09912208467721939,-0.030159296467900276,-0.07795679569244385,-0.17309246957302094,-0.14067824184894562,-0.13232454657554626,-0.13236194849014282,-0.2753467261791229,-0.18425075709819794,-0.06411996483802795,-0.38264182209968567,-0.23185408115386963,-0.22916559875011444,-0.43907132744789124,-0.0988328754901886,-0.23899208009243011,-0.6985580921173096,-0.16710416972637177,-0.23103570938110352,-0.8459511995315552,-0.20728248357772827,-0.23212656378746033,-0.9726856350898743,-0.2351057082414627,-0.13630633056163788,-0.4498538374900818,-0.0975816398859024,-0.10297244787216187,-0.49376606941223145,-0.2076585590839386,-0.08639159053564072,-0.3444662094116211,-0.2356562465429306,-0.09789861738681793,-0.24975435435771942,-0.23222793638706207,-0.047705382108688354,-0.43488991260528564,-0.10287384688854218,-0.011830411851406097,-0.42949816584587097,-0.20657233893871307,-0.0060205827467143536,-0.2607496678829193,-0.1921246349811554,-0.022745685651898384,-0.16791053116321564,-0.15630052983760834,0.03502771258354187,-0.4000035524368286,-0.1148538663983345,0.05722420662641525,-0.40060558915138245,-0.1836717128753662,0.052808091044425964,-0.2657954692840576,-0.16810302436351776,0.03489373251795769,-0.18477782607078552,-0.13706552982330322
1,0.0,0.0,0.0,-0.09827344864606857,-0.03839752450585365,-0.07075793296098709,-0.1725635826587677,-0.15428060293197632,-0.12126357108354568,-0.1306421309709549,-0.2866772413253784,-0.17123030126094818,-0.05812773481011391,-0.38585272431373596,-0.21760106086730957,-0.22314712405204773,-0.4518857002258301,-0.09215306490659714,-0.23273855447769165,-0.7060338258743286,-0.1584644615650177,-0.22396568953990936,-0.8513716459274292,-0.19791749119758606,-0.2236213982105255,-0.9746760725975037,-0.22526319324970245,-0.12778635323047638,-0.456879198551178,-0.09430477023124695,-0.09073980152606964,-0.5050928592681885,-0.20257753133773804,-0.07890260964632034,-0.3607933819293976,-0.2313147783279419,-0.09298309683799744,-0.2653156518936157,-0.22871188819408417,-0.0377068892121315,-0.43755194544792175,-0.10246618092060089,-0.00042998470598831773,-0.42752477526664734,-0.20400430262088776,0.0011596973054111004,-0.259441614151001,-0.19257576763629913,-0.017119314521551132,-0.16232402622699738,-0.15897098183631897,0.04537463188171387,-0.4001597464084625,-0.11673548817634583,0.06803274154663086,-0.3955630362033844,-0.18253591656684875,0.05973578989505768,-0.26260632276535034,-0.16819240152835846,0.04050165414810181,-0.18072891235351562,-0.13867177069187164
1,0.0,0.0,0.0,-0.10275637358427048,-0.03280647099018097,-0.07541297376155853,-0.17954662442207336,-0.1473015546798706,-0.1269948035478592,-0.13508091866970062,-0.2831557095050812,-0.1766800582408905,-0.06280946731567383,-0.3871530294418335,-0.22225090861320496,-0.22959747910499573,-0.44448602199554443,-0.09419256448745728,-0.2376662790775299,-0.7026389241218567,-0.15925103425979614,-0.22872678935527802,-0.849118709564209,-0.197467640042305,-0.22858840227127075,-0.9735231399536133,-0.2244182825088501,-0.13397344946861267,-0.45153436064720154,-0.09395171701908112,-0.10245354473590851,-0.5040292739868164,-0.20012445747852325,-0.08744505047798157,-0.3643133342266083,-0.22692614793777466,-0.0982079803943634,-0.26857778429985046,-0.2237592488527298,-0.043605025857686996,-0.4335245192050934,-0.10039679706096649,-0.012072235345840454,-0.43542978167533875,-0.20057335495948792,-0.007603316102176905,-0.2744820713996887,-0.18798595666885376,-0.02362102083861828,-0.17993755638599396,-0.15452919900417328,0.04020451754331589,-0.3962794244289398,-0.11344399303197861,0.05959875136613846,-0.4036850035190582,-0.18041424453258514,0.05374899134039879,-0.27259108424186707,-0.16676683723926544,0.03654708340764046,-0.1891675442457199,-0.13811556994915009
1,0.0,0.0,0.0,-0.10318126529455185,-0.032326001673936844,-0.07756070047616959,-0.17833095788955688,-0.14185085892677307,-0.13213121891021729,-0.13800498843193054,-0.27702099084854126,-0.1845952719449997,-0.067215695977211,-0.383480429649353,-0.2324184775352478,-0.23101799190044403,-0.4471050500869751,-0.09720457345247269,-0.2403258979320526,-0.7035044431686401,-0.1636010706424713,-0.23077380657196045,-0.8491993546485901,-0.20247673988342285,-0.23114606738090515,-0.9729190468788147,-0.22932590544223785,-0.13719063997268677,-0.45676910877227783,-0.09574896842241287,-0.10141099244356155,-0.5023629069328308,-0.2039707750082016,-0.08424881845712662,-0.36101433634757996,-0.23235706984996796,-0.09581343829631805,-0.26457715034484863,-0.2294340580701828,-0.047569576650857925,-0.441300630569458,-0.10089405626058578,-0.012690765783190727,-0.4320734143257141,-0.2028418630361557,-0.006507618818432093,-0.27032798528671265,-0.19159859418869019,-0.0236104317009449,-0.1754407286643982,-0.1577310711145401,0.03599229082465172,-0.40700218081474304,-0.11271877586841583,0.05905954912304878,-0.4127441942691803,-0.17960582673549652,0.05445950850844383,-0.2838785648345947,-0.16610564291477203,0.03507588803768158,-0.20013020932674408,-0.13669855892658234
1,0.0,0.0,0.0,-0.10373666882514954,-0.03549841418862343,-0.07257576286792755,-0.18038953840732574,-0.14794935286045074,-0.12525802850723267,-0.13589166104793549,-0.2780269682407379,-0.17655184864997864,-0.06113293394446373,-0.3812808096408844,-0.2228592336177826,-0.22985877096652985,-0.44763660430908203,-0.09510350227355957,-0.23806215822696686,-0.7033084034919739,-0.16387797892093658,-0.22782917320728302,-0.8488516211509705,-0.20498941838741302,-0.22601546347141266,-0.9741237163543701,-0.2343316525220871,-0.13512706756591797,-0.4583519995212555,-0.09675562381744385,-0.09866933524608612,-0.4950743019580841,-0.20429296791553497,-0.08786936849355698,-0.35359811782836914,-0.23214749991893768,-0.10322964936494827,-0.2732834815979004,-0.23132635653018951,-0.044686831533908844,-0.4409993886947632,-0.10515642166137695,-0.009311630390584469,-0.43450093269348145,-0.2022186666727066,-0.011226404458284378,-0.27958667278289795,-0.1889500766992569,-0.03301556035876274,-0.20394206047058105,-0.15747395157814026,0.04001375660300255,-0.40516433119773865,-0.1205805316567421,0.06503811478614807,-0.3995461165904999,-0.18279720842838287,0.053056750446558,-0.27868250012397766,-0.1699274629354477,0.028480004519224167,-0.21571509540081024,-0.14361433684825897
1,0.0,0.0,0.0,-0.09992172569036484,-0.030189696699380875,-0.07265886664390564,-0.17694975435733795,-0.14202143251895905,-0.12418859452009201,-0.13656079769134521,-0.2759687602519989,-0.1744677871465683,-0.06508617848157883,-0.378609836101532,-0.22056667506694794,-0.22965168952941895,-0.4425356090068817,-0.0942380279302597,-0.24019917845726013,-0.7010663151741028,-0.16110894083976746,-0.23093381524085999,-0.8475239872932434,-0.20027057826519012,-0.23012124001979828,-0.9731619358062744,-0.22760912775993347,-0.13534581661224365,-0.4516923427581787,-0.09520211815834045,-0.09739924222230911,-0.5019484758377075,-0.20349638164043427,-0.08362919092178345,-0.35735589265823364,-0.23090197145938873,-0.09793373942375183,-0.264494389295578,-0.22777307033538818,-0.04612750932574272,-0.4362850487232208,-0.10247866809368134,-0.009939384646713734,-0.43719714879989624,-0.2024550884962082,-0.007374991662800312,-0.27407148480415344,-0.18927018344402313,-0.026754144579172134,-0.18387199938297272,-0.15548858046531677,0.03687109798192978,-0.4022444188594818,-0.11626046150922775,0.060630302876234055,-0.404994934797287,-0.18120524287223816,0.053244832903146744,-0.27628183364868164,-0.16705051064491272,0.03216693177819252,-0.19995401799678802,-0.13825948536396027
1,0.0,0.0,0.0,-0.09897153824567795,-0.03206133469939232,-0.07514569163322449,-0.1776278018951416,-0.1431562602519989,-0.12731444835662842,-0.137327641248703,-0.27726835012435913,-0.17773303389549255,-0.06383746862411499,-0.3838902413845062,-0.2240571230649948,-0.22868378460407257,-0.445038378238678,-0.096213199198246,-0.2349797785282135,-0.7020673751831055,-0.1637546867132187,-0.22470806539058685,-0.8483550548553467,-0.20255495607852936,-0.22419442236423492,-0.9745444655418396,-0.22909097373485565,-0.13197217881679535,-0.4548417627811432,-0.09631383419036865,-0.09249833226203918,-0.5086005926132202,-0.2072649896144867,-0.0769525095820427,-0.3677321672439575,-0.2361147403717041,-0.0903908759355545,-0.2735931873321533,-0.23223185539245605,-0.040715474635362625,-0.44076627492904663,-0.10263245552778244,0.0018820613622665405,-0.4208279252052307,-0.20609919726848602,0.008308443240821362,-0.25048306584358215,-0.19441205263137817,-0.008870148099958897,-0.1518820822238922,-0.15960490703582764,0.04322222247719765,-0.40718141198158264,-0.11555731296539307,0.06812338531017303,-0.3726242482662201,-0.1822088360786438,0.06299401819705963,-0.23065699636936188,-0.16888397932052612,0.045827992260456085,-0.14693337678909302,-0.13953427970409393
1,0.0,0.0,0.0,-0.10136087238788605,-0.0358583889901638,-0.07054596394300461,-0.17764335870742798,-0.15288802981376648,-0.11993639171123505,-0.1367872655391693,-0.2885119915008545,-0.1689189225435257,-0.06729507446289062,-0.39034131169319153,-0.2144896239042282,-0.22516383230686188,-0.44918203353881836,-0.09021269530057907,-0.23593169450759888,-0.7022873759269714,-0.15563727915287018,-0.22837570309638977,-0.848980724811554,-0.19524896144866943,-0.22907359898090363,-0.9734090566635132,-0.22268995642662048,-0.12888018786907196,-0.45490315556526184,-0.09218014031648636,-0.09181568771600723,-0.5000420808792114,-0.20160064101219177,-0.07851632684469223,-0.36003369092941284,-0.23241643607616425,-0.08958626538515091,-0.2631950378417969,-0.23050253093242645,-0.03786152973771095,-0.4374712109565735,-0.10008202493190765,-0.0037637040950357914,-0.4288486838340759,-0.20268532633781433,-0.0019008355448022485,-0.2631552815437317,-0.19321754574775696,-0.017261458560824394,-0.1643742322921753,-0.1601887345314026,0.04654368758201599,-0.4028837978839874,-0.1139451116323471,0.06435035169124603,-0.40230271220207214,-0.181070476770401,0.05538392439484596,-0.2688297629356384,-0.1678914725780487,0.038494404405355453,-0.1847228854894638,-0.13868717849254608
1,0.0,0.0,0.0,-0.10053273290395737,-0.03118588589131832,-0.07236430794000626,-0.17621029913425446,-0.14419560134410858,-0.12391107529401779,-0.13522501289844513,-0.27399733662605286,-0.17430785298347473,-0.06461835652589798,-0.3731856942176819,-0.22092612087726593,-0.2269997000694275,-0.44453299045562744,-0.09477870166301727,-0.23723091185092926,-0.7018124461174011,-0.1630019247531891,-0.2293645590543747,-0.8472524285316467,-0.20441314578056335,-0.22954586148262024,-0.9732978343963623,-0.23324334621429443,-0.13138462603092194,-0.449514240026474,-0.0963696837425232,-0.09917742758989334,-0.49658912420272827,-0.20624017715454102,-0.08678073436021805,-0.34662505984306335,-0.23507159948349,-0.09907323867082596,-0.25297123193740845,-0.2324991077184677,-0.040806062519550323,-0.43164563179016113,-0.10413482785224915,-0.009572229348123074,-0.4333003759384155,-0.2063804417848587,-0.006608337163925171,-0.26249897480010986,-0.19208304584026337,-0.021212924271821976,-0.16909220814704895,-0.15655896067619324,0.04355328530073166,-0.3968188762664795,-0.11821166425943375,0.06185068190097809,-0.4079679250717163,-0.18497604131698608,0.05484534427523613,-0.27313411235809326,-0.16838444769382477,0.03892580419778824,-0.19281040132045746,-0.13709692656993866
1,0.0,0.0,0.0,-0.09963639080524445,-0.03303820639848709,-0.07050850987434387,-0.1774388998746872,-0.14521972835063934,-0.12132621556520462,-0.13623878359794617,-0.2777121663093567,-0.17118847370147705,-0.0633520781993866,-0.37712112069129944,-0.21688829362392426,-0.22627362608909607,-0.44759324193000793,-0.09458495676517487,-0.23701880872249603,-0.7044649720191956,-0.1615663319826126,-0.22680926322937012,-0.8501192927360535,-0.20231273770332336,-0.22390985488891602,-0.9746098518371582,-0.23120605945587158,-0.13126827776432037,-0.45570504665374756,-0.09640879184007645,-0.09081733971834183,-0.49557727575302124,-0.20388801395893097,-0.07910609990358353,-0.355607271194458,-0.23233863711357117,-0.09410440176725388,-0.2663037180900574,-0.23100599646568298,-0.041787002235651016,-0.43727222084999084,-0.10428150743246078,-0.0036708193365484476,-0.42992836236953735,-0.20111492276191711,-0.0037970258854329586,-0.2734225392341614,-0.18867896497249603,-0.024126416072249413,-0.1860119253396988,-0.15686403214931488,0.04092521592974663,-0.40042880177497864,-0.11887722462415695,0.06724226474761963,-0.3964539170265198,-0.1822175532579422,0.05795782431960106,-0.2731545567512512,-0.16956347227096558,0.0360834114253521,-0.20069478452205658,-0.14247366786003113
1,0.0,0.0,0.0,-0.09674222022294998,-0.03143399581313133,-0.07301604747772217,-0.17415420711040497,-0.1439068764448166,-0.12451191991567612,-0.1380399614572525,-0.2801033556461334,-0.17493748664855957,-0.06652054935693741,-0.3820148706436157,-0.22163304686546326,-0.22446143627166748,-0.4431173503398895,-0.0965532511472702,-0.23685482144355774,-0.7020651698112488,-0.16428598761558533,-0.22730526328086853,-0.8486150503158569,-0.2041378915309906,-0.22567293047904968,-0.9742031097412109,-0.2315705120563507,-0.1291683167219162,-0.4495958089828491,-0.0977700799703598,-0.09556107968091965,-0.5002820491790771,-0.20769798755645752,-0.08249350637197495,-0.35656216740608215,-0.23531410098075867,-0.09583235532045364,-0.2612117826938629,-0.23149169981479645,-0.03969423100352287,-0.4317018389701843,-0.10516321659088135,-0.006497361697256565,-0.4281785786151886,-0.20734477043151855,-0.0034675223287194967,-0.26304200291633606,-0.19365085661411285,-0.02054034359753132,-0.16805754601955414,-0.15841645002365112,0.043188247829675674,-0.3943865895271301,-0.11901099234819412,0.06490807235240936,-0.3993970453739166,-0.18583814799785614,0.05719976872205734,-0.27154606580734253,-0.1709386259317398,0.03776936233043671,-0.19259844720363617,-0.1408575028181076
1,0.0,0.0,0.0,-0.10091014206409454,-0.03218454867601395,-0.07530374079942703,-0.17495663464069366,-0.14496377110481262,-0.12852871417999268,-0.1318177878856659,-0.27917829155921936,-0.1801292598247528,-0.06268874555826187,-0.38134080171585083,-0.2274647355079651,-0.2256641387939453,-0.4455912411212921,-0.09796613454818726,-0.23502075672149658,-0.7018611431121826,-0.16686248779296875,-0.22488589584827423,-0.8478780388832092,-0.20817726850509644,-0.22333796322345734,-0.9747411012649536,-0.2370290607213974,-0.13145044445991516,-0.4547376036643982,-0.09857135266065598,-0.09632904082536697,-0.49720239639282227,-0.21015478670597076,-0.08300875872373581,-0.35037127137184143,-0.23940201103687286,-0.09639545530080795,-0.25821465253829956,-0.23670093715190887,-0.041972313076257706,-0.4379138648509979,-0.1056051254272461,-0.0052037728019058704,-0.4286012053489685,-0.2083006352186203,-0.0028284129220992327,-0.262921005487442,-0.19544252753257751,-0.021667595952749252,-0.17335565388202667,-0.16096614301204681,0.04116968810558319,-0.4014953374862671,-0.11944027245044708,0.06640920788049698,-0.40102559328079224,-0.18641676008701324,0.05735696852207184,-0.27181175351142883,-0.1726260632276535,0.03534255176782608,-0.19637814164161682,-0.14346836507320404
1,0.0,0.0,0.0,-0.1023927703499794,-0.02541375532746315,-0.07202648371458054,-0.18389500677585602,-0.13863344490528107,-0.12162327021360397,-0.14306865632534027,-0.2742003798484802,-0.16980069875717163,-0.07034700363874435,-0.3746239244937897,-0.21389515697956085,-0.23236873745918274,-0.4432314932346344,-0.09328101575374603,-0.24505572021007538,-0.7001540064811707,-0.15997441112995148,-0.23583169281482697,-0.8462634086608887,-0.2003704309463501,-0.23466365039348602,-0.9720766544342041,-0.22887225449085236,-0.1384761929512024,-0.4511842429637909,-0.09421553462743759,-0.10463835299015045,-0.4972018003463745,-0.20239102840423584,-0.09047669917345047,-0.3506985008716583,-0.23009434342384338,-0.10311103612184525,-0.2570720911026001,-0.2271672487258911,-0.04947664961218834,-0.4350413382053375,-0.1013980284333229,-0.015956072136759758,-0.4310600757598877,-0.2005416303873062,-0.012111729942262173,-0.26712146401405334,-0.18639740347862244,-0.02863227389752865,-0.17716972529888153,-0.1521856039762497,0.03320137783885002,-0.4001121520996094,-0.11525977402925491,0.054001256823539734,-0.40164774656295776,-0.18054476380348206,0.04780631139874458,-0.27095213532447815,-0.16586586833000183,0.029796866700053215,-0.19426317512989044,-0.13660401105880737
1,0.0,0.0,0.0,-0.10185693204402924,-0.03134771063923836,-0.07279012352228165,-0.17956097424030304,-0.14339697360992432,-0.12455406785011292,-0.1411006897687912,-0.27562832832336426,-0.17522509396076202,-0.06801178306341171,-0.37328410148620605,-0.2218455672264099,-0.22923530638217926,-0.44556087255477905,-0.09478017687797546,-0.24076157808303833,-0.7028997540473938,-0.1634897142648697,-0.2323768138885498,-0.8480450510978699,-0.20502008497714996,-0.23110947012901306,-0.9729278087615967,-0.23362860083580017,-0.13403601944446564,-0.45262330770492554,-0.09624017775058746,-0.09465007483959198,-0.4986077845096588,-0.2064102739095688,-0.08462928980588913,-0.35550418496131897,-0.23634442687034607,-0.10025455057621002,-0.26699963212013245,-0.2343868911266327,-0.04401809722185135,-0.4351125657558441,-0.10390836745500565,-0.006243264768272638,-0.42771270871162415,-0.2038818895816803,-0.00626763142645359,-0.2654009759426117,-0.19196559488773346,-0.02543630078434944,-0.18058298528194427,-0.15859250724315643,0.03912468999624252,-0.40008920431137085,-0.11822331696748734,0.062292952090501785,-0.39342910051345825,-0.18125252425670624,0.05424904823303223,-0.26387128233909607,-0.16646572947502136,0.03596172854304314,-0.19233699142932892,-0.13703130185604095
1,0.0,0.0,0.0,-0.10392565280199051,-0.03321697562932968,-0.07071379572153091,-0.18128518760204315,-0.15004219114780426,-0.11895032972097397,-0.13904565572738647,-0.2868851125240326,-0.16672362387180328,-0.06676030158996582,-0.38679239153862,-0.21083031594753265,-0.22789248824119568,-0.4481237232685089,-0.08640267699956894,-0.23941126465797424,-0.7013015151023865,-0.15075071156024933,-0.23099613189697266,-0.8474149703979492,-0.1895315945148468,-0.23233452439308167,-0.9726359248161316,-0.21661219000816345,-0.13364775478839874,-0.45430850982666016,-0.08791027963161469,-0.10662136226892471,-0.5033870935440063,-0.19456429779529572,-0.09313108772039413,-0.3634352385997772,-0.22317610681056976,-0.10453280061483383,-0.27019163966178894,-0.2201237678527832,-0.04408181086182594,-0.4367373287677765,-0.09580191224813461,-0.01647188700735569,-0.4311029613018036,-0.195577934384346,-0.011707770638167858,-0.2692595422267914,-0.18400642275810242,-0.026623830199241638,-0.17778712511062622,-0.14975076913833618,0.03900100663304329,-0.4008350074291229,-0.11004064977169037,0.05746689438819885,-0.41184327006340027,-0.17446596920490265,0.05028758570551872,-0.28665870428085327,-0.15993981063365936,0.03197120875120163,-0.2085283100605011,-0.13013151288032532
1,0.0,0.0,0.0,-0.10196520388126373,-0.03469526022672653,-0.07182399928569794,-0.18038292229175568,-0.15018311142921448,-0.12146061658859253,-0.14226628839969635,-0.2872013747692108,-0.170674666762352,-0.07023099064826965,-0.3870803713798523,-0.21648192405700684,-0.22752702236175537,-0.4486747980117798,-0.08762431144714355,-0.24142444133758545,-0.7020612359046936,-0.15378622710704803,-0.2345350682735443,-0.8474839925765991,-0.19311563670635223,-0.23636379837989807,-0.9716646075248718,-0.21988630294799805,-0.13093499839305878,-0.45239201188087463,-0.08959607034921646,-0.10211367905139923,-0.5094044804573059,-0.20070241391658783,-0.08710864186286926,-0.3644060492515564,-0.23078553378582,-0.09592334181070328,-0.2611784338951111,-0.2267332226037979,-0.039937909692525864,-0.433987557888031,-0.09798929840326309,-0.008536242879927158,-0.4271130859851837,-0.20348691940307617,-0.0027736613992601633,-0.2562173902988434,-0.1933933049440384,-0.015531040728092194,-0.1538277417421341,-0.15808351337909698,0.04457714408636093,-0.39706435799598694,-0.11234334111213684,0.061960235238075256,-0.40006500482559204,-0.18069547414779663,0.0565250962972641,-0.26308000087738037,-0.1662994623184204,0.04238550737500191,-0.17512992024421692,-0.13545416295528412
1,0.0,0.0,0.0,-0.10494136065244675,-0.030661562457680702,-0.07531756907701492,-0.18158802390098572,-0.1443493366241455,-0.1275433599948883,-0.14350248873233795,-0.2786785364151001,-0.1783801019191742,-0.07479842752218246,-0.38168254494667053,-0.22496573626995087,-0.2317865639925003,-0.4416283071041107,-0.09353378415107727,-0.2481319010257721,-0.6976498961448669,-0.16220785677433014,-0.24165162444114685,-0.8428983092308044,-0.2033388465642929,-0.24303476512432098,-0.9700176119804382,-0.23158738017082214,-0.13755132257938385,-0.4471338391304016,-0.09386474639177322,-0.10913658887147903,-0.5058897733688354,-0.20352929830551147,-0.09295198321342468,-0.3593723773956299,-0.23112215101718903,-0.10065025091171265,-0.2647894620895386,-0.22721697390079498,-0.04802662879228592,-0.43055421113967896,-0.10114627331495285,-0.019784629344940186,-0.442464679479599,-0.20397761464118958,-0.014363686554133892,-0.27422407269477844,-0.18926557898521423,-0.025982340797781944,-0.18048357963562012,-0.15275292098522186,0.03611217066645622,-0.3956114649772644,-0.11510320007801056,0.05320971459150314,-0.41866335272789,-0.18141421675682068,0.04821398854255676,-0.2878980338573456,-0.1646881401538849,0.034109409898519516,-0.20701821148395538,-0.13327327370643616
1,0.0,0.0,0.0,-0.10334979742765427,-0.040601860731840134,-0.07437700778245926,-0.17778442800045013,-0.15525664389133453,-0.1254148632287979,-0.14125372469425201,-0.29024574160575867,-0.17605896294116974,-0.07057438045740128,-0.3906715214252472,-0.22302129864692688,-0.23027189075946808,-0.4468275010585785,-0.08755695074796677,-0.24371929466724396,-0.6986989378929138,-0.15342018008232117,-0.236872136592865,-0.8447038531303406,-0.19213040173053741,-0.2390221357345581,-0.9710140824317932,-0.21783645451068878,-0.13472287356853485,-0.4493982493877411,-0.08890590071678162,-0.1054191067814827,-0.5252559185028076,-0.19937042891979218,-0.09073446691036224,-0.39530235528945923,-0.2309347242116928,-0.09994380176067352,-0.2942432463169098,-0.22736339271068573,-0.04420856386423111,-0.43165481090545654,-0.09690196812152863,-0.010920542292296886,-0.4277513921260834,-0.2039746791124344,-0.0022176012862473726,-0.2587696313858032,-0.19691696763038635,-0.012405931949615479,-0.1522195190191269,-0.16198325157165527,0.040484607219696045,-0.39549627900123596,-0.11092400550842285,0.05916813015937805,-0.40730148553848267,-0.17946979403495789,0.05767791345715523,-0.2743430435657501,-0.16587309539318085,0.04727204516530037,-0.18256476521492004,-0.13510198891162872
1,0.0,0.0,0.0,-0.10440271347761154,-0.032286450266838074,-0.07016952335834503,-0.18399876356124878,-0.145074725151062,-0.12031898647546768,-0.1499127596616745,-0.2790828347206116,-0.17031365633010864,-0.08376069366931915,-0.38156092166900635,-0.21671245992183685,-0.23379068076610565,-0.44766709208488464,-0.08760037273168564,-0.2510811686515808,-0.6984737515449524,-0.15512774884700775,-0.2457292675971985,-0.8432226777076721,-0.196144238114357,-0.24758963286876678,-0.9688649773597717,-0.22389651834964752,-0.13980861008167267,-0.4542955756187439,-0.09067414700984955,-0.1060810387134552,-0.5070716738700867,-0.20158182084560394,-0.09131991863250732,-0.3581010699272156,-0.23199114203453064,-0.10061165690422058,-0.2566263973712921,-0.22852663695812225,-0.050006501376628876,-0.43737372756004333,-0.09999491274356842,-0.019206272438168526,-0.43490132689476013,-0.20440949499607086,-0.012112900614738464,-0.26524776220321655,-0.1927453577518463,-0.021761270239949226,-0.16643992066383362,-0.15675479173660278,0.03405924141407013,-0.401155948638916,-0.11527035385370255,0.05075892060995102,-0.41328126192092896,-0.18272091448307037,0.04795031249523163,-0.27992725372314453,-0.16647054255008698,0.03667478263378143,-0.19496993720531464,-0.13417764008045197
1,0.0,0.0,0.0,-0.10795613378286362,-0.03281845897436142,-0.07187853008508682,-0.19058912992477417,-0.14246328175067902,-0.12430642545223236,-0.15273341536521912,-0.27724719047546387,-0.17630590498447418,-0.08134680986404419,-0.3811059892177582,-0.22441795468330383,-0.2393210381269455,-0.4438156485557556,-0.09225083142518997,-0.2572978138923645,-0.6964817047119141,-0.15998812019824982,-0.25268271565437317,-0.8414832949638367,-0.20111437141895294,-0.2551977038383484,-0.9668889045715332,-0.22983615100383759,-0.14393869042396545,-0.4532335698604584,-0.09465689957141876,-0.11124566942453384,-0.5023542046546936,-0.20398224890232086,-0.09631378203630447,-0.3563592731952667,-0.23307564854621887,-0.10552717000246048,-0.25800955295562744,-0.23065704107284546,-0.052874479442834854,-0.43749499320983887,-0.10354233533143997,-0.02069869451224804,-0.4352744519710541,-0.20518586039543152,-0.014785000123083591,-0.2706511616706848,-0.19250093400478363,-0.026886945590376854,-0.17449316382408142,-0.15797081589698792,0.032837674021720886,-0.40227624773979187,-0.11886119097471237,0.05120820179581642,-0.4156978130340576,-0.1848287582397461,0.046854835003614426,-0.28575053811073303,-0.16945916414260864,0.032639551907777786,-0.2012290507555008,-0.13917702436447144
1,0.0,0.0,0.0,-0.1060221865773201,-0.03085756115615368,-0.06809147447347641,-0.18811626732349396,-0.14631061255931854,-0.11513211578130722,-0.15365520119667053,-0.2844328284263611,-0.16242682933807373,-0.08149953931570053,-0.3846944272518158,-0.20636940002441406,-0.23998121917247772,-0.44054052233695984,-0.08494976907968521,-0.25912800431251526,-0.6949897408485413,-0.14837844669818878,-0.25434350967407227,-0.8419414162635803,-0.18605495989322662,-0.2569688558578491,-0.9664196968078613,-0.2119469791650772,-0.14253076910972595,-0.44878801703453064,-0.0877181813120842,-0.11479173600673676,-0.5064492225646973,-0.19398808479309082,-0.09797166287899017,-0.3683900237083435,-0.22254735231399536,-0.1039399579167366,-0.26627424359321594,-0.21886567771434784,-0.04966157674789429,-0.43408864736557007,-0.09645665436983109,-0.025683989748358727,-0.4315118193626404,-0.19702860713005066,-0.016016144305467606,-0.2682913839817047,-0.18627595901489258,-0.022307151928544044,-0.16604916751384735,-0.15175646543502808,0.0371008925139904,-0.40138694643974304,-0.11100049316883087,0.04858749732375145,-0.41317856311798096,-0.17585425078868866,0.046744342893362045,-0.28352925181388855,-0.16061879694461823,0.03813524544239044,-0.19608259201049805,-0.1298607438802719
1,0.0,0.0,0.0,-0.10607591271400452,-0.02673599310219288,-0.07017111033201218,-0.1911468654870987,-0.13920745253562927,-0.11837784945964813,-0.15755169093608856,-0.2805517017841339,-0.1662607342004776,-0.08709070086479187,-0.3863835334777832,-0.21053628623485565,-0.24498023092746735,-0.43914029002189636,-0.08557790517807007,-0.2642277479171753,-0.691845178604126,-0.15061546862125397,-0.2607402205467224,-0.8384749889373779,-0.19057966768741608,-0.26558926701545715,-0.9640862345695496,-0.21836282312870026,-0.14864197373390198,-0.4493130147457123,-0.0876501053571701,-0.12100086361169815,-0.5046051144599915,-0.19532696902751923,-0.10373073071241379,-0.3636794984340668,-0.2254607230424881,-0.11138232052326202,-0.26281777024269104,-0.22303329408168793,-0.056876081973314285,-0.4371233284473419,-0.0959685668349266,-0.030100524425506592,-0.4360903203487396,-0.19893571734428406,-0.02037443220615387,-0.2653123140335083,-0.1878633052110672,-0.02895287051796913,-0.16087929904460907,-0.15295863151550293,0.029150135815143585,-0.4058269262313843,-0.11022135615348816,0.041810981929302216,-0.417431503534317,-0.17833492159843445,0.04067558795213699,-0.280587762594223,-0.16321541368961334,0.030940579250454903,-0.19033843278884888,-0.13207462430000305
1,0.0,0.0,0.0,-0.10461676120758057,-0.02617022395133972,-0.07117345184087753,-0.18845686316490173,-0.1358894556760788,-0.12114857137203217,-0.15796419978141785,-0.27248167991638184,-0.17100322246551514,-0.0888897255063057,-0.37821197509765625,-0.2169054001569748,-0.24164216220378876,-0.44235867261886597,-0.0873340293765068,-0.26524031162261963,-0.6936741471290588,-0.15409432351589203,-0.2631620466709137,-0.839246928691864,-0.19370117783546448,-0.26780667901039124,-0.9634726643562317,-0.22074392437934875,-0.14707349240779877,-0.4532221853733063,-0.08980994671583176,-0.11983632296323776,-0.5072287917137146,-0.19858987629413605,-0.10165446251630783,-0.36312806606292725,-0.22721537947654724,-0.10702167451381683,-0.2656949460506439,-0.22320353984832764,-0.05581788346171379,-0.43873050808906555,-0.09895803779363632,-0.030541732907295227,-0.43557918071746826,-0.20215165615081787,-0.020288147032260895,-0.2682928144931793,-0.190381720662117,-0.02735358104109764,-0.17423203587532043,-0.15468141436576843,0.031026341021060944,-0.40553557872772217,-0.11427592486143112,0.04491601884365082,-0.42090681195259094,-0.18046632409095764,0.04355713725090027,-0.2897322475910187,-0.16474395990371704,0.033809907734394073,-0.207881897687912,-0.133393332362175
1,0.0,0.0,0.0,-0.10787802189588547,-0.033844124525785446,-0.06792856752872467,-0.19073359668254852,-0.146339550614357,-0.11464660614728928,-0.15789726376533508,-0.2867811918258667,-0.16172541677951813,-0.08789769560098648,-0.39097869396209717,-0.20544080436229706,-0.24285848438739777,-0.4417887330055237,-0.08125671744346619,-0.26470857858657837,-0.691020667552948,-0.14492565393447876,-0.26374369859695435,-0.8380457758903503,-0.18416722118854523,-0.27122336626052856,-0.9625164270401001,-0.21140559017658234,-0.148612380027771,-0.45376455783843994,-0.08350392431020737,-0.11992528289556503,-0.5069369673728943,-0.19083411991596222,-0.09810303896665573,-0.367271363735199,-0.22143708169460297,-0.10178534686565399,-0.2615085244178772,-0.21872711181640625,-0.05778581276535988,-0.44158390164375305,-0.09191341698169708,-0.027259282767772675,-0.43538323044776917,-0.19451777637004852,-0.015486519783735275,-0.2693159282207489,-0.1864577829837799,-0.022588083520531654,-0.16248458623886108,-0.15309591591358185,0.027633927762508392,-0.40837982296943665,-0.10599494725465775,0.04354792460799217,-0.41755491495132446,-0.17417818307876587,0.04122970625758171,-0.2860843241214752,-0.16208501160144806,0.029531292617321014,-0.19436196982860565,-0.13288983702659607
1,0.0,0.0,0.0,-0.10689325630664825,-0.03370291367173195,-0.06946922093629837,-0.1884038895368576,-0.14813116192817688,-0.1176176518201828,-0.15364223718643188,-0.286413311958313,-0.16613872349262238,-0.08535420894622803,-0.39115405082702637,-0.2112414389848709,-0.23852619528770447,-0.445007860660553,-0.08406411111354828,-0.2615721821784973,-0.6922214031219482,-0.14783692359924316,-0.26248595118522644,-0.8382861614227295,-0.18637613952159882,-0.2705197036266327,-0.9627144932746887,-0.2133379727602005,-0.1447276473045349,-0.45575037598609924,-0.08696170896291733,-0.12005715817213058,-0.5046995282173157,-0.19445881247520447,-0.10010374337434769,-0.36564257740974426,-0.22471822798252106,-0.10256634652614594,-0.26455575227737427,-0.22217924892902374,-0.05449703708291054,-0.4413164556026459,-0.09624151140451431,-0.02999413199722767,-0.43381908535957336,-0.19911447167396545,-0.0177503302693367,-0.2716073989868164,-0.19010786712169647,-0.022554518654942513,-0.17096297442913055,-0.15623652935028076,0.030664771795272827,-0.40755772590637207,-0.11149445176124573,0.04299595206975937,-0.4249838888645172,-0.17924979329109192,0.042433228343725204,-0.2995220720767975,-0.16620005667209625,0.03380214422941208,-0.2128564864397049,-0.13658225536346436
1,0.0,0.0,0.0,-0.11032342910766602,-0.028941359370946884,-0.07271196693181992,-0.19488902390003204,-0.1388634592294693,-0.12518863379955292,-0.15848766267299652,-0.273360013961792,-0.17736761271953583,-0.08606387674808502,-0.3779931664466858,-0.2256755381822586,-0.2427278608083725,-0.4413805603981018,-0.09352604299783707,-0.26621460914611816,-0.6917505860328674,-0.16095535457134247,-0.26673296093940735,-0.8366014361381531,-0.20117995142936707,-0.2745108902454376,-0.9615839719772339,-0.22931280732154846,-0.14882546663284302,-0.4567466974258423,-0.09629307687282562,-0.11993666738271713,-0.4941268861293793,-0.20627599954605103,-0.10018785297870636,-0.35234972834587097,-0.23602770268917084,-0.10588999092578888,-0.25816506147384644,-0.23380161821842194,-0.05739771947264671,-0.44367942214012146,-0.10563881695270538,-0.028505871072411537,-0.42780601978302,-0.2102062851190567,-0.014807840809226036,-0.26535388827323914,-0.1993907392024994,-0.0215231254696846,-0.17280498147010803,-0.16492973268032074,0.029254041612148285,-0.4110281765460968,-0.12135695666074753,0.045898981392383575,-0.42343923449516296,-0.1896693855524063,0.04691904038190842,-0.2961489260196686,-0.17524516582489014,0.03695080056786537,-0.21338240802288055,-0.144908607006073
1,0.0,0.0,0.0,-0.10498033463954926,-0.03122393786907196,-0.06870801001787186,-0.190119206905365,-0.1436309963464737,-0.1164015382528305,-0.15946325659751892,-0.2833431363105774,-0.164303258061409,-0.09046046435832977,-0.38725391030311584,-0.20875780284404755,-0.24224041402339935,-0.4403238892555237,-0.08507528901100159,-0.26746654510498047,-0.6896533370018005,-0.15048763155937195,-0.26838749647140503,-0.8363072276115417,-0.19027681648731232,-0.2772676348686218,-0.9607927203178406,-0.21794502437114716,-0.14759722352027893,-0.4515667259693146,-0.0882146880030632,-0.12418302148580551,-0.5052249431610107,-0.1967519074678421,-0.10553454607725143,-0.3650379180908203,-0.22680217027664185,-0.11083698272705078,-0.2646448016166687,-0.22393421828746796,-0.05654742941260338,-0.43988358974456787,-0.09758146852254868,-0.029625216498970985,-0.43577852845191956,-0.20073308050632477,-0.018709490075707436,-0.26824426651000977,-0.1901852786540985,-0.02624749392271042,-0.16786687076091766,-0.15547457337379456,0.029151441529393196,-0.4094294011592865,-0.11288038641214371,0.04309341683983803,-0.41976186633110046,-0.18013635277748108,0.04172937944531441,-0.28824740648269653,-0.1660056710243225,0.03216157481074333,-0.20382678508758545,-0.1358177214860916
1,0.0,0.0,0.0,-0.10848905146121979,-0.02973555214703083,-0.07143920660018921,-0.19531510770320892,-0.13782303035259247,-0.12203404307365417,-0.1650269776582718,-0.27750033140182495,-0.17252077162265778,-0.09696895629167557,-0.38498350977897644,-0.21936823427677155,-0.24949224293231964,-0.4349149167537689,-0.0878111720085144,-0.27291983366012573,-0.6869772672653198,-0.15463529527187347,-0.27404454350471497,-0.8333951234817505,-0.19508884847164154,-0.28333780169487,-0.9590201377868652,-0.22298836708068848,-0.15641379356384277,-0.4482894241809845,-0.0900053009390831,-0.12642519176006317,-0.49412113428115845,-0.2016160637140274,-0.10472025722265244,-0.3507646918296814,-0.23278763890266418,-0.11018764972686768,-0.2507343888282776,-0.2301691323518753,-0.06643946468830109,-0.43848344683647156,-0.09859269112348557,-0.03290802612900734,-0.42910534143447876,-0.20451775193214417,-0.017857477068901062,-0.263265997171402,-0.19417470693588257,-0.02458750084042549,-0.16442640125751495,-0.15891900658607483,0.018672049045562744,-0.40846872329711914,-0.11325870454311371,0.037114568054676056,-0.41298937797546387,-0.18228958547115326,0.04015006497502327,-0.2804967761039734,-0.16798071563243866,0.032009974122047424,-0.19497184455394745,-0.13692641258239746
1,0.0,0.0,0.0,-0.10966019332408905,-0.03215479478240013,-0.07516367733478546,-0.19091059267520905,-0.14123213291168213,-0.12876690924167633,-0.1609717160463333,-0.2780038118362427,-0.18193219602108002,-0.09580009430646896,-0.385262668132782,-0.2309369444847107,-0.2477167546749115,-0.43761804699897766,-0.09154397249221802,-0.2729392349720001,-0.6895003914833069,-0.16088904440402985,-0.27482491731643677,-0.8342779874801636,-0.20274466276168823,-0.28429922461509705,-0.9587355852127075,-0.2314607948064804,-0.1528436839580536,-0.4516037106513977,-0.09358911961317062,-0.12444385141134262,-0.49448809027671814,-0.20788171887397766,-0.1045411080121994,-0.3470081090927124,-0.23911628127098083,-0.1093783751130104,-0.24920782446861267,-0.2362111657857895,-0.061160288751125336,-0.44023746252059937,-0.10266012698411942,-0.03095204569399357,-0.43142303824424744,-0.21103118360042572,-0.018044965341687202,-0.26212775707244873,-0.19993281364440918,-0.02430609054863453,-0.16506974399089813,-0.1636408269405365,0.025296444073319435,-0.40917161107063293,-0.1182003766298294,0.042842913419008255,-0.4198737144470215,-0.18831856548786163,0.04400169104337692,-0.28885772824287415,-0.1731938272714615,0.035439882427453995,-0.20676493644714355,-0.14125904440879822
1,0.0,0.0,0.0,-0.10937212407588959,-0.030216176062822342,-0.07350737601518631,-0.19264253973960876,-0.1396290361881256,-0.12460722029209137,-0.1608516275882721,-0.2799035608768463,-0.17569968104362488,-0.09455946832895279,-0.3889690935611725,-0.22294262051582336,-0.24637074768543243,-0.4355737566947937,-0.08726949244737625,-0.27286064624786377,-0.6867163181304932,-0.1532711535692215,-0.2760135233402252,-0.8340139389038086,-0.19377897679805756,-0.2859531342983246,-0.9582436084747314,-0.22188127040863037,-0.15318317711353302,-0.4473473131656647,-0.08851415663957596,-0.12838950753211975,-0.4890882670879364,-0.20001335442066193,-0.10621868818998337,-0.34870821237564087,-0.23157647252082825,-0.10738033056259155,-0.2477196604013443,-0.22947673499584198,-0.06362789869308472,-0.4345417320728302,-0.09665501117706299,-0.03706204891204834,-0.42627525329589844,-0.20333193242549896,-0.02255844883620739,-0.26174068450927734,-0.19425657391548157,-0.025481542572379112,-0.15790432691574097,-0.15950250625610352,0.020838826894760132,-0.4016406536102295,-0.11109237372875214,0.03619404882192612,-0.42129403352737427,-0.18232670426368713,0.03864172473549843,-0.2947922945022583,-0.16965439915657043,0.0324336439371109,-0.20484183728694916,-0.13937203586101532
1,0.0,0.0,0.0,-0.11058567464351654,-0.02830752357840538,-0.07016485184431076,-0.1973695009946823,-0.13480548560619354,-0.12026681751012802,-0.16642309725284576,-0.2714313864707947,-0.17066815495491028,-0.09952583909034729,-0.3804883658885956,-0.21723760664463043,-0.2504768371582031,-0.4378918409347534,-0.08821279555559158,-0.2780616581439972,-0.6876311898231506,-0.15372002124786377,-0.2805163562297821,-0.8335616588592529,-0.19320076704025269,-0.29052868485450745,-0.9568662643432617,-0.22064566612243652,-0.15556682646274567,-0.45160427689552307,-0.0910574197769165,-0.13168193399906158,-0.49212750792503357,-0.1996077448129654,-0.10967906564474106,-0.35285231471061707,-0.22921517491340637,-0.11109358072280884,-0.25275424122810364,-0.2267484813928604,-0.06418613344430923,-0.4391196668148041,-0.10035062581300735,-0.039680272340774536,-0.42838919162750244,-0.20409664511680603,-0.02356492355465889,-0.26466313004493713,-0.1934194266796112,-0.025840802118182182,-0.16340889036655426,-0.15868628025054932,0.022498464211821556,-0.4076385200023651,-0.11571028083562851,0.03652753308415413,-0.4212457537651062,-0.18408618867397308,0.038647305220365524,-0.29213985800743103,-0.16991731524467468,0.03148461878299713,-0.2039322555065155,-0.13931332528591156
1,0.0,0.0,0.0,-0.1089717447757721,-0.03235933557152748,-0.07163096219301224,-0.19114063680171967,-0.1394975334405899,-0.12342783063650131,-0.16231681406497955,-0.2745414078235626,-0.1753084659576416,-0.09604741632938385,-0.3788871765136719,-0.22357410192489624,-0.24751868844032288,-0.4410344958305359,-0.0896049439907074,-0.27430102229118347,-0.688601016998291,-0.1569451093673706,-0.27736005187034607,-0.8333501219749451,-0.1982371211051941,-0.2874000370502472,-0.957810640335083,-0.22674761712551117,-0.15329468250274658,-0.45408234000205994,-0.09246955811977386,-0.12317827343940735,-0.4949016571044922,-0.2039649784564972,-0.10355596989393234,-0.3475412130355835,-0.23547448217868805,-0.10789291560649872,-0.2477155476808548,-0.23309244215488434,-0.06159752234816551,-0.44067904353141785,-0.10163546353578568,-0.03062685765326023,-0.42949703335762024,-0.20691664516925812,-0.0185278058052063,-0.26218506693840027,-0.19669209420681,-0.024438908323645592,-0.16502346098423004,-0.16136401891708374,0.02509879320859909,-0.4084565341472626,-0.1169179379940033,0.04168090969324112,-0.42166200280189514,-0.18457531929016113,0.042062561959028244,-0.29407456517219543,-0.16942569613456726,0.034266624599695206,-0.21212762594223022,-0.13779732584953308
1,0.0,0.0,0.0,-0.10732056200504303,-0.030592145398259163,-0.06967845559120178,-0.19232332706451416,-0.13999627530574799,-0.1185096800327301,-0.16201023757457733,-0.2778882384300232,-0.16734305024147034,-0.09276852756738663,-0.38290056586265564,-0.21272100508213043,-0.24683928489685059,-0.43904078006744385,-0.08587626367807388,-0.27381035685539246,-0.6868065595626831,-0.1503552943468094,-0.2754713296890259,-0.8336052298545837,-0.18946599960327148,-0.28447404503822327,-0.9586837291717529,-0.21648214757442474,-0.15249907970428467,-0.45157793164253235,-0.0883728489279747,-0.12390384823083878,-0.5053328275680542,-0.19557946920394897,-0.10200325399637222,-0.3697032928466797,-0.22564995288848877,-0.1050567701458931,-0.2672104239463806,-0.2229112684726715,-0.0611160472035408,-0.4395959973335266,-0.09693465381860733,-0.031533848494291306,-0.4309309124946594,-0.1986827701330185,-0.01713227666914463,-0.2678632140159607,-0.1892143189907074,-0.02202005498111248,-0.16418932378292084,-0.15551592409610748,0.02516990900039673,-0.4082844853401184,-0.11152620613574982,0.04150029271841049,-0.4102822244167328,-0.17784935235977173,0.04227837547659874,-0.27676117420196533,-0.16405445337295532,0.033825747668743134,-0.18682897090911865,-0.1341761350631714
1,0.0,0.0,0.0,-0.10785228759050369,-0.03351305052638054,-0.0679457038640976,-0.18916919827461243,-0.14450614154338837,-0.11649464070796967,-0.1561868041753769,-0.2802961468696594,-0.1654069721698761,-0.08961053937673569,-0.38420534133911133,-0.2106935977935791,-0.24397169053554535,-0.43985286355018616,-0.08556634187698364,-0.2697940468788147,-0.6876085996627808,-0.15050183236598969,-0.2728690505027771,-0.834060788154602,-0.19075100123882294,-0.28344494104385376,-0.9589885473251343,-0.21871642768383026,-0.1496962159872055,-0.45208311080932617,-0.08902065455913544,-0.12146510928869247,-0.49927738308906555,-0.1961658000946045,-0.10291147977113724,-0.3653225898742676,-0.22736959159374237,-0.10865870118141174,-0.26926296949386597,-0.2261463701725006,-0.058627352118492126,-0.4403206408023834,-0.0983460322022438,-0.03132873401045799,-0.43103906512260437,-0.2000247985124588,-0.019139889627695084,-0.26723700761795044,-0.19017045199871063,-0.02373501844704151,-0.16689029335975647,-0.15638281404972076,0.027364276349544525,-0.4096715450286865,-0.1136128380894661,0.04183123633265495,-0.41695722937583923,-0.18000295758247375,0.041939523071050644,-0.2845951020717621,-0.1653715968132019,0.03526422381401062,-0.1967996060848236,-0.13473822176456451
1,0.0,0.0,0.0,-0.10771156847476959,-0.031333696097135544,-0.07185320556163788,-0.18984928727149963,-0.14466464519500732,-0.12128624320030212,-0.15967923402786255,-0.2845399081707001,-0.1705091893672943,-0.09452416002750397,-0.38989847898483276,-0.2158426195383072,-0.24471434950828552,-0.4421234130859375,-0.0861516147851944,-0.27272263169288635,-0.689089298248291,-0.15299907326698303,-0.2771490812301636,-0.8338943719863892,-0.19403521716594696,-0.28738337755203247,-0.9578156471252441,-0.22241298854351044,-0.15138491988182068,-0.45202890038490295,-0.08828695118427277,-0.12458483874797821,-0.49511826038360596,-0.19954359531402588,-0.10438066720962524,-0.34734970331192017,-0.2302943468093872,-0.10712851583957672,-0.2456458956003189,-0.22738191485404968,-0.06132104992866516,-0.4384564161300659,-0.09719637036323547,-0.03355007991194725,-0.43589580059051514,-0.20274631679058075,-0.02256074920296669,-0.2684890925884247,-0.19228792190551758,-0.02845899946987629,-0.1696271002292633,-0.1573307365179062,0.02345156855881214,-0.4060102701187134,-0.11232151091098785,0.038596995174884796,-0.4207076132297516,-0.1819286346435547,0.03804434463381767,-0.2879943549633026,-0.16816534101963043,0.029964929446578026,-0.20278576016426086,-0.13766972720623016
1,0.0,0.0,0.0,-0.11081062257289886,-0.030784891918301582,-0.06707470864057541,-0.19759266078472137,-0.14741620421409607,-0.11340079456567764,-0.16351115703582764,-0.28648489713668823,-0.15986093878746033,-0.09380017220973969,-0.38659414649009705,-0.20278552174568176,-0.25260570645332336,-0.43746575713157654,-0.08518507331609726,-0.27679407596588135,-0.6868391036987305,-0.1497473418712616,-0.27872273325920105,-0.8329874277114868,-0.18995928764343262,-0.2886072099208832,-0.9574475884437561,-0.21879391372203827,-0.1600465029478073,-0.451450914144516,-0.08858462423086166,-0.12930361926555634,-0.48001378774642944,-0.19427454471588135,-0.1090196967124939,-0.33625683188438416,-0.22306139767169952,-0.11509422957897186,-0.243101105093956,-0.2219814658164978,-0.06973095238208771,-0.4389226734638214,-0.09810782968997955,-0.03810562193393707,-0.428906112909317,-0.1981661170721054,-0.02568894624710083,-0.2688250243663788,-0.187112957239151,-0.03371362388134003,-0.17626114189624786,-0.1549243927001953,0.015057826414704323,-0.4074759781360626,-0.1137656569480896,0.034817684441804886,-0.4083613157272339,-0.18061049282550812,0.03577382117509842,-0.275587260723114,-0.16735467314720154,0.027150696143507957,-0.1926424354314804,-0.1387733519077301
1,0.0,0.0,0.0,-0.10998518019914627,-0.03552872687578201,-0.06535821408033371,-0.1945163905620575,-0.15428754687309265,-0.10946399718523026,-0.1610179841518402,-0.2931201457977295,-0.15459096431732178,-0.09083039313554764,-0.3915930688381195,-0.19646647572517395,-0.24804069101810455,-0.44310644268989563,-0.07911760360002518,-0.27326828241348267,-0.6916791796684265,-0.14019116759300232,-0.27457964420318604,-0.8368322849273682,-0.17716267704963684,-0.28404220938682556,-0.9588117599487305,-0.20291733741760254,-0.15256498754024506,-0.45488590002059937,-0.08269039541482925,-0.12208028882741928,-0.5007345676422119,-0.18826107680797577,-0.10061746835708618,-0.36500051617622375,-0.21882764995098114,-0.10532824695110321,-0.26515892148017883,-0.216594859957695,-0.06090405210852623,-0.4423525929450989,-0.09198760986328125,-0.031489405781030655,-0.4277287423610687,-0.1937369555234909,-0.017154783010482788,-0.2644697427749634,-0.18674497306346893,-0.02239651046693325,-0.16053757071495056,-0.1540212631225586,0.024154089391231537,-0.4107399582862854,-0.10673904418945312,0.04088370129466057,-0.41331273317337036,-0.17309732735157013,0.042803265154361725,-0.2829922139644623,-0.16028854250907898,0.03568281605839729,-0.19309675693511963,-0.1305350661277771
1,0.0,0.0,0.0,-0.11042653769254684,-0.03185779228806496,-0.06965554505586624,-0.19536763429641724,-0.14437326788902283,-0.11899588257074356,-0.16126321256160736,-0.2810770869255066,-0.16835053265094757,-0.08996603637933731,-0.3841014504432678,-0.21433691680431366,-0.24688826501369476,-0.44235122203826904,-0.08742751181125641,-0.27267542481422424,-0.6894559264183044,-0.15243925154209137,-0.2745489478111267,-0.8345290422439575,-0.192350834608078,-0.28456366062164307,-0.9586571455001831,-0.2200891524553299,-0.15279416739940643,-0.4562664330005646,-0.0900367796421051,-0.12090136855840683,-0.49483218789100647,-0.19841662049293518,-0.09919829666614532,-0.3522201478481293,-0.2289395034313202,-0.10497621446847916,-0.25345540046691895,-0.22670279443264008,-0.06138939410448074,-0.4448755085468292,-0.0985773503780365,-0.029344841837882996,-0.43039724230766296,-0.20174479484558105,-0.01578778773546219,-0.26279476284980774,-0.1919262409210205,-0.023302285000681877,-0.1616746336221695,-0.1577305942773819,0.024661337956786156,-0.4138340651988983,-0.11304408311843872,0.0413217768073082,-0.4141678810119629,-0.18029452860355377,0.042339127510786057,-0.27929913997650146,-0.16565921902656555,0.03281883895397186,-0.19137915968894958,-0.13470201194286346
1,0.0,0.0,0.0,-0.10834264755249023,-0.03239056095480919,-0.06713947653770447,-0.19354446232318878,-0.1442834585905075,-0.11457425355911255,-0.16052155196666718,-0.28379738330841064,-0.16276758909225464,-0.09190058708190918,-0.3887479305267334,-0.20770886540412903,-0.24335938692092896,-0.4427528977394104,-0.08393081277608871,-0.27129003405570984,-0.6892504096031189,-0.1473751962184906,-0.2738962471485138,-0.8349825739860535,-0.18571318686008453,-0.2835894227027893,-0.9589458107948303,-0.21205955743789673,-0.14831925928592682,-0.4546694755554199,-0.08753557503223419,-0.12190438061952591,-0.508449137210846,-0.1934545338153839,-0.10162606835365295,-0.37331825494766235,-0.22332698106765747,-0.10453249514102936,-0.2702155113220215,-0.22045795619487762,-0.056864045560359955,-0.44241219758987427,-0.0969918966293335,-0.030682001262903214,-0.4330016076564789,-0.19889195263385773,-0.01674146205186844,-0.2670504152774811,-0.18936483561992645,-0.020217550918459892,-0.16190902888774872,-0.1550615429878235,0.02946907840669155,-0.41060110926628113,-0.11209084838628769,0.04095904901623726,-0.42242059111595154,-0.1783090978860855,0.040592260658741,-0.2895878851413727,-0.1631094515323639,0.032714955508708954,-0.1974610984325409,-0.1319238841533661
1,0.0,0.0,0.0,-0.10749483853578568,-0.031174127012491226,-0.06778059154748917,-0.19086572527885437,-0.14466838538646698,-0.11514092236757278,-0.16109059751033783,-0.2844381034374237,-0.16273435950279236,-0.09370125830173492,-0.3863867521286011,-0.2071627974510193,-0.24307368695735931,-0.44046318531036377,-0.08456669002771378,-0.2710172235965729,-0.6879399418830872,-0.1482452154159546,-0.27328020334243774,-0.8337209224700928,-0.18761692941188812,-0.2828265428543091,-0.9591711163520813,-0.21484626829624176,-0.1488131284713745,-0.45227929949760437,-0.08740487694740295,-0.12183859199285507,-0.5042162537574768,-0.19368664920330048,-0.10121127963066101,-0.36430808901786804,-0.22348515689373016,-0.10476579517126083,-0.261457622051239,-0.2202453315258026,-0.05830296501517296,-0.4405593276023865,-0.09588223695755005,-0.032667458057403564,-0.4323405623435974,-0.19700360298156738,-0.019823526963591576,-0.26314544677734375,-0.18567673861980438,-0.023729583248496056,-0.15837839245796204,-0.15021561086177826,0.02685837633907795,-0.409099280834198,-0.11013226211071014,0.037390414625406265,-0.4206378757953644,-0.1759304404258728,0.038985684514045715,-0.2845955789089203,-0.1592712700366974,0.034206781536340714,-0.1930164247751236,-0.12682592868804932
1,0.0,0.0,0.0,-0.1074897050857544,-0.03016187623143196,-0.07286280393600464,-0.1896120309829712,-0.14435522258281708,-0.12428396195173264,-0.15727457404136658,-0.2813566327095032,-0.1751144826412201,-0.09066058695316315,-0.38580021262168884,-0.2222834974527359,-0.24322207272052765,-0.43737155199050903,-0.09480523318052292,-0.2710503935813904,-0.6856112480163574,-0.1627219319343567,-0.27420109510421753,-0.8326035141944885,-0.20411591231822968,-0.28396904468536377,-0.9588334560394287,-0.23300117254257202,-0.1497800201177597,-0.452058881521225,-0.09702569991350174,-0.12233931571245193,-0.49292922019958496,-0.20839111506938934,-0.10353648662567139,-0.3537715673446655,-0.23848329484462738,-0.10888899117708206,-0.25802159309387207,-0.23572127521038055,-0.05860999971628189,-0.44013315439224243,-0.10557045042514801,-0.029866177588701248,-0.4231466054916382,-0.20967039465904236,-0.01780686341226101,-0.2589847147464752,-0.19756127893924713,-0.02438383176922798,-0.16468095779418945,-0.16217337548732758,0.027800431475043297,-0.4088115096092224,-0.1207348108291626,0.043937698006629944,-0.41400203108787537,-0.18841716647148132,0.0428537055850029,-0.2837311625480652,-0.1734619140625,0.03349209949374199,-0.2027013897895813,-0.14279986917972565
1,0.0,0.0,0.0,-0.10749518126249313,-0.034252624958753586,-0.07090714573860168,-0.18965670466423035,-0.14805305004119873,-0.12065916508436203,-0.1581103652715683,-0.28538137674331665,-0.1701209992170334,-0.09094101190567017,-0.39102527499198914,-0.21635207533836365,-0.24272117018699646,-0.44280654191970825,-0.08732318878173828,-0.2687520384788513,-0.6887533664703369,-0.1541479229927063,-0.2703890800476074,-0.8340221643447876,-0.19552074372768402,-0.2805301249027252,-0.959845244884491,-0.2241436094045639,-0.1481984406709671,-0.4566138684749603,-0.08996132761240005,-0.11950309574604034,-0.5070327520370483,-0.19973473250865936,-0.09899614006280899,-0.3678808808326721,-0.2312765121459961,-0.10563065856695175,-0.26970192790031433,-0.2293730080127716,-0.05696070194244385,-0.4455634653568268,-0.0988454520702362,-0.02542208880186081,-0.43344753980636597,-0.2043989896774292,-0.012935763224959373,-0.26352402567863464,-0.19468067586421967,-0.021123318001627922,-0.1616145521402359,-0.1600797474384308,0.028385234996676445,-0.4132687449455261,-0.11370103806257248,0.04515763744711876,-0.41725119948387146,-0.18315333127975464,0.04616370052099228,-0.2785942852497101,-0.16833817958831787,0.03720211237668991,-0.18854869902133942,-0.13710284233093262
2,0.0,0.0,0.0,-0.08634544909000397,-0.03968910872936249,-0.09432563930749893,-0.12270071357488632,-0.1577499508857727,-0.14642934501171112,-0.04984764754772186,-0.30364277958869934,-0.19154557585716248,0.015345150604844093,-0.42195644974708557,-0.23113064467906952,-0.21689526736736298,-0.4375061094760895,-0.09257642179727554,-0.24793383479118347,-0.6571981310844421,-0.15187272429466248,-0.26132330298423767,-0.7967556118965149,-0.186541348695755,-0.2728891670703888,-0.9131767749786377,-0.2057020664215088,-0.13204696774482727,-0.4713166356086731,-0.08611597120761871,-0.12967757880687714,-0.71039217710495,-0.14742761850357056,-0.11123066395521164,-0.8714591264724731,-0.18065732717514038,-0.09605187177658081,-0.9953763484954834,-0.19402560591697693,-0.050160836428403854,-0.4418770968914032,-0.08943907916545868,-0.0028915032744407654,-0.4851730763912201,-0.17071743309497833,0.0011210531229153275,-0.3558539152145386,-0.18487636744976044,-0.010436528362333775,-0.267289400100708,-0.17004412412643433,0.020674435421824455,-0.379698246717453,-0.10056407749652863,0.05445258691906929,-0.41481414437294006,-0.16147080063819885,0.04900846630334854,-0.3118252754211426,-0.16080231964588165,0.028912892565131187,-0.2292984575033188,-0.1443517655134201
2,0.0,0.0,0.0,-0.08694665879011154,-0.03379926085472107,-0.0944887027144432,-0.12620075047016144,-0.1515645831823349,-0.14780817925930023,-0.05335479602217674,-0.2962309718132019,-0.19366393983364105,0.010232280008494854,-0.4170056879520416,-0.23364321887493134,-0.2214803248643875,-0.432205468416214,-0.09636010974645615,-0.2527587115764618,-0.6491422057151794,-0.155949205160141,-0.26649245619773865,-0.7874869108200073,-0.19090089201927185,-0.27817586064338684,-0.9025333523750305,-0.21073345839977264,-0.13531553745269775,-0.46612057089805603,-0.09045786410570145,-0.1299300193786621,-0.7077729105949402,-0.1517682671546936,-0.11364791542291641,-0.8686315417289734,-0.1839001625776291,-0.10183390229940414,-0.99480140209198,-0.19690430164337158,-0.052382588386535645,-0.43464091420173645,-0.0940401703119278,-0.009726851247251034,-0.4881937801837921,-0.17375609278678894,-0.009351244196295738,-0.35931313037872314,-0.18420149385929108,-0.02145835943520069,-0.2728573977947235,-0.16791626811027527,0.020564259961247444,-0.36905306577682495,-0.10560615360736847,0.05213107541203499,-0.4137379825115204,-0.1656324863433838,0.043097857385873795,-0.3122628927230835,-0.16308154165744781,0.021046897396445274,-0.2335629165172577,-0.1457936018705368
2,0.0,0.0,0.0,-0.08271469920873642,-0.03691801801323891,-0.09841365367174149,-0.1204344630241394,-0.15291447937488556,-0.15449309349060059,-0.049249496310949326,-0.3021285831928253,-0.20250822603702545,0.015517489984631538,-0.4251048266887665,-0.24481837451457977,-0.21839530766010284,-0.4296088218688965,-0.10254338383674622,-0.25263139605522156,-0.6493974924087524,-0.1661573201417923,-0.26815757155418396,-0.7903189063072205,-0.20362767577171326,-0.2801121473312378,-0.9073735475540161,-0.22481779754161835,-0.13153105974197388,-0.46474313735961914,-0.09594333171844482,-0.1276051551103592,-0.7079454064369202,-0.16126346588134766,-0.11241753399372101,-0.8684146404266357,-0.19573473930358887,-0.10085426270961761,-0.994901180267334,-0.20996001362800598,-0.047770388424396515,-0.4336560368537903,-0.09894471615552902,-0.004636529367417097,-0.4887843132019043,-0.18237124383449554,-0.005753710400313139,-0.3591035008430481,-0.1941157728433609,-0.018908046185970306,-0.2739831507205963,-0.1782541424036026,0.02560178004205227,-0.36719244718551636,-0.11003728210926056,0.057628221809864044,-0.4136047661304474,-0.17248238623142242,0.046435702592134476,-0.3124034106731415,-0.17033891379833221,0.02211877331137657,-0.23455087840557098,-0.15305040776729584
2,0.0,0.0,0.0,-0.08457383513450623,-0.02658621408045292,-0.09934979677200317,-0.128133624792099,-0.1359640657901764,-0.15749411284923553,-0.06147356331348419,-0.28230324387550354,-0.2069241851568222,0.0021406924352049828,-0.40893444418907166,-0.2501249611377716,-0.22922848165035248,-0.4201434254646301,-0.1074729859828949,-0.26259845495224,-0.6424213647842407,-0.1714123785495758,-0.2788478434085846,-0.7831246256828308,-0.20874843001365662,-0.29176270961761475,-0.901060938835144,-0.229889377951622,-0.14074856042861938,-0.45676055550575256,-0.10042799264192581,-0.13608413934707642,-0.7016788721084595,-0.16549305617809296,-0.12208258360624313,-0.8637117743492126,-0.19913983345031738,-0.11278200894594193,-0.9936197400093079,-0.21341566741466522,-0.056214891374111176,-0.4273781478404999,-0.10272035747766495,-0.017673220485448837,-0.48372554779052734,-0.18594881892204285,-0.018962040543556213,-0.3572019934654236,-0.19735084474086761,-0.030865464359521866,-0.27229195833206177,-0.1816663295030594,0.017317796126008034,-0.36286452412605286,-0.11304478347301483,0.04451066255569458,-0.40909814834594727,-0.17499561607837677,0.033482860773801804,-0.3120768070220947,-0.1727810651063919,0.011133602820336819,-0.23563840985298157,-0.1557382047176361
2,0.0,0.0,0.0,-0.0838318020105362,-0.030661648139357567,-0.09472618252038956,-0.1256236582994461,-0.14273127913475037,-0.14967484772205353,-0.05643707513809204,-0.2883349359035492,-0.1968151032924652,0.0038707174826413393,-0.4155081808567047,-0.23869548738002777,-0.22787003219127655,-0.42697545886039734,-0.10057913511991501,-0.2634933292865753,-0.6445170640945435,-0.1616857647895813,-0.2823338210582733,-0.784128725528717,-0.19914284348487854,-0.2970833480358124,-0.9023182988166809,-0.2217010259628296,-0.14073632657527924,-0.4632500410079956,-0.09522669017314911,-0.1386784464120865,-0.703418493270874,-0.15639688074588776,-0.12367459386587143,-0.8633086085319519,-0.19060173630714417,-0.11267422139644623,-0.9936319589614868,-0.2069275975227356,-0.05692873150110245,-0.43217214941978455,-0.0989910140633583,-0.0200265534222126,-0.49076446890830994,-0.1777881383895874,-0.021150467917323112,-0.36463162302970886,-0.18975000083446503,-0.0330781526863575,-0.2803468704223633,-0.17661789059638977,0.01608959026634693,-0.3656734526157379,-0.11068453639745712,0.04153698310256004,-0.41352081298828125,-0.17165584862232208,0.032459061592817307,-0.31753239035606384,-0.17091159522533417,0.012527220882475376,-0.24218948185443878,-0.15596917271614075
2,0.0,0.0,0.0,-0.08537957072257996,-0.02907480299472809,-0.09768375009298325,-0.12878257036209106,-0.13871346414089203,-0.15526936948299408,-0.05902816355228424,-0.2851809561252594,-0.20492786169052124,0.004610499832779169,-0.4108440577983856,-0.24885299801826477,-0.23041267693042755,-0.4225918650627136,-0.10531147569417953,-0.26966798305511475,-0.6447116732597351,-0.17032749950885773,-0.2901972532272339,-0.7863072752952576,-0.2096540629863739,-0.30701011419296265,-0.9040457606315613,-0.23280087113380432,-0.1424618810415268,-0.45962804555892944,-0.10023324936628342,-0.14297214150428772,-0.7010287046432495,-0.1659269779920578,-0.12850040197372437,-0.8626964688301086,-0.20104363560676575,-0.1182764321565628,-0.9929807186126709,-0.2168019860982895,-0.056701648980379105,-0.4294479489326477,-0.10456983000040054,-0.016977692022919655,-0.48345357179641724,-0.18701550364494324,-0.017093192785978317,-0.35337257385253906,-0.19677311182022095,-0.029571235179901123,-0.26649320125579834,-0.18071161210536957,0.01777610182762146,-0.3617928922176361,-0.11724014580249786,0.04420805722475052,-0.4077478349208832,-0.17950403690338135,0.03441247344017029,-0.3083661198616028,-0.1759820580482483,0.012448535300791264,-0.22987356781959534,-0.15817441046237946
2,0.0,0.0,0.0,-0.08483077585697174,-0.03272777050733566,-0.096565380692482,-0.12460820376873016,-0.1431736946105957,-0.15217386186122894,-0.057747989892959595,-0.28842324018478394,-0.19985944032669067,0.0034162201918661594,-0.41314926743507385,-0.24163798987865448,-0.22941963374614716,-0.42634809017181396,-0.10185115784406662,-0.27294090390205383,-0.64606112241745,-0.16299200057983398,-0.29644975066185,-0.7855551242828369,-0.19934934377670288,-0.3151543438434601,-0.9023921489715576,-0.22076964378356934,-0.14111749827861786,-0.46403026580810547,-0.09560450911521912,-0.1398543119430542,-0.7027742862701416,-0.15741311013698578,-0.12661045789718628,-0.8635807037353516,-0.1910570114850998,-0.11631994694471359,-0.9932118058204651,-0.2064761072397232,-0.056202229112386703,-0.43389302492141724,-0.0987902581691742,-0.018650643527507782,-0.4876592457294464,-0.1778935194015503,-0.019829461351037025,-0.36018165946006775,-0.18921035528182983,-0.03150684013962746,-0.2766851484775543,-0.17504730820655823,0.017184196040034294,-0.36877959966659546,-0.11017721891403198,0.04213612899184227,-0.41047677397727966,-0.16999763250350952,0.03103666752576828,-0.3144840896129608,-0.168541818857193,0.010052301920950413,-0.24059215188026428,-0.1529688835144043
2,0.0,0.0,0.0,-0.0877792090177536,-0.03278693929314613,-0.09774817526340485,-0.13213957846164703,-0.13933981955051422,-0.15413625538349152,-0.06227933615446091,-0.27972760796546936,-0.2027650624513626,0.002311913063749671,-0.4058420658111572,-0.24564915895462036,-0.23432432115077972,-0.42542868852615356,-0.10235849022865295,-0.27995729446411133,-0.6421773433685303,-0.16338017582893372,-0.3060855269432068,-0.7791602611541748,-0.1993558555841446,-0.3270261287689209,-0.8937808275222778,-0.2206881195306778,-0.14533987641334534,-0.4644950032234192,-0.09618885070085526,-0.14334861934185028,-0.7020884156227112,-0.15852117538452148,-0.12914034724235535,-0.8641740083694458,-0.19254791736602783,-0.11841642111539841,-0.9929640293121338,-0.20810566842556,-0.0596935898065567,-0.43325942754745483,-0.09980915486812592,-0.018932798877358437,-0.480832576751709,-0.1819513738155365,-0.018458625301718712,-0.3527109920978546,-0.19610193371772766,-0.030449548736214638,-0.26775482296943665,-0.18307116627693176,0.01409596111625433,-0.3654639422893524,-0.11142369359731674,0.04249942675232887,-0.40400245785713196,-0.1754477471113205,0.03316840901970863,-0.30532193183898926,-0.17652522027492523,0.011109134182333946,-0.22736391425132751,-0.16209007799625397
2,0.0,0.0,0.0,-0.0888371393084526,-0.03694041073322296,-0.09392684698104858,-0.12940622866153717,-0.15097467601299286,-0.14702388644218445,-0.05871961638331413,-0.29216814041137695,-0.19289159774780273,0.003924266435205936,-0.41232675313949585,-0.23316016793251038,-0.2339758276939392,-0.4266149699687958,-0.09739901125431061,-0.2851119041442871,-0.6428148746490479,-0.15590329468250275,-0.31430715322494507,-0.7793570160865784,-0.19086261093616486,-0.3375123143196106,-0.8948747515678406,-0.21201016008853912,-0.14409729838371277,-0.46461576223373413,-0.09177477657794952,-0.14059802889823914,-0.7011916637420654,-0.1516401767730713,-0.12619921565055847,-0.8625344634056091,-0.18535026907920837,-0.11475498229265213,-0.9933938384056091,-0.20130856335163116,-0.059216342866420746,-0.4331649839878082,-0.09553462266921997,-0.022564833983778954,-0.4846104085445404,-0.1739702671766281,-0.024529170244932175,-0.3575296700000763,-0.18708987534046173,-0.03767581656575203,-0.2744331359863281,-0.17424115538597107,0.012639502063393593,-0.36554035544395447,-0.10711278021335602,0.03605634346604347,-0.4108406901359558,-0.16683989763259888,0.02542138285934925,-0.317167192697525,-0.16584210097789764,0.003733268938958645,-0.24282516539096832,-0.15071919560432434
2,0.0,0.0,0.0,-0.08915580809116364,-0.03309472277760506,-0.09719482064247131,-0.1337490826845169,-0.14207082986831665,-0.15378953516483307,-0.06401218473911285,-0.2838856279850006,-0.20284712314605713,-0.0012432312360033393,-0.4097345769405365,-0.24613462388515472,-0.2344977706670761,-0.4263923466205597,-0.10336249321699142,-0.28542718291282654,-0.6416782736778259,-0.16385765373706818,-0.3163153827190399,-0.7771747708320618,-0.19907984137535095,-0.34104740619659424,-0.8923882842063904,-0.22043004631996155,-0.14399071037769318,-0.4654727876186371,-0.09665784239768982,-0.13827095925807953,-0.7047132253646851,-0.15823780000209808,-0.12383919209241867,-0.8643465042114258,-0.19157904386520386,-0.11310840398073196,-0.9935826063156128,-0.2070593237876892,-0.05880359932780266,-0.43394485116004944,-0.0995003879070282,-0.02323167584836483,-0.4811461865901947,-0.18001709878444672,-0.026663847267627716,-0.35119885206222534,-0.19273260235786438,-0.03993799537420273,-0.2683778405189514,-0.17931178212165833,0.014072775840759277,-0.36707621812820435,-0.11029881238937378,0.037558089941740036,-0.4052949845790863,-0.17225979268550873,0.02551710605621338,-0.30881962180137634,-0.1721930056810379,0.0029083879198879004,-0.23502451181411743,-0.1574598103761673
2,0.0,0.0,0.0,-0.08765372633934021,-0.03766309842467308,-0.09359290450811386,-0.12678909301757812,-0.14915242791175842,-0.14747822284698486,-0.05645463988184929,-0.28995662927627563,-0.19481885433197021,0.0073949554935097694,-0.41038432717323303,-0.23611819744110107,-0.23067083954811096,-0.42509448528289795,-0.09570495784282684,-0.28326746821403503,-0.6412672996520996,-0.1532021313905716,-0.3138543665409088,-0.776801586151123,-0.1868404895067215,-0.33786654472351074,-0.8912195563316345,-0.20764155685901642,-0.14139771461486816,-0.4672774076461792,-0.09002282470464706,-0.13403987884521484,-0.7028900980949402,-0.15045173466205597,-0.11786820739507675,-0.8643386960029602,-0.18452772498130798,-0.10446152836084366,-0.9945289492607117,-0.20075029134750366,-0.05686173960566521,-0.4381726086139679,-0.09378482401371002,-0.018976733088493347,-0.4860982596874237,-0.17113333940505981,-0.01972409524023533,-0.35911375284194946,-0.18343447148799896,-0.0316741056740284,-0.27776697278022766,-0.17048709094524384,0.01584014669060707,-0.372606098651886,-0.10556653887033463,0.043097589164972305,-0.4160977602005005,-0.1635102480649948,0.03355603292584419,-0.3247418999671936,-0.1627519577741623,0.01220661960542202,-0.2538333237171173,-0.14837241172790527
2,0.0,0.0,0.0,-0.08948604017496109,-0.029102934524416924,-0.09551234543323517,-0.13469646871089935,-0.14018189907073975,-0.15075504779815674,-0.06680604815483093,-0.28661206364631653,-0.19832351803779602,-0.003599315881729126,-0.41224148869514465,-0.2404174953699112,-0.23869174718856812,-0.4261181056499481,-0.10283824801445007,-0.29015666246414185,-0.6439838409423828,-0.16341280937194824,-0.32116708159446716,-0.7806640267372131,-0.198292076587677,-0.34696558117866516,-0.8974062204360962,-0.21951647102832794,-0.1471780240535736,-0.46786025166511536,-0.09681568294763565,-0.13961924612522125,-0.7077121734619141,-0.15863484144210815,-0.12177018821239471,-0.8656845092773438,-0.19116972386837006,-0.10914475470781326,-0.9940258860588074,-0.20575876533985138,-0.061436932533979416,-0.438525915145874,-0.10005925595760345,-0.023839320987462997,-0.48644691705703735,-0.18168798089027405,-0.025326652452349663,-0.3559165894985199,-0.19430464506149292,-0.036897581070661545,-0.27158433198928833,-0.18062575161457062,0.01205225009471178,-0.3725435137748718,-0.11094419658184052,0.03817538917064667,-0.4054928421974182,-0.17469210922718048,0.027768254280090332,-0.304803729057312,-0.17512021958827972,0.006633283570408821,-0.22837986052036285,-0.16033826768398285
2,0.0,0.0,0.0,-0.0904076099395752,-0.03564058244228363,-0.09187857061624527,-0.1339036524295807,-0.14907671511173248,-0.14587649703025818,-0.06338410824537277,-0.29156234860420227,-0.1933850646018982,0.0019288902403786778,-0.4104524254798889,-0.2354779988527298,-0.23418284952640533,-0.4308749735355377,-0.09957010298967361,-0.2865275740623474,-0.6453515291213989,-0.15864457190036774,-0.31778964400291443,-0.7810196876525879,-0.19241347908973694,-0.3439752459526062,-0.8952188491821289,-0.21288971602916718,-0.14393188059329987,-0.46774452924728394,-0.09562525153160095,-0.13522325456142426,-0.706261157989502,-0.15779949724674225,-0.1175583228468895,-0.866341233253479,-0.19107769429683685,-0.1034073680639267,-0.9946390986442566,-0.205932155251503,-0.0587039440870285,-0.43530502915382385,-0.10057254135608673,-0.018156064674258232,-0.47858649492263794,-0.18101374804973602,-0.0194263719022274,-0.3482239544391632,-0.1932847946882248,-0.0320378877222538,-0.2650679051876068,-0.17935293912887573,0.014596313238143921,-0.3669563829898834,-0.11309923231601715,0.04242275655269623,-0.4030090868473053,-0.1741188019514084,0.03235887363553047,-0.3049246668815613,-0.17308682203292847,0.010165159590542316,-0.23002420365810394,-0.15773312747478485
2,0.0,0.0,0.0,-0.09063143283128738,-0.031741853803396225,-0.0949246883392334,-0.13493214547634125,-0.14472873508930206,-0.149161696434021,-0.06216445565223694,-0.289491206407547,-0.1958327442407608,0.004564879462122917,-0.41245463490486145,-0.2370365709066391,-0.2346314638853073,-0.42997440695762634,-0.10193856060504913,-0.28542396426200867,-0.6477793455123901,-0.16005679965019226,-0.3152880072593689,-0.7838477492332458,-0.19262048602104187,-0.3408089876174927,-0.900287926197052,-0.21240651607513428,-0.14291061460971832,-0.47020748257637024,-0.09529507905244827,-0.13051782548427582,-0.7090962529182434,-0.15535615384578705,-0.11013580858707428,-0.8682127594947815,-0.1867760717868805,-0.09520135074853897,-0.9954580664634705,-0.20099078118801117,-0.05811476334929466,-0.4392186999320984,-0.09785385429859161,-0.016351500526070595,-0.4799625873565674,-0.17745262384414673,-0.019519470632076263,-0.3483106195926666,-0.19064468145370483,-0.03293081000447273,-0.2628181278705597,-0.1778816133737564,0.014402410015463829,-0.3737924098968506,-0.10818005353212357,0.04445820674300194,-0.3983665108680725,-0.17023701965808868,0.03283628821372986,-0.2958909273147583,-0.17157001793384552,0.00991981290280819,-0.21785221993923187,-0.15807394683361053
2,0.0,0.0,0.0,-0.08993342518806458,-0.028589807450771332,-0.09681472182273865,-0.13541139662265778,-0.13893534243106842,-0.1539190262556076,-0.06401777267456055,-0.28504678606987,-0.20342829823493958,0.0023549499455839396,-0.4105370044708252,-0.2470499575138092,-0.23394611477851868,-0.4278709292411804,-0.1072126254439354,-0.2852257788181305,-0.6483098268508911,-0.16724340617656708,-0.31597253680229187,-0.7845073342323303,-0.20144788920879364,-0.3432159721851349,-0.9018621444702148,-0.22282804548740387,-0.14367558062076569,-0.46795016527175903,-0.10060691833496094,-0.13210320472717285,-0.7061915993690491,-0.16370753943920135,-0.11029990017414093,-0.8663535714149475,-0.19671912491321564,-0.09395243972539902,-0.9955767393112183,-0.2122408002614975,-0.05985185503959656,-0.43773153424263,-0.10306233167648315,-0.016908660531044006,-0.4806118607521057,-0.18340937793254852,-0.01697780378162861,-0.3475951850414276,-0.19413883984088898,-0.028436901047825813,-0.2617339491844177,-0.17988556623458862,0.01218905858695507,-0.372444748878479,-0.11369922012090683,0.04280094802379608,-0.4069197177886963,-0.17546376585960388,0.033973097801208496,-0.3071620464324951,-0.1751212626695633,0.013190533965826035,-0.2298097163438797,-0.1606173813343048
2,0.0,0.0,0.0,-0.08314412087202072,-0.03227110579609871,-0.09255852550268173,-0.1232989951968193,-0.1429324448108673,-0.14764058589935303,-0.053075578063726425,-0.28768372535705566,-0.19599947333335876,0.010725250467658043,-0.41115087270736694,-0.23866575956344604,-0.2271675318479538,-0.4305647909641266,-0.10181020200252533,-0.2774251103401184,-0.6496117115020752,-0.16091088950634003,-0.30661389231681824,-0.7862170934677124,-0.19401435554027557,-0.3320135176181793,-0.9028913974761963,-0.2138814777135849,-0.13691778481006622,-0.4703311324119568,-0.09692055732011795,-0.12229681760072708,-0.7103933095932007,-0.15807881951332092,-0.10129480808973312,-0.8692305684089661,-0.18985728919506073,-0.08632221817970276,-0.9962672591209412,-0.20411264896392822,-0.05335426330566406,-0.439922571182251,-0.10088649392127991,-0.008958610706031322,-0.4827364385128021,-0.18022564053535461,-0.010858582332730293,-0.35156241059303284,-0.1916060745716095,-0.02338804118335247,-0.26592159271240234,-0.17756862938404083,0.0181133933365345,-0.3743806481361389,-0.11258447170257568,0.05099419131875038,-0.40535449981689453,-0.17301912605762482,0.04040268063545227,-0.3063402771949768,-0.17237065732479095,0.01830519363284111,-0.2289746105670929,-0.1574980616569519
2,0.0,0.0,0.0,-0.08571083843708038,-0.03264705464243889,-0.09323745220899582,-0.12494955211877823,-0.14393030107021332,-0.14861568808555603,-0.05150853469967842,-0.28577837347984314,-0.1971130520105362,0.012905415147542953,-0.4080502688884735,-0.23978443443775177,-0.22677043080329895,-0.4296417534351349,-0.10213081538677216,-0.2753746509552002,-0.6493710875511169,-0.1612735539674759,-0.3045976459980011,-0.7853738069534302,-0.19420552253723145,-0.33009326457977295,-0.9014553427696228,-0.2141426056623459,-0.13695909082889557,-0.4691721498966217,-0.0970766618847847,-0.12087801098823547,-0.7093812823295593,-0.15877114236354828,-0.09921318292617798,-0.8690454959869385,-0.19101400673389435,-0.08418291062116623,-0.9964503049850464,-0.2055380791425705,-0.05442255362868309,-0.4383627474308014,-0.10094324499368668,-0.008526187390089035,-0.48035988211631775,-0.18041002750396729,-0.010191010311245918,-0.3493735194206238,-0.1917000263929367,-0.023249858990311623,-0.2651017904281616,-0.17763912677764893,0.015792792662978172,-0.37250232696533203,-0.11262813210487366,0.04994959756731987,-0.400497704744339,-0.17323538661003113,0.03992268070578575,-0.30101141333580017,-0.17274947464466095,0.017491362988948822,-0.2258126586675644,-0.15803976356983185
2,0.0,0.0,0.0,-0.08491778373718262,-0.027336928993463516,-0.09551092982292175,-0.1275963932275772,-0.13592597842216492,-0.1520974338054657,-0.05790446326136589,-0.27937906980514526,-0.2010464370250702,0.003844253486022353,-0.4080289602279663,-0.2443782091140747,-0.2309863269329071,-0.43095409870147705,-0.10515513271093369,-0.2788887321949005,-0.6503672003746033,-0.1654169261455536,-0.3069652318954468,-0.7864511013031006,-0.19922856986522675,-0.33131659030914307,-0.9034053087234497,-0.21963699162006378,-0.1399366706609726,-0.47126075625419617,-0.09941805899143219,-0.12232183665037155,-0.7099559307098389,-0.1629886031150818,-0.09868672490119934,-0.8688190579414368,-0.1962580531835556,-0.08241475373506546,-0.9965981245040894,-0.21109391748905182,-0.056174833327531815,-0.44072720408439636,-0.10261403024196625,-0.009812955744564533,-0.4794773757457733,-0.18495513498783112,-0.012684754095971584,-0.3444831967353821,-0.19747407734394073,-0.027218101546168327,-0.2592422366142273,-0.1838044673204422,0.015148635022342205,-0.3742924928665161,-0.11347788572311401,0.04861648008227348,-0.39424648880958557,-0.1776893138885498,0.03716530278325081,-0.28852733969688416,-0.17870166897773743,0.013340970501303673,-0.21138401329517365,-0.16437046229839325
2,0.0,0.0,0.0,-0.08690589666366577,-0.0328664556145668,-0.09500433504581451,-0.12743839621543884,-0.14545638859272003,-0.1502571702003479,-0.05772405490279198,-0.2882288992404938,-0.19830335676670074,0.0021245430689305067,-0.4119033217430115,-0.2407926619052887,-0.22727224230766296,-0.43550732731819153,-0.10250991582870483,-0.2761000990867615,-0.6540939211845398,-0.16181111335754395,-0.3049048185348511,-0.7904194593429565,-0.19506557285785675,-0.3305143713951111,-0.9072200059890747,-0.2145499736070633,-0.13786372542381287,-0.4715771973133087,-0.09624187648296356,-0.12095881998538971,-0.7106343507766724,-0.15898014605045319,-0.09716274589300156,-0.8707667589187622,-0.19106900691986084,-0.07992234826087952,-0.9968011379241943,-0.2042572796344757,-0.055143021047115326,-0.43944329023361206,-0.0991436019539833,-0.005917410831898451,-0.4734530746936798,-0.18170009553432465,-0.0064177182503044605,-0.33767497539520264,-0.19444692134857178,-0.019499508664011955,-0.24894297122955322,-0.17973226308822632,0.015195617452263832,-0.3725121319293976,-0.10970883816480637,0.052117303013801575,-0.3961285948753357,-0.17222456634044647,0.04193059355020523,-0.2896542549133301,-0.17197221517562866,0.01826854608952999,-0.2089432030916214,-0.15646487474441528
2,0.0,0.0,0.0,-0.08447345346212387,-0.03104119747877121,-0.09196662902832031,-0.12468310445547104,-0.1408853381872177,-0.1459546834230423,-0.053898222744464874,-0.2830813527107239,-0.19321037828922272,0.006333543919026852,-0.40735623240470886,-0.23564302921295166,-0.22547322511672974,-0.42930352687835693,-0.1025264784693718,-0.2727861702442169,-0.6486660242080688,-0.16152498126029968,-0.300700843334198,-0.784533679485321,-0.19454091787338257,-0.3254694938659668,-0.9029643535614014,-0.21429315209388733,-0.13424043357372284,-0.47052720189094543,-0.09804964065551758,-0.11762091517448425,-0.7102522253990173,-0.1592743843793869,-0.09372914582490921,-0.8700662851333618,-0.19149985909461975,-0.07710300385951996,-0.9970231056213379,-0.20583593845367432,-0.05103477090597153,-0.4412069320678711,-0.10206858068704605,-0.008260997012257576,-0.47744670510292053,-0.18220119178295135,-0.009570448659360409,-0.3441160321235657,-0.1943444162607193,-0.02008879743516445,-0.25658097863197327,-0.18082432448863983,0.019552627578377724,-0.37734654545783997,-0.11366254091262817,0.05287579447031021,-0.392374724149704,-0.17539972066879272,0.0429404154419899,-0.28333577513694763,-0.1749539077281952,0.023682111874222755,-0.20144876837730408,-0.1599864363670349
2,0.0,0.0,0.0,-0.08100272715091705,-0.028444504365324974,-0.09947922080755234,-0.12211786210536957,-0.13790565729141235,-0.15747086703777313,-0.05116590857505798,-0.2834290564060211,-0.20694033801555634,0.010928339324891567,-0.41325846314430237,-0.2506885826587677,-0.22619372606277466,-0.4293580949306488,-0.10947854816913605,-0.2737323045730591,-0.6495641469955444,-0.17198586463928223,-0.30161622166633606,-0.7863433361053467,-0.20712418854236603,-0.3255153000354767,-0.9044695496559143,-0.22805491089820862,-0.13531595468521118,-0.46805304288864136,-0.10177882760763168,-0.11810298264026642,-0.7091450095176697,-0.16641271114349365,-0.09463797509670258,-0.8684507608413696,-0.19914628565311432,-0.07883097976446152,-0.9968880414962769,-0.2131672352552414,-0.05173026770353317,-0.4355912208557129,-0.10348829627037048,-0.0016469898400828242,-0.4762905538082123,-0.18829654157161713,-0.004774161614477634,-0.3397178649902344,-0.20094366371631622,-0.02063509076833725,-0.25192970037460327,-0.18632417917251587,0.018490109592676163,-0.36650320887565613,-0.11299193650484085,0.05547911673784256,-0.3899982273578644,-0.1792854517698288,0.044313136488199234,-0.2855874001979828,-0.18023593723773956,0.018748702481389046,-0.20720304548740387,-0.1651921272277832
2,0.0,0.0,0.0,-0.07876116037368774,-0.03716834634542465,-0.09055962413549423,-0.11138355731964111,-0.15092068910598755,-0.14294220507144928,-0.039207279682159424,-0.29015570878982544,-0.18918052315711975,0.01951911672949791,-0.4089977443218231,-0.2307763248682022,-0.2165326178073883,-0.43132251501083374,-0.10061419010162354,-0.26716625690460205,-0.6493449807167053,-0.16107261180877686,-0.296095609664917,-0.7860113978385925,-0.19388698041439056,-0.32146263122558594,-0.9046550989151001,-0.21241608262062073,-0.12676508724689484,-0.46973171830177307,-0.09716975688934326,-0.11087926477193832,-0.7067947387695312,-0.1620073914527893,-0.08497579395771027,-0.8696269989013672,-0.19517634809017181,-0.06605745106935501,-0.9978157877922058,-0.20815488696098328,-0.043764714151620865,-0.44001132249832153,-0.10223186016082764,0.009366339072585106,-0.4622313380241394,-0.18742209672927856,0.010560592636466026,-0.32227692008018494,-0.20003116130828857,-0.0004783501208294183,-0.22920173406600952,-0.1841643750667572,0.025241753086447716,-0.37597915530204773,-0.11460176855325699,0.0650998055934906,-0.3765149414539337,-0.17983222007751465,0.05673340708017349,-0.2591291666030884,-0.1787327080965042,0.037085916846990585,-0.17184795439243317,-0.16145218908786774
2,0.0,0.0,0.0,-0.07939030230045319,-0.026921648532152176,-0.09699293226003647,-0.11832503229379654,-0.13292238116264343,-0.15503093600273132,-0.04637270048260689,-0.2716456353664398,-0.20546209812164307,0.01600760594010353,-0.3998536169528961,-0.2503431737422943,-0.222821444272995,-0.42720693349838257,-0.10865025967359543,-0.27144718170166016,-0.6461155414581299,-0.17226199805736542,-0.2991124093532562,-0.7837377786636353,-0.20790861546993256,-0.32158035039901733,-0.9029003381729126,-0.22909173369407654,-0.13225719332695007,-0.467447966337204,-0.10352221876382828,-0.11376602947711945,-0.707541823387146,-0.16971030831336975,-0.08798687160015106,-0.8682974576950073,-0.20383509993553162,-0.07041239738464355,-0.997518002986908,-0.21858589351177216,-0.04928307607769966,-0.4359268248081207,-0.10738331824541092,0.00039080248097889125,-0.47042128443717957,-0.19271382689476013,-0.004046639893203974,-0.33134445548057556,-0.2040722668170929,-0.02000889740884304,-0.24188074469566345,-0.18869483470916748,0.019826965406537056,-0.36755385994911194,-0.11910545080900192,0.05785541608929634,-0.37703222036361694,-0.18578611314296722,0.04601249098777771,-0.2668634057044983,-0.18572500348091125,0.02139206975698471,-0.18675687909126282,-0.1698010116815567
2,0.0,0.0,0.0,-0.08183952420949936,-0.026947354897856712,-0.10258907079696655,-0.12123647332191467,-0.13126258552074432,-0.16343334317207336,-0.05414793640375137,-0.2740030586719513,-0.21556289494037628,0.007694637402892113,-0.4032871127128601,-0.2613421678543091,-0.22925378382205963,-0.4244857132434845,-0.11231226474046707,-0.2818479537963867,-0.6425768733024597,-0.17540936172008514,-0.3127317726612091,-0.7796957492828369,-0.21168643236160278,-0.33703047037124634,-0.8987114429473877,-0.23363444209098816,-0.13914813101291656,-0.4639035165309906,-0.10312792658805847,-0.12150758504867554,-0.7033460140228271,-0.168639674782753,-0.09830674529075623,-0.8647912740707397,-0.20278523862361908,-0.08115720748901367,-0.9967013001441956,-0.2181292176246643,-0.056272659450769424,-0.43273571133613586,-0.10352455824613571,-0.010996752418577671,-0.4748972952365875,-0.18794630467891693,-0.016856204718351364,-0.33817777037620544,-0.20034392178058624,-0.03296451270580292,-0.2513646185398102,-0.18570032715797424,0.012836544774472713,-0.3654310703277588,-0.1120770201086998,0.04439062997698784,-0.3991222083568573,-0.17650270462036133,0.03067341074347496,-0.29919108748435974,-0.17686927318572998,0.004999644588679075,-0.22287486493587494,-0.16177518665790558
2,0.0,0.0,0.0,-0.07715544104576111,-0.033244386315345764,-0.09621220082044601,-0.1133590117096901,-0.14031966030597687,-0.15206797420978546,-0.044176530092954636,-0.279573917388916,-0.2004578709602356,0.017446700483560562,-0.40260037779808044,-0.24396666884422302,-0.21858206391334534,-0.4301183819770813,-0.10507072508335114,-0.2705647647380829,-0.6485575437545776,-0.1658487468957901,-0.2996295690536499,-0.7856117486953735,-0.19954076409339905,-0.32394930720329285,-0.9040074348449707,-0.21896594762802124,-0.1277371495962143,-0.46631354093551636,-0.09926800429821014,-0.11129114776849747,-0.704444169998169,-0.1639312207698822,-0.08663392066955566,-0.8672617673873901,-0.19799821078777313,-0.06860429048538208,-0.9976440072059631,-0.21207697689533234,-0.04399972781538963,-0.4329228103160858,-0.10233993828296661,0.007250054739415646,-0.461732417345047,-0.188004270195961,0.005125059746205807,-0.3223092257976532,-0.20258352160453796,-0.00833346787840128,-0.23175956308841705,-0.18832381069660187,0.02480573207139969,-0.36515745520591736,-0.11283445358276367,0.06153469532728195,-0.3709253966808319,-0.17894119024276733,0.05139842629432678,-0.25821322202682495,-0.1794268786907196,0.029973706230521202,-0.17576484382152557,-0.1635259985923767
2,0.0,0.0,0.0,-0.08257658779621124,-0.03220637887716293,-0.0963534563779831,-0.12300027906894684,-0.13811469078063965,-0.15576891601085663,-0.05001432076096535,-0.2761101722717285,-0.20822378993034363,0.013506880961358547,-0.40250054001808167,-0.2550722062587738,-0.2255743145942688,-0.4275754690170288,-0.10999065637588501,-0.2788107693195343,-0.6450080871582031,-0.17505423724651337,-0.3081541657447815,-0.7830920219421387,-0.21210291981697083,-0.332074373960495,-0.90329509973526,-0.2342381477355957,-0.13483485579490662,-0.4659579396247864,-0.1055539920926094,-0.11996064335107803,-0.7064635753631592,-0.17344632744789124,-0.09589473158121109,-0.8673080205917358,-0.20848581194877625,-0.0784178227186203,-0.9969205856323242,-0.22358611226081848,-0.04990583285689354,-0.4336571991443634,-0.1100248396396637,-0.0006736196228303015,-0.4623340368270874,-0.19517327845096588,-0.006132776383310556,-0.3238517642021179,-0.20595626533031464,-0.023000016808509827,-0.2356642186641693,-0.18980495631694794,0.021778646856546402,-0.3648943603038788,-0.12240371853113174,0.05639110133051872,-0.38209331035614014,-0.18551473319530487,0.04391168802976608,-0.27848488092422485,-0.18300609290599823,0.018863385543227196,-0.20243076980113983,-0.16578948497772217
2,0.0,0.0,0.0,-0.08071306347846985,-0.029138322919607162,-0.09686045348644257,-0.12096023559570312,-0.13053280115127563,-0.15681645274162292,-0.05148107931017876,-0.2686920464038849,-0.20967957377433777,0.012465810403227806,-0.39515233039855957,-0.2562381327152252,-0.22920003533363342,-0.4216170907020569,-0.10828834772109985,-0.2829449474811554,-0.6432386636734009,-0.17027439177036285,-0.3134436309337616,-0.7805842161178589,-0.20567576587200165,-0.33808189630508423,-0.8987295031547546,-0.2275397926568985,-0.1378728151321411,-0.46261507272720337,-0.10353134572505951,-0.12213381379842758,-0.70330810546875,-0.16848139464855194,-0.1008303314447403,-0.8654056787490845,-0.20343540608882904,-0.08589283376932144,-0.9963043928146362,-0.22017264366149902,-0.05244408920407295,-0.431692510843277,-0.10781782865524292,-0.007830078713595867,-0.46960869431495667,-0.18954311311244965,-0.013084343634545803,-0.3353371024131775,-0.2009061574935913,-0.028564106673002243,-0.2510504126548767,-0.18713155388832092,0.0198410302400589,-0.36437878012657166,-0.12016960978507996,0.052010297775268555,-0.3938266336917877,-0.18136760592460632,0.03893302381038666,-0.29599055647850037,-0.18007230758666992,0.014660853892564774,-0.2233886867761612,-0.16517120599746704
2,0.0,0.0,0.0,-0.0803731307387352,-0.03229345753788948,-0.09472910314798355,-0.1176271066069603,-0.13976538181304932,-0.15181304514408112,-0.04772717505693436,-0.2789023220539093,-0.20195713639259338,0.01778733916580677,-0.40054959058761597,-0.246743306517601,-0.2187727689743042,-0.4257287085056305,-0.10670893639326096,-0.27423879504203796,-0.6448131203651428,-0.16950161755084991,-0.3059985339641571,-0.7824033498764038,-0.20479963719844818,-0.33196693658828735,-0.9016978144645691,-0.22582730650901794,-0.1292564868927002,-0.4648297429084778,-0.10145445168018341,-0.11513327062129974,-0.7039545178413391,-0.1677781641483307,-0.09273520112037659,-0.8658277988433838,-0.20237357914447784,-0.0765770748257637,-0.9970636963844299,-0.21751704812049866,-0.046781111508607864,-0.4342367649078369,-0.10496141016483307,-0.00023644785687793046,-0.4722824692726135,-0.1895601749420166,-0.0036519113928079605,-0.3365115821361542,-0.20260971784591675,-0.01838592439889908,-0.2482944130897522,-0.18823446333408356,0.022380970418453217,-0.3693917989730835,-0.11606448888778687,0.057170022279024124,-0.38820475339889526,-0.18060508370399475,0.044566214084625244,-0.28320249915122986,-0.1814098209142685,0.019824020564556122,-0.20449142158031464,-0.16656433045864105
2,0.0,0.0,0.0,-0.07484656572341919,-0.02966146171092987,-0.0982101634144783,-0.11219433695077896,-0.13270089030265808,-0.15773357450962067,-0.04059305414557457,-0.2698795199394226,-0.20977596938610077,0.02519727684557438,-0.39370742440223694,-0.256220281124115,-0.22137171030044556,-0.42542925477027893,-0.11230392754077911,-0.27271202206611633,-0.6456896066665649,-0.17700684070587158,-0.3013949692249298,-0.7843277454376221,-0.21299324929714203,-0.3251520097255707,-0.9037436246871948,-0.23402447998523712,-0.12963499128818512,-0.4636071026325226,-0.10676863044500351,-0.1134403720498085,-0.7028312087059021,-0.17454412579536438,-0.08885911852121353,-0.8665161728858948,-0.20867733657360077,-0.0715208351612091,-0.9974390864372253,-0.22287273406982422,-0.04468487948179245,-0.4309408962726593,-0.11014585942029953,0.007883245125412941,-0.45750850439071655,-0.1962331384420395,0.00590085331350565,-0.3175011873245239,-0.2065744549036026,-0.008740614168345928,-0.2268984168767929,-0.18955081701278687,0.024761876091361046,-0.3618737459182739,-0.12155112624168396,0.06302540004253387,-0.36967381834983826,-0.18714380264282227,0.053247060626745224,-0.26103147864341736,-0.1850685477256775,0.030229248106479645,-0.1804317831993103,-0.16734352707862854
2,0.0,0.0,0.0,-0.07586643099784851,-0.02988080121576786,-0.10032004117965698,-0.1128697544336319,-0.1353149563074112,-0.1605611890554428,-0.04176374897360802,-0.2734042704105377,-0.21320021152496338,0.023393012583255768,-0.40078964829444885,-0.2602548599243164,-0.21995170414447784,-0.4254513084888458,-0.11124744266271591,-0.2697450518608093,-0.6456490755081177,-0.17736364901065826,-0.2974201738834381,-0.7847827672958374,-0.2155982106924057,-0.3204779028892517,-0.9048529863357544,-0.23848101496696472,-0.12987034022808075,-0.46296048164367676,-0.1051005870103836,-0.1134486272931099,-0.7030511498451233,-0.17544616758823395,-0.08876421302556992,-0.8665177822113037,-0.21283020079135895,-0.0720592588186264,-0.9974004030227661,-0.229131817817688,-0.04636191949248314,-0.4308532774448395,-0.10819083452224731,0.0003760168037842959,-0.46815305948257446,-0.19779536128044128,-0.001121238456107676,-0.3290264308452606,-0.21079467236995697,-0.01585087925195694,-0.23978018760681152,-0.19485615193843842,0.022510463371872902,-0.36353904008865356,-0.11914204806089401,0.05784351006150246,-0.38482457399368286,-0.18726548552513123,0.04733043536543846,-0.27806973457336426,-0.18689610064029694,0.023982923477888107,-0.19857774674892426,-0.16998626291751862
2,0.0,0.0,0.0,-0.08062591403722763,-0.024834536015987396,-0.10220891982316971,-0.12169992178678513,-0.13218720257282257,-0.16217735409736633,-0.0497017428278923,-0.27503225207328796,-0.21344047784805298,0.015969812870025635,-0.4044637680053711,-0.2581021189689636,-0.21970047056674957,-0.4267902970314026,-0.11315777152776718,-0.26888731122016907,-0.6472287178039551,-0.17841586470603943,-0.29691246151924133,-0.7842855453491211,-0.21439161896705627,-0.3196026086807251,-0.9027740359306335,-0.23528890311717987,-0.13130488991737366,-0.46482837200164795,-0.10486574470996857,-0.11406934261322021,-0.7020001411437988,-0.17553290724754333,-0.09071732312440872,-0.8652603626251221,-0.21075677871704102,-0.07367496937513351,-0.9972822666168213,-0.2250458002090454,-0.050072815269231796,-0.4339213967323303,-0.10621754080057144,0.004859965294599533,-0.46477222442626953,-0.19639526307582855,0.004140467382967472,-0.32083743810653687,-0.20828646421432495,-0.010997727513313293,-0.2286975234746933,-0.19096969068050385,0.017620034515857697,-0.36781206727027893,-0.11572691053152084,0.059083957225084305,-0.38380196690559387,-0.1846494823694229,0.050299495458602905,-0.2771221399307251,-0.18542629480361938,0.026108400896191597,-0.1989470273256302,-0.16905803978443146
2,0.0,0.0,0.0,-0.0801863819360733,-0.027136901393532753,-0.09713628143072128,-0.12026096135377884,-0.1357118785381317,-0.15514394640922546,-0.04992995038628578,-0.2760474979877472,-0.20535215735435486,0.013649986125528812,-0.4015054404735565,-0.24986854195594788,-0.2148970514535904,-0.431438148021698,-0.10978662222623825,-0.2594062387943268,-0.6512463092803955,-0.17318087816238403,-0.2850382924079895,-0.7888935208320618,-0.20785097777843475,-0.3065723478794098,-0.9072672128677368,-0.2278844118118286,-0.12638483941555023,-0.4694763123989105,-0.10331959277391434,-0.10747732222080231,-0.7071179747581482,-0.1712285876274109,-0.08453711867332458,-0.8679370880126953,-0.20527471601963043,-0.06850944459438324,-0.9976504445075989,-0.2192278951406479,-0.045388363301754,-0.4395991563796997,-0.10580164194107056,0.003203835105523467,-0.46931013464927673,-0.19205430150032043,-0.00020974039216525853,-0.32903480529785156,-0.20393313467502594,-0.014772333204746246,-0.2391381859779358,-0.18810364603996277,0.023153182119131088,-0.37604808807373047,-0.11613064259290695,0.05945877358317375,-0.3858698606491089,-0.1822003722190857,0.04894140362739563,-0.27665284276008606,-0.18281947076320648,0.02608954720199108,-0.19752095639705658,-0.16723860800266266
2,0.0,0.0,0.0,-0.08182037621736526,-0.029844917356967926,-0.09587913751602173,-0.12126840651035309,-0.1391499787569046,-0.1528172791004181,-0.04812406003475189,-0.27994006872177124,-0.20256756246089935,0.015903791412711143,-0.40487852692604065,-0.24639074504375458,-0.2193612903356552,-0.43248724937438965,-0.10613008588552475,-0.2634279429912567,-0.6538147330284119,-0.16886207461357117,-0.2870361804962158,-0.7918913960456848,-0.20252783596515656,-0.3069073557853699,-0.9093974828720093,-0.22153128683567047,-0.12955190241336823,-0.46960267424583435,-0.10070010274648666,-0.11141599714756012,-0.7113966941833496,-0.167244091629982,-0.0868033617734909,-0.8712365627288818,-0.19990770518779755,-0.0693434551358223,-0.9975928068161011,-0.21260198950767517,-0.04677259176969528,-0.4375704228878021,-0.10445748269557953,0.004914222285151482,-0.4707518219947815,-0.19028256833553314,-0.00011695666762534529,-0.330099493265152,-0.20136892795562744,-0.017794568091630936,-0.24173200130462646,-0.1845857948064804,0.022910436615347862,-0.3699094355106354,-0.1159338504076004,0.06156795099377632,-0.3853696286678314,-0.18086539208889008,0.04904637113213539,-0.2786619961261749,-0.18021851778030396,0.022305093705654144,-0.20155705511569977,-0.16368430852890015
2,0.0,0.0,0.0,-0.07650259882211685,-0.026542557403445244,-0.09936852753162384,-0.11442107707262039,-0.1326131820678711,-0.15866249799728394,-0.04480498656630516,-0.2713075280189514,-0.20987780392169952,0.019771505147218704,-0.39691317081451416,-0.2552987039089203,-0.21468916535377502,-0.43126940727233887,-0.11042750626802444,-0.25874951481819153,-0.6537159085273743,-0.17382098734378815,-0.28283724188804626,-0.7917251586914062,-0.20912526547908783,-0.3018588125705719,-0.9100708961486816,-0.22988437116146088,-0.12431991100311279,-0.4677216410636902,-0.10348288714885712,-0.1046973317861557,-0.7052570581436157,-0.17142896354198456,-0.08013245463371277,-0.8671483397483826,-0.2070472538471222,-0.06250720471143723,-0.9980445504188538,-0.2228090912103653,-0.04195026680827141,-0.4351113438606262,-0.10564293712377548,0.0041178385727107525,-0.47130149602890015,-0.19224920868873596,-0.0017238629516214132,-0.33288753032684326,-0.2058560848236084,-0.018653657287359238,-0.2441573143005371,-0.19178463518619537,0.027295738458633423,-0.3691866397857666,-0.11568275839090347,0.06429191678762436,-0.3855116367340088,-0.1826196014881134,0.05225102975964546,-0.27736616134643555,-0.18449179828166962,0.028141340240836143,-0.19772197306156158,-0.17010584473609924
2,0.0,0.0,0.0,-0.07952503114938736,-0.026340104639530182,-0.0993565171957016,-0.11761761456727982,-0.1377987414598465,-0.15639396011829376,-0.043712131679058075,-0.2782225012779236,-0.20508086681365967,0.018769387155771255,-0.4053940176963806,-0.24774546921253204,-0.2135467529296875,-0.4332493543624878,-0.11019351333379745,-0.25838834047317505,-0.6541879177093506,-0.1730612814426422,-0.2838732600212097,-0.7917469143867493,-0.20679344236850739,-0.3050224184989929,-0.9112464785575867,-0.2261524349451065,-0.12431658059358597,-0.47104936838150024,-0.10299868136644363,-0.10435478389263153,-0.7087016105651855,-0.17082571983337402,-0.07895683497190475,-0.8693854212760925,-0.20419296622276306,-0.06097293645143509,-0.9981394410133362,-0.21745304763317108,-0.043423354625701904,-0.4393315613269806,-0.10524316877126694,0.010734645649790764,-0.4704758822917938,-0.1948368102312088,0.01068784948438406,-0.3256627023220062,-0.20774726569652557,-0.0038601644337177277,-0.2330487221479416,-0.19142532348632812,0.024266447871923447,-0.3731895387172699,-0.11524446308612823,0.0658232718706131,-0.38348811864852905,-0.18490344285964966,0.05696207657456398,-0.27169254422187805,-0.1867009848356247,0.03341967239975929,-0.19046661257743835,-0.17124003171920776
2,0.0,0.0,0.0,-0.08098135143518448,-0.03284744173288345,-0.09250190854072571,-0.11675862222909927,-0.1480644941329956,-0.14510104060173035,-0.04004482924938202,-0.28616324067115784,-0.19086122512817383,0.026604102924466133,-0.40711086988449097,-0.2321324497461319,-0.21254634857177734,-0.4392557442188263,-0.10062053799629211,-0.25454095005989075,-0.661357045173645,-0.15926018357276917,-0.27645429968833923,-0.8000927567481995,-0.1907808780670166,-0.2955533266067505,-0.9184725284576416,-0.2085932046175003,-0.11957094073295593,-0.47395506501197815,-0.09564279764890671,-0.10008348524570465,-0.713397204875946,-0.1571209877729416,-0.07481984794139862,-0.872500479221344,-0.18861263990402222,-0.05780894681811333,-0.9983276724815369,-0.20125888288021088,-0.03622903302311897,-0.43959301710128784,-0.09938640147447586,0.008009565062820911,-0.4775308072566986,-0.1817425787448883,0.0033293082378804684,-0.3408900201320648,-0.1952553242444992,-0.01213579997420311,-0.25190985202789307,-0.18133020401000977,0.03312179818749428,-0.37209364771842957,-0.1104174330830574,0.06637689471244812,-0.38037389516830444,-0.1753581017255783,0.05266289785504341,-0.2658440172672272,-0.17636100947856903,0.0282224640250206,-0.18119964003562927,-0.16124768555164337
2,0.0,0.0,0.0,-0.07915981113910675,-0.03472117707133293,-0.09879995137453079,-0.11650991439819336,-0.1442956179380417,-0.15547987818717957,-0.04274773225188255,-0.2842518091201782,-0.20427219569683075,0.024984529241919518,-0.4074691832065582,-0.2467336803674698,-0.2141834795475006,-0.43545112013816833,-0.1065368577837944,-0.2608751654624939,-0.657904326915741,-0.16724035143852234,-0.286363422870636,-0.796757698059082,-0.19923312962055206,-0.30733031034469604,-0.9150965213775635,-0.217428520321846,-0.12285365164279938,-0.4720706641674042,-0.09895063936710358,-0.10473853349685669,-0.7105737328529358,-0.1636546403169632,-0.08076877146959305,-0.8712339401245117,-0.19563573598861694,-0.06392001360654831,-0.9979550838470459,-0.20821593701839447,-0.04061460867524147,-0.43772196769714355,-0.10101404786109924,0.00850810669362545,-0.47049516439437866,-0.18766942620277405,0.00554672721773386,-0.33227619528770447,-0.20102033019065857,-0.011078106239438057,-0.2450232058763504,-0.18523186445236206,0.027005009353160858,-0.3688502311706543,-0.11071886867284775,0.0638669803738594,-0.3877089321613312,-0.17688815295696259,0.052213866263628006,-0.28251200914382935,-0.17798928916454315,0.025508560240268707,-0.20421195030212402,-0.1625482439994812
2,0.0,0.0,0.0,-0.07779169082641602,-0.0347270630300045,-0.0938945934176445,-0.11122727394104004,-0.15273849666118622,-0.1478157639503479,-0.038252346217632294,-0.29346439242362976,-0.19462357461452484,0.027701186016201973,-0.41390836238861084,-0.23631015419960022,-0.20644448697566986,-0.43755754828453064,-0.10436106473207474,-0.2512798309326172,-0.6594136357307434,-0.16592471301555634,-0.2745486795902252,-0.7978664636611938,-0.199136883020401,-0.29420027136802673,-0.9170081615447998,-0.21807941794395447,-0.11492713540792465,-0.4724758565425873,-0.09943919628858566,-0.0955825075507164,-0.7112259864807129,-0.16554367542266846,-0.07014428824186325,-0.870978832244873,-0.19858182966709137,-0.0529230497777462,-0.998598575592041,-0.21155229210853577,-0.032855160534381866,-0.43828460574150085,-0.10336728394031525,0.01603977009654045,-0.4752212464809418,-0.19018834829330444,0.010599585250020027,-0.33465576171875,-0.20312948524951935,-0.00750931678339839,-0.2454196810722351,-0.1873694211244583,0.0338992215692997,-0.3700851798057556,-0.11457709223031998,0.07066977769136429,-0.3819705545902252,-0.18175500631332397,0.05591999366879463,-0.2715492844581604,-0.18277816474437714,0.02819913811981678,-0.19218003749847412,-0.16710343956947327
2,0.0,0.0,0.0,-0.08277462422847748,-0.03480110317468643,-0.09609869867563248,-0.12100311368703842,-0.15019455552101135,-0.15048617124557495,-0.04329541698098183,-0.290362149477005,-0.19741179049015045,0.026802631095051765,-0.4127069115638733,-0.23827879130840302,-0.21010231971740723,-0.43777963519096375,-0.10305669158697128,-0.2560617923736572,-0.6615551114082336,-0.16352136433124542,-0.2797432541847229,-0.8004549741744995,-0.1955854892730713,-0.2988796532154083,-0.9196444749832153,-0.2136513739824295,-0.11903911083936691,-0.4722946584224701,-0.09604594111442566,-0.10058696568012238,-0.7103620767593384,-0.16034790873527527,-0.07596100866794586,-0.8708210587501526,-0.1918438971042633,-0.057661280035972595,-0.9983361959457397,-0.20403379201889038,-0.038059987127780914,-0.4383130967617035,-0.09866712987422943,0.011035406962037086,-0.47555986046791077,-0.1845899373292923,0.00620952108874917,-0.33745211362838745,-0.19712801277637482,-0.010659130290150642,-0.24979721009731293,-0.18085406720638275,0.029045840725302696,-0.370559424161911,-0.10885555297136307,0.06603262573480606,-0.39574816823005676,-0.17477883398532867,0.05302149057388306,-0.29067176580429077,-0.1753956526517868,0.025728469714522362,-0.21254266798496246,-0.15961217880249023
2,0.0,0.0,0.0,-0.08183787763118744,-0.03440816327929497,-0.09413847327232361,-0.12043040245771408,-0.151002898812294,-0.14795099198818207,-0.04700959473848343,-0.29453352093696594,-0.19447621703147888,0.018854349851608276,-0.41891106963157654,-0.2357546091079712,-0.20885224640369415,-0.4410407245159149,-0.10469118505716324,-0.25169798731803894,-0.6626231074333191,-0.1655435860157013,-0.27540475130081177,-0.8003774285316467,-0.19879984855651855,-0.2954982817173004,-0.919946551322937,-0.21821022033691406,-0.11812911182641983,-0.47573280334472656,-0.09864819049835205,-0.09699316322803497,-0.7123659253120422,-0.16336709260940552,-0.0706624686717987,-0.8714033961296082,-0.19573569297790527,-0.051015399396419525,-0.9986978769302368,-0.20906302332878113,-0.037165556102991104,-0.4419519603252411,-0.10153894126415253,0.012756905518472195,-0.4749336242675781,-0.1861022561788559,0.007197170983999968,-0.33577293157577515,-0.19824182987213135,-0.008736162446439266,-0.2465754747390747,-0.18294820189476013,0.0291441697627306,-0.37460947036743164,-0.11198241263628006,0.06553222239017487,-0.386408269405365,-0.17767275869846344,0.05129674822092056,-0.278179407119751,-0.17887204885482788,0.025258397683501244,-0.19972257316112518,-0.16402095556259155
2,0.0,0.0,0.0,-0.085377998650074,-0.039057657122612,-0.08862988650798798,-0.12127937376499176,-0.1567944884300232,-0.13926538825035095,-0.04723327234387398,-0.29449501633644104,-0.18394258618354797,0.01897827535867691,-0.4109063148498535,-0.22329626977443695,-0.20650586485862732,-0.44676342606544495,-0.09530328959226608,-0.24785546958446503,-0.6665545701980591,-0.15248234570026398,-0.2694457173347473,-0.8046211004257202,-0.1826787292957306,-0.28713253140449524,-0.9228007793426514,-0.19963659346103668,-0.1157965138554573,-0.47958049178123474,-0.09153976291418076,-0.09593504667282104,-0.7151506543159485,-0.15332967042922974,-0.06934081017971039,-0.8739385604858398,-0.18460522592067719,-0.04918607324361801,-0.9987896680831909,-0.19667990505695343,-0.0344264917075634,-0.44514164328575134,-0.09648511558771133,0.012248761020600796,-0.4717163145542145,-0.17884546518325806,0.007764364127069712,-0.3339594304561615,-0.19120270013809204,-0.0076740761287510395,-0.24616877734661102,-0.1756645143032074,0.03292268514633179,-0.378570556640625,-0.10858387500047684,0.06729201972484589,-0.393068790435791,-0.1714213788509369,0.05391200631856918,-0.2840544581413269,-0.17112311720848083,0.02797788754105568,-0.20385858416557312,-0.15517862141132355
2,0.0,0.0,0.0,-0.08308430016040802,-0.0420507974922657,-0.09336481988430023,-0.11642440408468246,-0.16059106588363647,-0.14555257558822632,-0.04094435274600983,-0.2984468638896942,-0.19060654938220978,0.025457818061113358,-0.41285908222198486,-0.23003719747066498,-0.20400802791118622,-0.44550469517707825,-0.09990359097719193,-0.24399520456790924,-0.6666740775108337,-0.15727686882019043,-0.2662615180015564,-0.8034278750419617,-0.1882002204656601,-0.2849964201450348,-0.9204152226448059,-0.20581631362438202,-0.11429429054260254,-0.47599688172340393,-0.09384570270776749,-0.09492204338312149,-0.7126520872116089,-0.15535025298595428,-0.0682600885629654,-0.8734583854675293,-0.1869935840368271,-0.04725124314427376,-0.998883068561554,-0.19971580803394318,-0.03369263559579849,-0.43991807103157043,-0.09673218429088593,0.014303969219326973,-0.4721708595752716,-0.17854617536067963,0.008066828362643719,-0.3364635109901428,-0.1909945160150528,-0.009266492910683155,-0.24891747534275055,-0.17587561905384064,0.033110104501247406,-0.3722635805606842,-0.10727708786725998,0.07050472497940063,-0.393297404050827,-0.17038995027542114,0.057701386511325836,-0.28646120429039,-0.1703301966190338,0.0320696085691452,-0.2056424468755722,-0.15462751686573029
2,0.0,0.0,0.0,-0.07948247343301773,-0.04231635108590126,-0.08980986475944519,-0.10975734144449234,-0.1602390706539154,-0.1407163292169571,-0.0343315452337265,-0.29716455936431885,-0.18549442291259766,0.030710767954587936,-0.4149864912033081,-0.22528396546840668,-0.19946007430553436,-0.4430958032608032,-0.09745340049266815,-0.23810133337974548,-0.6638435125350952,-0.155784010887146,-0.25863492488861084,-0.8012843132019043,-0.18749290704727173,-0.2760467529296875,-0.9203596711158752,-0.20557346940040588,-0.109184630215168,-0.475191205739975,-0.09374425560235977,-0.0889352336525917,-0.7134733200073242,-0.15499217808246613,-0.06175394728779793,-0.8736178278923035,-0.18652445077896118,-0.040800176560878754,-0.9991673231124878,-0.19947387278079987,-0.027398834004998207,-0.4398012161254883,-0.09869638085365295,0.017767135053873062,-0.4734541177749634,-0.18060451745986938,0.010473160073161125,-0.3355707824230194,-0.19268421828746796,-0.005362623371183872,-0.2463260442018509,-0.17757515609264374,0.040694791823625565,-0.3720310628414154,-0.11099005490541458,0.07555556297302246,-0.3882826864719391,-0.17472629249095917,0.059520117938518524,-0.27798011898994446,-0.17455685138702393,0.03422994911670685,-0.1963338553905487,-0.1588377058506012
2,0.0,0.0,0.0,-0.08027411997318268,-0.03257669880986214,-0.09759365022182465,-0.11872484534978867,-0.14568562805652618,-0.15311101078987122,-0.04452887549996376,-0.2866179049015045,-0.20079423487186432,0.027493437752127647,-0.40731024742126465,-0.24268673360347748,-0.21015913784503937,-0.4380245804786682,-0.10590502619743347,-0.25247594714164734,-0.6649996638298035,-0.16810354590415955,-0.2730962336063385,-0.8063182234764099,-0.20209099352359772,-0.28863146901130676,-0.9259827136993408,-0.2212793380022049,-0.11764942854642868,-0.4718360900878906,-0.0989481657743454,-0.09982719272375107,-0.7110753655433655,-0.1649608463048935,-0.07330936193466187,-0.8714605569839478,-0.1975472867488861,-0.052544157952070236,-0.9986186027526855,-0.2100212424993515,-0.03460830822587013,-0.4370648264884949,-0.1013045608997345,0.012947062961757183,-0.4725322723388672,-0.18696923553943634,0.0045154765248298645,-0.3344495892524719,-0.19814535975456238,-0.014250929467380047,-0.24763904511928558,-0.1810496598482132,0.033610958606004715,-0.3679317533969879,-0.11143093556165695,0.06748468428850174,-0.38855886459350586,-0.177064910531044,0.05231215059757233,-0.2815071642398834,-0.17595665156841278,0.025121541693806648,-0.20390352606773376,-0.1586141735315323
2,0.0,0.0,0.0,-0.08418077975511551,-0.03344983235001564,-0.09289392828941345,-0.12321435660123825,-0.14657308161258698,-0.1467471718788147,-0.05015072599053383,-0.2844178378582001,-0.19358210265636444,0.016198361292481422,-0.4043671786785126,-0.2353770136833191,-0.20491035282611847,-0.4386293292045593,-0.1048322319984436,-0.2459799200296402,-0.660319983959198,-0.1652216613292694,-0.26887238025665283,-0.7984017133712769,-0.19856758415699005,-0.28856396675109863,-0.9193216562271118,-0.21846213936805725,-0.1150539368391037,-0.4728412926197052,-0.09953458607196808,-0.094533771276474,-0.7090925574302673,-0.16352052986621857,-0.06741978973150253,-0.8701861500740051,-0.19629277288913727,-0.04767664149403572,-0.9988628625869751,-0.2105439007282257,-0.03534965589642525,-0.43973591923713684,-0.10280532389879227,0.008902108296751976,-0.46843868494033813,-0.18524564802646637,0.0013574990443885326,-0.33261218667030334,-0.19757895171642303,-0.014786724001169205,-0.24429109692573547,-0.18357639014720917,0.03031892329454422,-0.37443384528160095,-0.11381621658802032,0.06478653848171234,-0.3861742317676544,-0.17894165217876434,0.049632493406534195,-0.2747170627117157,-0.18063685297966003,0.023673268035054207,-0.19226300716400146,-0.16669508814811707
2,0.0,0.0,0.0,-0.08130480349063873,-0.03358260914683342,-0.08967426419258118,-0.11912097036838531,-0.14962773025035858,-0.14087039232254028,-0.04518933594226837,-0.2854602038860321,-0.18538416922092438,0.019024906679987907,-0.40688255429267883,-0.22543610632419586,-0.20412783324718475,-0.4386952817440033,-0.10249193757772446,-0.24486443400382996,-0.6616039872169495,-0.1612326204776764,-0.2662939429283142,-0.8005198836326599,-0.19178402423858643,-0.284379243850708,-0.9221720099449158,-0.20916229486465454,-0.11349888890981674,-0.4746516942977905,-0.09799043089151382,-0.09510087966918945,-0.7125112414360046,-0.1606958657503128,-0.06761495023965836,-0.8720399737358093,-0.19155530631542206,-0.047597736120224,-0.9988665580749512,-0.20369091629981995,-0.03268354758620262,-0.44387882947921753,-0.10163909941911697,0.012354574166238308,-0.4705919325351715,-0.1847791224718094,0.004711395129561424,-0.3302192687988281,-0.19803257286548615,-0.011869974434375763,-0.23746611177921295,-0.1841401308774948,0.034562885761260986,-0.38112136721611023,-0.11245423555374146,0.07088903337717056,-0.3767201006412506,-0.18030938506126404,0.05465402081608772,-0.2546180188655853,-0.18357419967651367,0.028134584426879883,-0.1653154492378235,-0.16982485353946686
2,0.0,0.0,0.0,-0.08209843933582306,-0.03644730523228645,-0.09367603808641434,-0.11785859614610672,-0.1511855125427246,-0.14718708395957947,-0.041881710290908813,-0.2895255982875824,-0.19364482164382935,0.026652825996279716,-0.40944328904151917,-0.23445197939872742,-0.20687106251716614,-0.4400581121444702,-0.10214053839445114,-0.24992617964744568,-0.6637725234031677,-0.16254539787769318,-0.2708110511302948,-0.8028879761695862,-0.19532273709774017,-0.2868618071079254,-0.9226710796356201,-0.21382521092891693,-0.11534492671489716,-0.47461581230163574,-0.09630861133337021,-0.09656967967748642,-0.7103025913238525,-0.1608813852071762,-0.06904271245002747,-0.8709539175033569,-0.1932370811700821,-0.04677214473485947,-0.998905599117279,-0.20587196946144104,-0.03271939232945442,-0.4410327076911926,-0.09943047165870667,0.014373254962265491,-0.47025492787361145,-0.18320314586162567,0.008589630015194416,-0.3312481939792633,-0.19404567778110504,-0.006843532435595989,-0.24291838705539703,-0.17719334363937378,0.03588659316301346,-0.373771995306015,-0.11024212837219238,0.06976823508739471,-0.39029693603515625,-0.1739334613084793,0.0557631179690361,-0.2823299765586853,-0.17255079746246338,0.03112857975065708,-0.20344120264053345,-0.1554221212863922
2,0.0,0.0,0.0,-0.08135635405778885,-0.032137662172317505,-0.09293553233146667,-0.11979168653488159,-0.14645759761333466,-0.14486835896968842,-0.04902547597885132,-0.2808944582939148,-0.18984945118427277,0.018760623410344124,-0.396946519613266,-0.22992248833179474,-0.2075432687997818,-0.4371888041496277,-0.10289394855499268,-0.24893885850906372,-0.6610360741615295,-0.16363584995269775,-0.27123597264289856,-0.8008382320404053,-0.1966790109872818,-0.28985509276390076,-0.9227630496025085,-0.21531958878040314,-0.11701880395412445,-0.4708278179168701,-0.09729757905006409,-0.09865140914916992,-0.7071689367294312,-0.16163161396980286,-0.07073518633842468,-0.8693467378616333,-0.19400009512901306,-0.0496150478720665,-0.9987683892250061,-0.2068682610988617,-0.03617514669895172,-0.4379828870296478,-0.10042928159236908,0.009742042049765587,-0.4643438756465912,-0.18568958342075348,0.006013702135533094,-0.3255251348018646,-0.19802412390708923,-0.007457496598362923,-0.23431845009326935,-0.18201643228530884,0.029556086286902428,-0.37340861558914185,-0.11108820140361786,0.06420566141605377,-0.3820485472679138,-0.17733566462993622,0.05262455344200134,-0.268518328666687,-0.1774597316980362,0.030334383249282837,-0.18397271633148193,-0.16120968759059906
2,0.0,0.0,0.0,-0.07977145165205002,-0.034921083599328995,-0.09245597571134567,-0.11597982794046402,-0.14945286512374878,-0.1442781686782837,-0.04167824983596802,-0.28500843048095703,-0.18904222548007965,0.024770690128207207,-0.405269056558609,-0.22894138097763062,-0.20238815248012543,-0.4392990171909332,-0.10268589109182358,-0.24332991242408752,-0.6619806289672852,-0.1626724898815155,-0.26501989364624023,-0.8024481534957886,-0.19426581263542175,-0.2821784019470215,-0.9239395260810852,-0.21184498071670532,-0.11200936883687973,-0.4722457826137543,-0.09689819812774658,-0.0934627503156662,-0.7083189487457275,-0.16095547378063202,-0.06611774861812592,-0.8697102665901184,-0.19279199838638306,-0.045408934354782104,-0.9989684820175171,-0.20518720149993896,-0.03101874142885208,-0.4383598268032074,-0.0998167172074318,0.016097774729132652,-0.4644833207130432,-0.18575294315814972,0.011915194801986217,-0.32476696372032166,-0.19971200823783875,-0.0026064657140523195,-0.23480208218097687,-0.18477118015289307,0.03487040475010872,-0.3722415268421173,-0.10990087687969208,0.0689762532711029,-0.37805333733558655,-0.17759519815444946,0.056040242314338684,-0.26458489894866943,-0.179585263133049,0.03167907893657684,-0.18192578852176666,-0.16455452144145966
2,0.0,0.0,0.0,-0.07974823564291,-0.030722392722964287,-0.09786707907915115,-0.11708075553178787,-0.14412350952625275,-0.15203101933002472,-0.04497333988547325,-0.2796604633331299,-0.19794662296772003,0.02380787953734398,-0.39857906103134155,-0.2382097691297531,-0.20474334061145782,-0.4318711757659912,-0.10630390048027039,-0.24392621219158173,-0.655533492565155,-0.1675754338502884,-0.26552173495292664,-0.7958747744560242,-0.20076343417167664,-0.28247830271720886,-0.9175817370414734,-0.2197091281414032,-0.11615605652332306,-0.4658545255661011,-0.0977618619799614,-0.09727455675601959,-0.7032192349433899,-0.16275091469287872,-0.06967683881521225,-0.8666760921478271,-0.1951923370361328,-0.04753531515598297,-0.9988695979118347,-0.20825743675231934,-0.03669848293066025,-0.43304669857025146,-0.09853854775428772,0.013031242415308952,-0.4697108864784241,-0.18401841819286346,0.0068483357317745686,-0.3321453928947449,-0.1966686248779297,-0.010507721453905106,-0.24364465475082397,-0.1809413731098175,0.029661674052476883,-0.368977427482605,-0.10716047883033752,0.0673995390534401,-0.3879353106021881,-0.17411234974861145,0.054486654698848724,-0.28089645504951477,-0.1759268343448639,0.027625571936368942,-0.201786071062088,-0.16097263991832733
2,0.0,0.0,0.0,-0.07753521203994751,-0.029973432421684265,-0.09662432968616486,-0.11392104625701904,-0.13876338303089142,-0.15265221893787384,-0.041931912302970886,-0.27381476759910583,-0.20090427994728088,0.028523044660687447,-0.3917854428291321,-0.24322666227817535,-0.20242595672607422,-0.4335172474384308,-0.10943900793790817,-0.24235853552818298,-0.6571908593177795,-0.1727936714887619,-0.2633458971977234,-0.7977702021598816,-0.2076650708913803,-0.2794499695301056,-0.9186749458312988,-0.22828738391399384,-0.113591767847538,-0.46801555156707764,-0.10292153805494308,-0.09431055188179016,-0.704772412776947,-0.17097772657871246,-0.06676618754863739,-0.8675848245620728,-0.20535901188850403,-0.044490694999694824,-0.9990098476409912,-0.22003358602523804,-0.03309140354394913,-0.43436238169670105,-0.10524595528841019,0.013817289844155312,-0.46690675616264343,-0.19067780673503876,0.005439873319119215,-0.3286603093147278,-0.20194201171398163,-0.013266440480947495,-0.24199727177619934,-0.18624626100063324,0.033649906516075134,-0.368234246969223,-0.11565600335597992,0.06915547698736191,-0.38259389996528625,-0.18309740722179413,0.0529356375336647,-0.27601951360702515,-0.18528561294078827,0.023980112746357918,-0.19951601326465607,-0.17099112272262573
2,0.0,0.0,0.0,-0.07881356030702591,-0.032298099249601364,-0.09689792990684509,-0.11605971306562424,-0.1436440348625183,-0.15287597477436066,-0.04367097094655037,-0.27987900376319885,-0.20132285356521606,0.025947125628590584,-0.3988792598247528,-0.2438374161720276,-0.2043934315443039,-0.4337595999240875,-0.10660780966281891,-0.24475108087062836,-0.660889208316803,-0.16897131502628326,-0.2660847306251526,-0.8012878894805908,-0.20332778990268707,-0.28335481882095337,-0.9209631085395813,-0.22329385578632355,-0.11418096721172333,-0.46729013323783875,-0.09907770901918411,-0.09486622363328934,-0.7064942717552185,-0.16585493087768555,-0.0678340271115303,-0.8684828877449036,-0.19989654421806335,-0.04786727949976921,-0.9988536834716797,-0.21400512754917145,-0.0330505296587944,-0.4338577091693878,-0.10057330876588821,0.010367533192038536,-0.4691668748855591,-0.1852739453315735,0.0032467301934957504,-0.3330916464328766,-0.19682931900024414,-0.014826478436589241,-0.24736540019512177,-0.18077194690704346,0.033476751297712326,-0.3681809604167938,-0.10993485897779465,0.06534191966056824,-0.3903954029083252,-0.17472834885120392,0.04960668832063675,-0.28696104884147644,-0.1749602109193802,0.020986059680581093,-0.2113562673330307,-0.15922580659389496
2,0.0,0.0,0.0,-0.08026812225580215,-0.03284832462668419,-0.09878236800432205,-0.11765236407518387,-0.14290887117385864,-0.15559279918670654,-0.04628092795610428,-0.27742618322372437,-0.20469361543655396,0.02456832118332386,-0.39683613181114197,-0.24787971377372742,-0.2053561508655548,-0.4311350882053375,-0.10797534137964249,-0.24762868881225586,-0.6559684872627258,-0.17169500887393951,-0.2695651352405548,-0.7972429990768433,-0.20734761655330658,-0.28651538491249084,-0.9180120825767517,-0.22822506725788116,-0.11461657285690308,-0.465602844953537,-0.10059020668268204,-0.09417423605918884,-0.7059155106544495,-0.16753169894218445,-0.0677126795053482,-0.8684224486351013,-0.20227551460266113,-0.04723944142460823,-0.9988836050033569,-0.2172754853963852,-0.032979730516672134,-0.43153271079063416,-0.10268326103687286,0.011081847362220287,-0.4719744920730591,-0.18872180581092834,0.00228060781955719,-0.3366730213165283,-0.2018258422613144,-0.01619834452867508,-0.2514229416847229,-0.18676382303237915,0.034706830978393555,-0.36446309089660645,-0.11265651136636734,0.06679313629865646,-0.3930938243865967,-0.17809738218784332,0.05011047050356865,-0.29276007413864136,-0.17884962260723114,0.021070633083581924,-0.21773234009742737,-0.16375772655010223
2,0.0,0.0,0.0,-0.07555866241455078,-0.039098598062992096,-0.0952020063996315,-0.10770658403635025,-0.15070340037345886,-0.15123212337493896,-0.035027291625738144,-0.2833995223045349,-0.2002437859773636,0.033750370144844055,-0.3971531391143799,-0.24373295903205872,-0.1967354267835617,-0.434831827878952,-0.10873191058635712,-0.23938113451004028,-0.6581343412399292,-0.1721988320350647,-0.26233747601509094,-0.797862708568573,-0.2070777416229248,-0.2814714312553406,-0.9182941317558289,-0.22716759145259857,-0.10762708634138107,-0.4667380452156067,-0.10321831703186035,-0.0895010456442833,-0.7056620717048645,-0.17049022018909454,-0.06105197221040726,-0.8688158392906189,-0.20483839511871338,-0.03865485265851021,-0.9992526173591614,-0.21915991604328156,-0.026040827855467796,-0.43292713165283203,-0.1062421053647995,0.023858489468693733,-0.4629269242286682,-0.19082346558570862,0.016341743990778923,-0.3250099718570709,-0.20157980918884277,-0.0016203681007027626,-0.23532173037528992,-0.18507415056228638,0.041611384600400925,-0.3679817318916321,-0.11722154915332794,0.07984013855457306,-0.3824428617954254,-0.18112894892692566,0.06453503668308258,-0.27569615840911865,-0.1797609031200409,0.03694472089409828,-0.19577938318252563,-0.16306310892105103
2,0.0,0.0,0.0,-0.07862427085638046,-0.030566083267331123,-0.09979969263076782,-0.11376307904720306,-0.1391882449388504,-0.15719592571258545,-0.03733339533209801,-0.2727345824241638,-0.20662818849086761,0.030492281541228294,-0.39168205857276917,-0.24985367059707642,-0.2018260806798935,-0.42890751361846924,-0.11018717288970947,-0.24561896920204163,-0.653866171836853,-0.1732327789068222,-0.2676485478878021,-0.7945983409881592,-0.20860017836093903,-0.2855086922645569,-0.9144105315208435,-0.22981297969818115,-0.11010245978832245,-0.46524250507354736,-0.10280565172433853,-0.09149371832609177,-0.7049286365509033,-0.17018111050128937,-0.06488895416259766,-0.8677349090576172,-0.20522205531597137,-0.045400891453027725,-0.9989688396453857,-0.22061477601528168,-0.02866203896701336,-0.43162885308265686,-0.10471921414136887,0.013440385460853577,-0.47121351957321167,-0.1902410089969635,0.0062039196491241455,-0.3359120786190033,-0.20162540674209595,-0.011835665442049503,-0.2517739236354828,-0.18577930331230164,0.03939053416252136,-0.3650496006011963,-0.11477790027856827,0.07172883301973343,-0.3940737843513489,-0.1810275763273239,0.05477392300963402,-0.29053616523742676,-0.18133360147476196,0.02439124509692192,-0.2139132022857666,-0.1658116579055786
2,0.0,0.0,0.0,-0.07884591072797775,-0.034115977585315704,-0.10241629183292389,-0.11276497691869736,-0.14397120475769043,-0.16015349328517914,-0.03806934878230095,-0.2757289707660675,-0.20920027792453766,0.03283988684415817,-0.39287519454956055,-0.25199636816978455,-0.20503106713294983,-0.4322912096977234,-0.1104879304766655,-0.2486395239830017,-0.6586030721664429,-0.17310573160648346,-0.27089881896972656,-0.8001187443733215,-0.2090071439743042,-0.28766584396362305,-0.9196851253509521,-0.23070667684078217,-0.1125609278678894,-0.4660409688949585,-0.10145337134599686,-0.09149930626153946,-0.7057047486305237,-0.16809551417827606,-0.06456338614225388,-0.8682026267051697,-0.20453494787216187,-0.04393129423260689,-0.9990345239639282,-0.22131842374801636,-0.03105681948363781,-0.43000638484954834,-0.10198772698640823,0.00931534357368946,-0.4765245318412781,-0.18683204054832458,-0.00014377140905708075,-0.3441872298717499,-0.20067045092582703,-0.020252680405974388,-0.2629005014896393,-0.1869514137506485,0.03573755919933319,-0.36126211285591125,-0.11065845936536789,0.06575818359851837,-0.39869099855422974,-0.17542389035224915,0.049147576093673706,-0.3023154139518738,-0.17640961706638336,0.019417379051446915,-0.2303081899881363,-0.16190937161445618
2,0.0,0.0,0.0,-0.0770881250500679,-0.030353596433997154,-0.09769438207149506,-0.11303748935461044,-0.13535942137241364,-0.1560754030942917,-0.045918915420770645,-0.2656647264957428,-0.20695318281650543,0.021154111251235008,-0.3825157582759857,-0.25168097019195557,-0.20388655364513397,-0.4333987832069397,-0.11012481898069382,-0.2480544149875641,-0.6582504510879517,-0.17443770170211792,-0.27171117067337036,-0.7989394664764404,-0.21151454746723175,-0.2899092137813568,-0.9204423427581787,-0.23411498963832855,-0.1141309067606926,-0.46687716245651245,-0.10355853289365768,-0.0928277000784874,-0.7024309039115906,-0.17323088645935059,-0.06421571224927902,-0.8657730221748352,-0.2103574573993683,-0.04186355322599411,-0.9991233944892883,-0.22736576199531555,-0.03407672420144081,-0.43356168270111084,-0.10581978410482407,0.009326963685452938,-0.4712640941143036,-0.1918705254793167,0.0006034692050889134,-0.33544090390205383,-0.20320671796798706,-0.01889096572995186,-0.2499040812253952,-0.187740758061409,0.03222610056400299,-0.3696880638599396,-0.11614222824573517,0.06625426560640335,-0.39516714215278625,-0.18187521398067474,0.050250571221113205,-0.29262402653694153,-0.18222840130329132,0.021073002368211746,-0.21766184270381927,-0.16706721484661102
2,0.0,0.0,0.0,-0.07387445122003555,-0.03230972960591316,-0.09725503623485565,-0.10863393545150757,-0.14365287125110626,-0.15214626491069794,-0.0388844795525074,-0.2801205813884735,-0.1993350088596344,0.025891350582242012,-0.3988041579723358,-0.2412358522415161,-0.2025236338376999,-0.43469730019569397,-0.10762353986501694,-0.24585890769958496,-0.659674346446991,-0.16986097395420074,-0.2689484655857086,-0.8000555038452148,-0.2045661360025406,-0.28819283843040466,-0.9207855463027954,-0.22462429106235504,-0.11269080638885498,-0.46759551763534546,-0.10021748393774033,-0.09069369733333588,-0.7061329483985901,-0.16717612743377686,-0.061985041946172714,-0.8695601224899292,-0.20154961943626404,-0.04140739515423775,-0.9991423487663269,-0.21546417474746704,-0.032327815890312195,-0.43365681171417236,-0.10160233080387115,0.013444846495985985,-0.4643661379814148,-0.18799817562103271,0.006628463044762611,-0.3232754170894623,-0.20009124279022217,-0.011513158679008484,-0.23179468512535095,-0.1838144063949585,0.03321751207113266,-0.36848676204681396,-0.11077675968408585,0.06877164542675018,-0.38015520572662354,-0.17841005325317383,0.05449135974049568,-0.26632681488990784,-0.1787566840648651,0.02788735367357731,-0.1819189339876175,-0.16225633025169373
2,0.0,0.0,0.0,-0.07581310719251633,-0.035508010536432266,-0.09486587345600128,-0.10911183804273605,-0.1470348984003067,-0.15006123483181,-0.035279471427202225,-0.2787582278251648,-0.1980547457933426,0.03399293124675751,-0.3952803313732147,-0.24056413769721985,-0.2009819746017456,-0.4380090832710266,-0.1075722947716713,-0.24436944723129272,-0.6623591184616089,-0.16961897909641266,-0.26763778924942017,-0.8018887042999268,-0.20357847213745117,-0.2865082919597626,-0.922488808631897,-0.22347897291183472,-0.11025220155715942,-0.4700775146484375,-0.10172212868928909,-0.08867716044187546,-0.7065361142158508,-0.16802610456943512,-0.0596088171005249,-0.867953896522522,-0.20174524188041687,-0.037942688912153244,-0.9992799758911133,-0.21597906947135925,-0.029207022860646248,-0.4348181486129761,-0.1044488474726677,0.01991705782711506,-0.4637386202812195,-0.1887943297624588,0.009756173007190228,-0.32486605644226074,-0.2002435326576233,-0.01095135509967804,-0.23716890811920166,-0.18474994599819183,0.03723253309726715,-0.36811527609825134,-0.11501942574977875,0.07409403473138809,-0.37522023916244507,-0.18108633160591125,0.05655970796942711,-0.26579204201698303,-0.18205833435058594,0.026645801961421967,-0.18711091578006744,-0.1669352799654007
2,0.0,0.0,0.0,-0.07782389223575592,-0.03356658294796944,-0.09190618246793747,-0.11202794313430786,-0.13963142037391663,-0.14732889831066132,-0.04028221219778061,-0.2678908407688141,-0.19698262214660645,0.025922758504748344,-0.3824709951877594,-0.2412431240081787,-0.20086102187633514,-0.43064627051353455,-0.1033867597579956,-0.24457386136054993,-0.6533498167991638,-0.16538281738758087,-0.26830369234085083,-0.7936878800392151,-0.20031863451004028,-0.287459135055542,-0.9148937463760376,-0.2209378182888031,-0.1110573261976242,-0.4660320580005646,-0.09989175200462341,-0.09202247858047485,-0.7036486864089966,-0.16594849526882172,-0.06497829407453537,-0.868022620677948,-0.20109125971794128,-0.04479728266596794,-0.9989960789680481,-0.21658505499362946,-0.030691293999552727,-0.4337659180164337,-0.10479938238859177,0.012713420204818249,-0.4641127288341522,-0.18770523369312286,0.004442592151463032,-0.32676053047180176,-0.19752809405326843,-0.013057448901236057,-0.23626808822155,-0.18111726641654968,0.03576904535293579,-0.37000682950019836,-0.11757124215364456,0.0694170817732811,-0.38682493567466736,-0.1798793077468872,0.05454172194004059,-0.27901941537857056,-0.17710527777671814,0.02794436737895012,-0.19726993143558502,-0.15985383093357086
2,0.0,0.0,0.0,-0.07460242509841919,-0.030359279364347458,-0.09784828871488571,-0.11057703197002411,-0.13535645604133606,-0.15721124410629272,-0.04083378240466118,-0.26846396923065186,-0.2089386135339737,0.024954479187726974,-0.38988688588142395,-0.25438788533210754,-0.20320087671279907,-0.43018639087677,-0.11329281330108643,-0.2481076568365097,-0.6543028354644775,-0.17839165031909943,-0.2713668644428253,-0.7935805916786194,-0.21505114436149597,-0.28884539008140564,-0.9132824540138245,-0.23692166805267334,-0.11329355090856552,-0.46394580602645874,-0.10672171413898468,-0.09374578297138214,-0.7039737105369568,-0.17627094686031342,-0.0653250440955162,-0.8670799136161804,-0.2121557593345642,-0.04273070767521858,-0.9990866184234619,-0.22810843586921692,-0.03182205185294151,-0.43054577708244324,-0.10877721011638641,0.011985440738499165,-0.4680740237236023,-0.1938733458518982,0.001325105899013579,-0.33214861154556274,-0.20401376485824585,-0.01867305114865303,-0.24695105850696564,-0.18797515332698822,0.03641148656606674,-0.3654499351978302,-0.11893701553344727,0.06936012208461761,-0.38875293731689453,-0.18419362604618073,0.051103625446558,-0.2865102291107178,-0.18389828503131866,0.020597264170646667,-0.21210795640945435,-0.16825883090496063
2,0.0,0.0,0.0,-0.0721539631485939,-0.03138955682516098,-0.09799118340015411,-0.10715654492378235,-0.1339062750339508,-0.15743978321552277,-0.03903815522789955,-0.26170778274536133,-0.20991496741771698,0.028194686397910118,-0.379645437002182,-0.2563801109790802,-0.20126751065254211,-0.43002426624298096,-0.11175733804702759,-0.24554841220378876,-0.6564434170722961,-0.17720705270767212,-0.2689768970012665,-0.7964105010032654,-0.21418549120426178,-0.2885075509548187,-0.9164890050888062,-0.23633204400539398,-0.11163953691720963,-0.4628007411956787,-0.10638230293989182,-0.09141206741333008,-0.7035796046257019,-0.17730548977851868,-0.06170649826526642,-0.8670859932899475,-0.2147105187177658,-0.039672642946243286,-0.9992126822471619,-0.23121413588523865,-0.029979871585965157,-0.42903465032577515,-0.10966850072145462,0.016050241887569427,-0.45903706550598145,-0.19748355448246002,0.00913034938275814,-0.31777143478393555,-0.20751741528511047,-0.009934673085808754,-0.2292816936969757,-0.19029347598552704,0.037543825805187225,-0.3638671636581421,-0.12106116861104965,0.07203225791454315,-0.3841441571712494,-0.18736645579338074,0.05695672333240509,-0.2762528955936432,-0.18517763912677765,0.028088847175240517,-0.19744211435317993,-0.16767029464244843
2,0.0,0.0,0.0,-0.07277513295412064,-0.03173507750034332,-0.09805647283792496,-0.10413116961717606,-0.1299045830965042,-0.16053003072738647,-0.038757290691137314,-0.2570902705192566,-0.21610680222511292,0.025692034512758255,-0.3733941316604614,-0.26508471369743347,-0.19887295365333557,-0.4237500727176666,-0.11615274101495743,-0.2432960420846939,-0.6540431976318359,-0.1828482449054718,-0.26593881845474243,-0.7945593595504761,-0.21999752521514893,-0.28395748138427734,-0.9128451943397522,-0.24206869304180145,-0.10829903930425644,-0.461548388004303,-0.11103691905736923,-0.08925142884254456,-0.7051621079444885,-0.18232698738574982,-0.06116587296128273,-0.8680190443992615,-0.21986961364746094,-0.04123839735984802,-0.9991493225097656,-0.23702557384967804,-0.02590968832373619,-0.43080374598503113,-0.11415881663560867,0.008612562902271748,-0.46526965498924255,-0.1988145411014557,-0.00028855210985057056,-0.3307190537452698,-0.2074328064918518,-0.01778361015021801,-0.24605342745780945,-0.19078843295574188,0.043724194169044495,-0.3687586784362793,-0.12552963197231293,0.0702996775507927,-0.387787401676178,-0.1873527616262436,0.052338000386953354,-0.28647541999816895,-0.18380951881408691,0.0243294108659029,-0.21116000413894653,-0.16645574569702148
2,0.0,0.0,0.0,-0.06990660727024078,-0.027937838807702065,-0.10211773216724396,-0.1040201410651207,-0.13006024062633514,-0.16222882270812988,-0.03156440332531929,-0.2617192268371582,-0.21424508094787598,0.03595702722668648,-0.3832981586456299,-0.26010453701019287,-0.19987228512763977,-0.42642781138420105,-0.1149633377790451,-0.24496930837631226,-0.654151201248169,-0.1811828762292862,-0.2689201831817627,-0.7954737544059753,-0.21936991810798645,-0.28922605514526367,-0.9168679714202881,-0.24235425889492035,-0.11052345484495163,-0.4618328809738159,-0.10691357403993607,-0.09069524705410004,-0.7032577395439148,-0.1777157336473465,-0.05949370563030243,-0.8683165907859802,-0.2151358723640442,-0.03666127845644951,-0.9993277788162231,-0.23160195350646973,-0.03032604418694973,-0.42825132608413696,-0.10789492726325989,0.017367593944072723,-0.4614652693271637,-0.19561871886253357,0.011967184022068977,-0.3220255374908447,-0.20584550499916077,-0.006756190210580826,-0.2323925793170929,-0.18840892612934113,0.03504188731312752,-0.36231571435928345,-0.11727698147296906,0.07275734096765518,-0.3865569233894348,-0.18404872715473175,0.06101646646857262,-0.28189364075660706,-0.18218733370304108,0.03382720425724983,-0.20249450206756592,-0.16445715725421906
2,0.0,0.0,0.0,-0.07585155963897705,-0.02553168684244156,-0.10302451252937317,-0.11317817866802216,-0.12782269716262817,-0.16502581536769867,-0.04232683405280113,-0.25912851095199585,-0.21871349215507507,0.027721766382455826,-0.38074755668640137,-0.2659126818180084,-0.20247934758663177,-0.42557457089424133,-0.11740130931138992,-0.24914415180683136,-0.6531128883361816,-0.18412946164608002,-0.2723117470741272,-0.7943486571311951,-0.22249583899974823,-0.2901848256587982,-0.9150876402854919,-0.24595719575881958,-0.11270216852426529,-0.4611499309539795,-0.10917853564023972,-0.09255062788724899,-0.7024534940719604,-0.18037448823451996,-0.06396357715129852,-0.8664724230766296,-0.21830926835536957,-0.042583052068948746,-0.9990929365158081,-0.23615440726280212,-0.03245202451944351,-0.42740121483802795,-0.11013004928827286,0.007177380379289389,-0.46948036551475525,-0.19677874445915222,-0.0034531590063124895,-0.33562007546424866,-0.20865443348884583,-0.023866824805736542,-0.25106674432754517,-0.1940089613199234,0.034352898597717285,-0.3616468608379364,-0.11958181858062744,0.06642141938209534,-0.39470452070236206,-0.18613804876804352,0.04857666417956352,-0.2964496314525604,-0.18715247511863708,0.01709713786840439,-0.2222384512424469,-0.17276015877723694
2,0.0,0.0,0.0,-0.07294880598783493,-0.037917740643024445,-0.09992033243179321,-0.10177324712276459,-0.14660079777240753,-0.1573886126279831,-0.030915772542357445,-0.2755979299545288,-0.20718523859977722,0.03958168625831604,-0.3885975778102875,-0.2509514391422272,-0.19556909799575806,-0.4317591190338135,-0.10892539471387863,-0.2407151758670807,-0.6563578248023987,-0.1730666160583496,-0.2651597559452057,-0.7967308759689331,-0.2102741003036499,-0.2848474681377411,-0.9164572358131409,-0.23250846564769745,-0.10751920938491821,-0.4630705714225769,-0.10153744369745255,-0.08669543266296387,-0.7011843919754028,-0.17058366537094116,-0.058759044855833054,-0.8662782311439514,-0.20795714855194092,-0.03706721216440201,-0.9993127584457397,-0.22461329400539398,-0.028010884299874306,-0.4277084767818451,-0.10335635393857956,0.018254661932587624,-0.47040557861328125,-0.18956440687179565,0.008640033192932606,-0.3332798182964325,-0.20177848637104034,-0.01251266896724701,-0.24617931246757507,-0.18605829775333405,0.037699323147535324,-0.3620004653930664,-0.11350031942129135,0.07399187237024307,-0.39502522349357605,-0.17905250191688538,0.057323649525642395,-0.29339972138404846,-0.1787615418434143,0.026447998359799385,-0.2161654233932495,-0.16271287202835083
2,0.0,0.0,0.0,-0.07536443322896957,-0.032214466482400894,-0.09722302109003067,-0.11066754162311554,-0.13931778073310852,-0.15379628539085388,-0.03875088319182396,-0.27160075306892395,-0.20284637808799744,0.030375560745596886,-0.3875221610069275,-0.24553726613521576,-0.20230373740196228,-0.431880384683609,-0.10751807689666748,-0.24761411547660828,-0.6565836668014526,-0.16985774040222168,-0.271251380443573,-0.7962678074836731,-0.204628124833107,-0.29030853509902954,-0.9154751896858215,-0.22506321966648102,-0.11197523772716522,-0.4652683138847351,-0.10112807899713516,-0.09170842915773392,-0.7021977305412292,-0.16871000826358795,-0.0635005533695221,-0.867170512676239,-0.20360444486141205,-0.04252702370285988,-0.9990953207015991,-0.21833042800426483,-0.030894959345459938,-0.43133682012557983,-0.10369879007339478,0.01666412316262722,-0.46037858724594116,-0.18907314538955688,0.0087774358689785,-0.32305365800857544,-0.19999349117279053,-0.01033672783523798,-0.23509693145751953,-0.18344751000404358,0.03580273315310478,-0.36529627442359924,-0.1143980473279953,0.07241395115852356,-0.38146916031837463,-0.18010395765304565,0.05718469247221947,-0.2755146324634552,-0.17965415120124817,0.02803799696266651,-0.19655300676822662,-0.16324160993099213
2,0.0,0.0,0.0,-0.0761416107416153,-0.032068658620119095,-0.09692438691854477,-0.1109708696603775,-0.13927820324897766,-0.1546352654695511,-0.04129410907626152,-0.27384153008461,-0.20509326457977295,0.022625885903835297,-0.3939748704433441,-0.24957917630672455,-0.20322906970977783,-0.43556299805641174,-0.10870415717363358,-0.24967873096466064,-0.6589130759239197,-0.1719755232334137,-0.2742229402065277,-0.798690676689148,-0.2073666900396347,-0.29364219307899475,-0.9191203713417053,-0.22813180088996887,-0.1133066937327385,-0.4692535102367401,-0.10279282182455063,-0.0941951796412468,-0.7085411548614502,-0.17083381116390228,-0.06650250405073166,-0.8704562187194824,-0.20590271055698395,-0.04630313441157341,-0.9989274144172668,-0.22064213454723358,-0.03232412785291672,-0.43587416410446167,-0.10573378205299377,0.0119651909917593,-0.4678244888782501,-0.1918967068195343,0.004794856999069452,-0.32979050278663635,-0.20333850383758545,-0.012698386795818806,-0.24055330455303192,-0.1871197670698166,0.034366756677627563,-0.37030887603759766,-0.11653882265090942,0.06917872279882431,-0.38965046405792236,-0.18193455040454865,0.054320815950632095,-0.2822096049785614,-0.18122582137584686,0.027463002130389214,-0.2024163007736206,-0.16476616263389587
2,0.0,0.0,0.0,-0.08030562102794647,-0.03136768192052841,-0.09255317598581314,-0.11848121136426926,-0.14167222380638123,-0.1477297991514206,-0.04720227047801018,-0.2748684585094452,-0.19601798057556152,0.020112523809075356,-0.3934152126312256,-0.23838408291339874,-0.20482760667800903,-0.43625885248184204,-0.1052771806716919,-0.25028395652770996,-0.6592915654182434,-0.16632136702537537,-0.27393391728401184,-0.7980634570121765,-0.19947895407676697,-0.29253485798835754,-0.9165001511573792,-0.21904712915420532,-0.11382175981998444,-0.47112205624580383,-0.10026183724403381,-0.0928611308336258,-0.7107986211776733,-0.16531284153461456,-0.06497517228126526,-0.871056318283081,-0.19829896092414856,-0.04428531974554062,-0.9990189075469971,-0.2124641239643097,-0.03294932469725609,-0.4378466308116913,-0.10384143888950348,0.01139594055712223,-0.4734116792678833,-0.18621514737606049,0.0013425463112071157,-0.33902639150619507,-0.1972595751285553,-0.018537024036049843,-0.25495898723602295,-0.18236814439296722,0.034271661192178726,-0.37247398495674133,-0.11502613127231598,0.06699923425912857,-0.38878771662712097,-0.17924952507019043,0.048734210431575775,-0.2843649983406067,-0.18011577427387238,0.018174488097429276,-0.20965105295181274,-0.16562168300151825
2,0.0,0.0,0.0,-0.07896493375301361,-0.038063760846853256,-0.097413569688797,-0.11461875587701797,-0.14908598363399506,-0.15337815880775452,-0.04179944843053818,-0.2788257300853729,-0.20195259153842926,0.030032332986593246,-0.39339032769203186,-0.24463871121406555,-0.20020559430122375,-0.4417942762374878,-0.10580278933048248,-0.24648654460906982,-0.6611572504043579,-0.16750606894493103,-0.2714884281158447,-0.8008583188056946,-0.20167194306850433,-0.29129546880722046,-0.9212366342544556,-0.22175772488117218,-0.11144353449344635,-0.47262972593307495,-0.09911159425973892,-0.09197444468736649,-0.7100649476051331,-0.16448959708213806,-0.06453383713960648,-0.8706242442131042,-0.19780349731445312,-0.043208830058574677,-0.9990660548210144,-0.21155646443367004,-0.03209951892495155,-0.436023473739624,-0.10196235775947571,0.017257949337363243,-0.47268545627593994,-0.18738684058189392,0.010069548152387142,-0.3367786407470703,-0.20034798979759216,-0.008784650824964046,-0.2510053515434265,-0.18490459024906158,0.03410075977444649,-0.36753103137016296,-0.11271625757217407,0.07242363691329956,-0.39396244287490845,-0.17805762588977814,0.05747992917895317,-0.29044875502586365,-0.1791882961988449,0.02809237502515316,-0.2133369892835617,-0.1642446517944336
2,0.0,0.0,0.0,-0.0808706283569336,-0.03658122941851616,-0.0960332527756691,-0.11510679125785828,-0.1482754647731781,-0.1528228372335434,-0.04010658711194992,-0.2821165919303894,-0.20249894261360168,0.025290759280323982,-0.4002983570098877,-0.24648503959178925,-0.20134161412715912,-0.43675896525382996,-0.10889288783073425,-0.24639055132865906,-0.6596372723579407,-0.17103220522403717,-0.2707827687263489,-0.7990214824676514,-0.20541681349277496,-0.29077011346817017,-0.9184914827346802,-0.22566558420658112,-0.10983838140964508,-0.46966952085494995,-0.10332680493593216,-0.09123467653989792,-0.7091377973556519,-0.17024439573287964,-0.06364578008651733,-0.8708544969558716,-0.2046164721250534,-0.04215812683105469,-0.9991109371185303,-0.21921147406101227,-0.027979444712400436,-0.4343831539154053,-0.10644488781690598,0.015376261435449123,-0.46793997287750244,-0.19042424857616425,0.0062451912090182304,-0.33150574564933777,-0.20101892948150635,-0.012478032149374485,-0.24621833860874176,-0.18495987355709076,0.039810314774513245,-0.3674970269203186,-0.11750072240829468,0.07138578593730927,-0.38946813344955444,-0.1809913069009781,0.055216629058122635,-0.284060001373291,-0.17929592728614807,0.027345456182956696,-0.20714163780212402,-0.16271370649337769
2,0.0,0.0,0.0,-0.07472613453865051,-0.0373859666287899,-0.10229814797639847,-0.10619207471609116,-0.14744797348976135,-0.16078753769397736,-0.031490009278059006,-0.28173601627349854,-0.210854634642601,0.03938008099794388,-0.3973273038864136,-0.25407886505126953,-0.1992177516222,-0.4363129138946533,-0.11125103384256363,-0.24511012434959412,-0.660876989364624,-0.17367781698703766,-0.269239604473114,-0.8016396164894104,-0.20816054940223694,-0.2887195348739624,-0.9203600883483887,-0.2281831055879593,-0.11093664914369583,-0.46770167350769043,-0.10176117718219757,-0.08941032737493515,-0.7083457708358765,-0.16855184733867645,-0.061033766716718674,-0.8708413243293762,-0.20158395171165466,-0.03935917466878891,-0.9992251396179199,-0.2145874798297882,-0.03182520344853401,-0.43192484974861145,-0.1019597128033638,0.019155750051140785,-0.46854063868522644,-0.18641763925552368,0.009800009429454803,-0.3306371867656708,-0.1962471902370453,-0.011922725476324558,-0.2466678023338318,-0.17842668294906616,0.03297121822834015,-0.3642204701900482,-0.11070393025875092,0.07147294282913208,-0.3957514464855194,-0.1740127056837082,0.055719342082738876,-0.29427370429039,-0.17247898876667023,0.02472366951406002,-0.2202853560447693,-0.15543359518051147
2,0.0,0.0,0.0,-0.07780961692333221,-0.032736729830503464,-0.09722878783941269,-0.11024710536003113,-0.14581908285617828,-0.1512451469898224,-0.037204816937446594,-0.278775155544281,-0.1973051279783249,0.02926487661898136,-0.39406707882881165,-0.2377665936946869,-0.20085321366786957,-0.4352896213531494,-0.10564643144607544,-0.24437156319618225,-0.6566636562347412,-0.16661176085472107,-0.2686723470687866,-0.7958387136459351,-0.20093627274036407,-0.28806427121162415,-0.916199266910553,-0.22104378044605255,-0.11119688302278519,-0.4698396325111389,-0.09796316176652908,-0.09089004248380661,-0.7041434645652771,-0.16353999078273773,-0.061823975294828415,-0.867621898651123,-0.1979771852493286,-0.03982773423194885,-0.9992066025733948,-0.2126060575246811,-0.03194805234670639,-0.4366341531276703,-0.09933213144540787,0.01701248064637184,-0.4679345488548279,-0.18431757390499115,0.01187718566507101,-0.3289842903614044,-0.19731542468070984,-0.005545210093259811,-0.23767393827438354,-0.18221139907836914,0.03255090117454529,-0.37211593985557556,-0.10864650458097458,0.0698874369263649,-0.38417690992355347,-0.1750093251466751,0.05761085823178291,-0.2739335000514984,-0.17632950842380524,0.03174076974391937,-0.19093173742294312,-0.16111744940280914
2,0.0,0.0,0.0,-0.07724253088235855,-0.03322707489132881,-0.0968896746635437,-0.11398649215698242,-0.1451415866613388,-0.1535339504480362,-0.041362423449754715,-0.2818072438240051,-0.20256590843200684,0.025461068376898766,-0.40265563130378723,-0.245829239487648,-0.2021053284406662,-0.43701428174972534,-0.1104067787528038,-0.24632523953914642,-0.6625906229019165,-0.17293862998485565,-0.2690713703632355,-0.8032811880111694,-0.20736144483089447,-0.2875608503818512,-0.9239115715026855,-0.2274329513311386,-0.11200927942991257,-0.4700947701931,-0.10375433415174484,-0.0909058004617691,-0.70891934633255,-0.17124778032302856,-0.062276098877191544,-0.8710693120956421,-0.20502819120883942,-0.040911875665187836,-0.9991627335548401,-0.21874810755252838,-0.031901996582746506,-0.435788631439209,-0.1057686060667038,0.013709415681660175,-0.47029218077659607,-0.19064930081367493,0.004629148170351982,-0.33144456148147583,-0.20025326311588287,-0.014614347368478775,-0.24255035817623138,-0.18296851217746735,0.03465527296066284,-0.3704211413860321,-0.11580822616815567,0.06917592883110046,-0.39208075404167175,-0.18167629837989807,0.05389247089624405,-0.28230971097946167,-0.1805216372013092,0.025937087833881378,-0.20041871070861816,-0.1634025275707245
2,0.0,0.0,0.0,-0.0799066424369812,-0.03256003186106682,-0.09536796063184738,-0.11950089782476425,-0.14337727427482605,-0.15117505192756653,-0.04903845861554146,-0.27946701645851135,-0.19961628317832947,0.019030844792723656,-0.4018811881542206,-0.2422943115234375,-0.2053619921207428,-0.43375784158706665,-0.1085694208741188,-0.25166261196136475,-0.6567927598953247,-0.17097240686416626,-0.2764950692653656,-0.7967818379402161,-0.2045648992061615,-0.29658421874046326,-0.9167471528053284,-0.22401197254657745,-0.11565893143415451,-0.4677674472332001,-0.10237356275320053,-0.09510181099176407,-0.7091137170791626,-0.16898056864738464,-0.06699376553297043,-0.8704959750175476,-0.20166641473770142,-0.04637027904391289,-0.9989243149757385,-0.21477308869361877,-0.03601693734526634,-0.4339388906955719,-0.10496854037046432,0.008993184193968773,-0.46719300746917725,-0.19006825983524323,-0.0015717068454250693,-0.3301471173763275,-0.20101167261600494,-0.021515799686312675,-0.24362222850322723,-0.18480905890464783,0.02992277592420578,-0.3681812882423401,-0.11531199514865875,0.06447719782590866,-0.38260483741760254,-0.1815611571073532,0.04735427349805832,-0.27427229285240173,-0.18214040994644165,0.017725011333823204,-0.1955897957086563,-0.1666347235441208
2,0.0,0.0,0.0,-0.07634365558624268,-0.032974109053611755,-0.09471533447504044,-0.11179372668266296,-0.14247597754001617,-0.1497751921415329,-0.042134035378694534,-0.27665168046951294,-0.1978016495704651,0.022774409502744675,-0.3936767578125,-0.2401980757713318,-0.20153312385082245,-0.4351486265659332,-0.10672212392091751,-0.24608160555362701,-0.65853351354599,-0.16865679621696472,-0.2710472047328949,-0.7976658344268799,-0.20341317355632782,-0.2921866774559021,-0.9177266359329224,-0.22407422959804535,-0.113323874771595,-0.46884480118751526,-0.10066671669483185,-0.09376412630081177,-0.7066786885261536,-0.1673298329114914,-0.06412042677402496,-0.8694096803665161,-0.20180384814739227,-0.04129944369196892,-0.9991468787193298,-0.2166469693183899,-0.03430016338825226,-0.4360344707965851,-0.10314849019050598,0.011179756373167038,-0.46569862961769104,-0.18619956076145172,0.0036828448064625263,-0.32674872875213623,-0.1958429366350174,-0.014823288656771183,-0.23834320902824402,-0.17937476933002472,0.031017834320664406,-0.3718816936016083,-0.11376747488975525,0.06654378771781921,-0.38808926939964294,-0.17768537998199463,0.05163159966468811,-0.2783479690551758,-0.17678064107894897,0.02345312014222145,-0.1974627673625946,-0.16069118678569794
2,0.0,0.0,0.0,-0.07834723591804504,-0.03280428424477577,-0.09924978017807007,-0.11561648547649384,-0.1457042694091797,-0.15573996305465698,-0.04309922829270363,-0.2836152911186218,-0.20388837158679962,0.02600475773215294,-0.405134916305542,-0.24568606913089752,-0.20286418497562408,-0.4348680078983307,-0.11003601551055908,-0.24821513891220093,-0.6595832705497742,-0.1730768382549286,-0.27206000685691833,-0.8004829287528992,-0.20837731659412384,-0.29152289032936096,-0.9207925200462341,-0.22940680384635925,-0.11481574177742004,-0.468608558177948,-0.1021580621600151,-0.09510055929422379,-0.7098532915115356,-0.16926780343055725,-0.0669008418917656,-0.8715130090713501,-0.20264843106269836,-0.045384250581264496,-0.9989696145057678,-0.21644966304302216,-0.03613363206386566,-0.4346017837524414,-0.10373347997665405,0.011060895398259163,-0.4740504324436188,-0.18842221796512604,0.0004807483055628836,-0.33677682280540466,-0.19874207675457,-0.02200743742287159,-0.2517520487308502,-0.18232126533985138,0.02967621199786663,-0.3687582314014435,-0.1136665940284729,0.06605546921491623,-0.39710861444473267,-0.18021801114082336,0.04980691522359848,-0.2925136983394623,-0.18111440539360046,0.018465757369995117,-0.21662288904190063,-0.16596971452236176
2,0.0,0.0,0.0,-0.07965660095214844,-0.037333108484745026,-0.09575016051530838,-0.1146455705165863,-0.15482859313488007,-0.14904029667377472,-0.039371877908706665,-0.2912140488624573,-0.1944945603609085,0.0269481111317873,-0.407870888710022,-0.23394867777824402,-0.202645406126976,-0.43932226300239563,-0.10616932064294815,-0.2476566731929779,-0.6599986553192139,-0.1662341058254242,-0.27254465222358704,-0.79814612865448,-0.19931653141975403,-0.29376161098480225,-0.9171614050865173,-0.21871790289878845,-0.11405401676893234,-0.4705495536327362,-0.09895960241556168,-0.0930766761302948,-0.7083756327629089,-0.16360652446746826,-0.06461735814809799,-0.8706023097038269,-0.19554638862609863,-0.04263227432966232,-0.999090850353241,-0.20842687785625458,-0.03490360081195831,-0.4361686110496521,-0.10084205120801926,0.01728373020887375,-0.46724122762680054,-0.18383048474788666,0.009335999377071857,-0.32552146911621094,-0.19400997459888458,-0.011364558711647987,-0.2366861253976822,-0.17739208042621613,0.031403861939907074,-0.3716460168361664,-0.11089020222425461,0.0689692273736,-0.3899160921573639,-0.17560452222824097,0.053443677723407745,-0.2802685499191284,-0.17570790648460388,0.022766556590795517,-0.20027756690979004,-0.16012485325336456
2,0.0,0.0,0.0,-0.0818023607134819,-0.03920051082968712,-0.09290263801813126,-0.11893809586763382,-0.15590132772922516,-0.14652878046035767,-0.04455985128879547,-0.29009827971458435,-0.1932721585035324,0.02432268112897873,-0.4047761559486389,-0.2343471795320511,-0.1999392807483673,-0.43830546736717224,-0.10631561279296875,-0.24647583067417145,-0.65826016664505,-0.16683612763881683,-0.2716456353664398,-0.7952964901924133,-0.20068252086639404,-0.2924169600009918,-0.914053201675415,-0.2213202565908432,-0.11123701184988022,-0.4700537621974945,-0.10143764317035675,-0.0935640037059784,-0.7076861262321472,-0.16630171239376068,-0.06585921347141266,-0.8688297867774963,-0.19964249432086945,-0.043308112770318985,-0.9990617632865906,-0.21444594860076904,-0.0323769673705101,-0.4349631667137146,-0.10508961975574493,0.00933875422924757,-0.4707692861557007,-0.18606911599636078,0.0007153970072977245,-0.3362881541252136,-0.19636023044586182,-0.01645958609879017,-0.2522966265678406,-0.18135713040828705,0.03394181281328201,-0.36937710642814636,-0.11682296544313431,0.06518308818340302,-0.39290788769721985,-0.17979995906352997,0.04828943684697151,-0.2898736596107483,-0.17986033856868744,0.019979296252131462,-0.21370980143547058,-0.16524949669837952
2,0.0,0.0,0.0,-0.0838516429066658,-0.038233205676078796,-0.09057207405567169,-0.12013966590166092,-0.15433359146118164,-0.1432926505804062,-0.045037105679512024,-0.2884959280490875,-0.1897573173046112,0.021324049681425095,-0.40406137704849243,-0.23089785873889923,-0.20729610323905945,-0.43762949109077454,-0.10243428498506546,-0.25446584820747375,-0.6582886576652527,-0.16207453608512878,-0.279462069272995,-0.7971406579017639,-0.19439154863357544,-0.30070623755455017,-0.9169652462005615,-0.21320940554141998,-0.1160774677991867,-0.471325546503067,-0.0992196574807167,-0.0985853374004364,-0.708065390586853,-0.16465570032596588,-0.07102856040000916,-0.8704628944396973,-0.19821269810199738,-0.05027665197849274,-0.9987353086471558,-0.211897611618042,-0.03397764638066292,-0.43732839822769165,-0.10422667860984802,0.01240492518991232,-0.45899638533592224,-0.18818292021751404,0.005582909565418959,-0.3183816075325012,-0.19831091165542603,-0.011347519233822823,-0.2281164973974228,-0.1813908815383911,0.03430509194731712,-0.3722807466983795,-0.11676660180091858,0.06807208061218262,-0.3816845715045929,-0.18120096623897552,0.05335595831274986,-0.26675865054130554,-0.17897215485572815,0.027213269844651222,-0.18204723298549652,-0.16138380765914917
2,0.0,0.0,0.0,-0.07912024855613708,-0.036700289696455,-0.09267839044332504,-0.1149233803153038,-0.15276065468788147,-0.14593979716300964,-0.04351351410150528,-0.29359957575798035,-0.1925145536661148,0.021001357585191727,-0.4132440388202667,-0.23379144072532654,-0.20731233060359955,-0.43450528383255005,-0.10435865074396133,-0.25320687890052795,-0.6573184728622437,-0.1653340458869934,-0.27867987751960754,-0.796515166759491,-0.19840462505817413,-0.3011748492717743,-0.9165505766868591,-0.21752892434597015,-0.1182815432548523,-0.4696321487426758,-0.09919993579387665,-0.09920163452625275,-0.7113365530967712,-0.16514244675636292,-0.07032360136508942,-0.8727819919586182,-0.19758518040180206,-0.049064554274082184,-0.9987956285476685,-0.21009328961372375,-0.037346772849559784,-0.43787485361099243,-0.10250742733478546,0.008559305220842361,-0.4703763723373413,-0.18688441812992096,0.0021664882078766823,-0.3297703266143799,-0.19657573103904724,-0.015077185817062855,-0.24011902511119843,-0.17911100387573242,0.030714958906173706,-0.3745855987071991,-0.1134534478187561,0.06447789818048477,-0.3886411190032959,-0.1783844530582428,0.04872770607471466,-0.27358758449554443,-0.1768704503774643,0.021415580064058304,-0.1895284205675125,-0.15963183343410492
2,0.0,0.0,0.0,-0.0804278701543808,-0.038430310785770416,-0.09210453182458878,-0.11559704691171646,-0.15494456887245178,-0.14526045322418213,-0.04154989868402481,-0.28941625356674194,-0.19184349477291107,0.026357222348451614,-0.4042874574661255,-0.23303182423114777,-0.20263642072677612,-0.43707650899887085,-0.10336031764745712,-0.25049033761024475,-0.6590139269828796,-0.1634313315153122,-0.27673590183258057,-0.7972289323806763,-0.19620399177074432,-0.2991805076599121,-0.9154177904129028,-0.21542103588581085,-0.11256847530603409,-0.469459593296051,-0.0984107106924057,-0.09436266124248505,-0.7101941108703613,-0.16328273713588715,-0.06717290729284286,-0.8711098432540894,-0.19633817672729492,-0.04637131094932556,-0.9989243149757385,-0.21016839146614075,-0.032049037516117096,-0.4349212348461151,-0.10192105919122696,0.01001764740794897,-0.4733556807041168,-0.1839863657951355,0.0021372358314692974,-0.33868172764778137,-0.19468575716018677,-0.015658650547266006,-0.2542770802974701,-0.17907364666461945,0.03476557508111,-0.36977651715278625,-0.11313295364379883,0.06587329506874084,-0.3933895230293274,-0.17613154649734497,0.049899037927389145,-0.2875813841819763,-0.17527572810649872,0.022028496488928795,-0.2099149525165558,-0.15943539142608643
2,0.0,0.0,0.0,-0.07988299429416656,-0.03643788397312164,-0.09604313969612122,-0.11716651171445847,-0.15203791856765747,-0.14979472756385803,-0.04410843178629875,-0.2896116077899933,-0.19565653800964355,0.02485494501888752,-0.4066997170448303,-0.23566725850105286,-0.20634251832962036,-0.43356236815452576,-0.10672216862440109,-0.2545832097530365,-0.6566876173019409,-0.16766412556171417,-0.2804948687553406,-0.7953925132751465,-0.20115070044994354,-0.30189958214759827,-0.9146841168403625,-0.22076398134231567,-0.11482444405555725,-0.4664291739463806,-0.09994558244943619,-0.097190260887146,-0.7068163156509399,-0.1642078459262848,-0.07082442939281464,-0.8686550259590149,-0.19665424525737762,-0.050888631492853165,-0.9987043142318726,-0.2102324366569519,-0.033486563712358475,-0.43126845359802246,-0.10230936110019684,0.008930190466344357,-0.47105827927589417,-0.18646949529647827,0.0017476778011769056,-0.3364601731300354,-0.19890856742858887,-0.01547675859183073,-0.2515983283519745,-0.18372474610805511,0.034568026661872864,-0.36484378576278687,-0.11237634718418121,0.06530992686748505,-0.3908064663410187,-0.17758981883525848,0.049526892602443695,-0.2882052958011627,-0.1781269609928131,0.02134569175541401,-0.2114415019750595,-0.1629083901643753
2,0.0,0.0,0.0,-0.07662900537252426,-0.03939460217952728,-0.0927405059337616,-0.10824371874332428,-0.15328048169612885,-0.14454932510852814,-0.03352023661136627,-0.2890649139881134,-0.18970908224582672,0.03091297671198845,-0.40583449602127075,-0.22978197038173676,-0.20114126801490784,-0.43555596470832825,-0.10188108682632446,-0.24926184117794037,-0.657654345035553,-0.16256798803806305,-0.2748372256755829,-0.7965841293334961,-0.19628606736660004,-0.2964880168437958,-0.9167919754981995,-0.21555350720882416,-0.11061932146549225,-0.46948832273483276,-0.0969552993774414,-0.09339891374111176,-0.7073816061019897,-0.16171447932720184,-0.06745308637619019,-0.8702657222747803,-0.19505617022514343,-0.04773235693573952,-0.9988601803779602,-0.20838391780853271,-0.029372792690992355,-0.4352206587791443,-0.1007673442363739,0.013484470546245575,-0.46573391556739807,-0.18533554673194885,0.007471466436982155,-0.32704228162765503,-0.19688107073307037,-0.007749984040856361,-0.23877671360969543,-0.1803351193666458,0.03788308426737785,-0.36856165528297424,-0.11216533184051514,0.06878379732370377,-0.38697192072868347,-0.17700845003128052,0.0542924739420414,-0.27543753385543823,-0.175288125872612,0.029973238706588745,-0.1929064691066742,-0.15776276588439941
2,0.0,0.0,0.0,-0.08133739978075027,-0.03817598894238472,-0.09485750645399094,-0.11960460990667343,-0.1499233990907669,-0.14956887066364288,-0.04506826773285866,-0.2830258905887604,-0.1975289285182953,0.02279103733599186,-0.39980775117874146,-0.23954886198043823,-0.20695962011814117,-0.4359762370586395,-0.10248471796512604,-0.25724971294403076,-0.6576862931251526,-0.1623714417219162,-0.28433963656425476,-0.7961164116859436,-0.19592604041099548,-0.30664634704589844,-0.9142431020736694,-0.21560919284820557,-0.11511500179767609,-0.4694666862487793,-0.096621073782444,-0.09613656252622604,-0.7095381617546082,-0.15970854461193085,-0.07127810269594193,-0.8704774379730225,-0.1920754462480545,-0.05311800166964531,-0.9985882639884949,-0.20556236803531647,-0.03380459174513817,-0.43409818410873413,-0.10003215819597244,0.006847706623375416,-0.4756467342376709,-0.18244250118732452,0.0006104260100983083,-0.3407759368419647,-0.19330742955207825,-0.015592994168400764,-0.2566056549549103,-0.1770509034395218,0.03438165783882141,-0.3665616512298584,-0.11118054389953613,0.06412255764007568,-0.40263909101486206,-0.17297150194644928,0.04862299561500549,-0.3007854223251343,-0.17057284712791443,0.021307606250047684,-0.22450639307498932,-0.15354758501052856
2,0.0,0.0,0.0,-0.08249259740114212,-0.034330643713474274,-0.09176354855298996,-0.12199848890304565,-0.1458090990781784,-0.14677521586418152,-0.05267290771007538,-0.27890706062316895,-0.1953607201576233,0.012600656598806381,-0.39633357524871826,-0.2383490353822708,-0.20781655609607697,-0.43577155470848083,-0.10504170507192612,-0.257405161857605,-0.6582897901535034,-0.16609621047973633,-0.28410324454307556,-0.7965030074119568,-0.2007276862859726,-0.3056114614009857,-0.9160858988761902,-0.22169694304466248,-0.11726853996515274,-0.4695720672607422,-0.10057580471038818,-0.1005365327000618,-0.7069942355155945,-0.1655931919813156,-0.07536482810974121,-0.868053674697876,-0.19977253675460815,-0.0560268834233284,-0.9984292984008789,-0.21517395973205566,-0.03636085242033005,-0.43568411469459534,-0.10447856783866882,-7.203523273346946e-05,-0.4731534421443939,-0.18553143739700317,-0.009083877317607403,-0.34205523133277893,-0.19662080705165863,-0.025257371366024017,-0.25926128029823303,-0.18222910165786743,0.03209768980741501,-0.3706342279911041,-0.1161106675863266,0.05931061506271362,-0.3951471447944641,-0.17828437685966492,0.04075224697589874,-0.2935999035835266,-0.17823120951652527,0.01266125962138176,-0.21889138221740723,-0.1635848879814148
2,0.0,0.0,0.0,-0.08179722726345062,-0.038308531045913696,-0.08922826498746872,-0.11684121191501617,-0.14985491335391998,-0.14305852353572845,-0.04651673510670662,-0.2815963625907898,-0.19115681946277618,0.01672258973121643,-0.3959003686904907,-0.2336474508047104,-0.2047256976366043,-0.4345618486404419,-0.10164447873830795,-0.25300338864326477,-0.6553641557693481,-0.1621178686618805,-0.278432160615921,-0.7939438819885254,-0.19571690261363983,-0.2988312840461731,-0.9118650555610657,-0.215531587600708,-0.11392397433519363,-0.46939119696617126,-0.09842725843191147,-0.09879633039236069,-0.7097784280776978,-0.16268253326416016,-0.07354528456926346,-0.87087482213974,-0.19638626277446747,-0.053587816655635834,-0.9985631108283997,-0.21112540364265442,-0.03179820999503136,-0.4364140033721924,-0.10341769456863403,0.004917028825730085,-0.4731321930885315,-0.18347452580928802,-0.0025766969192773104,-0.3437054753303528,-0.19380655884742737,-0.017997415736317635,-0.26203036308288574,-0.1785992830991745,0.037303462624549866,-0.3718482553958893,-0.11593573540449142,0.06324594467878342,-0.3974990248680115,-0.17549565434455872,0.0466814860701561,-0.2982265055179596,-0.17309772968292236,0.02035651169717312,-0.22439809143543243,-0.15684284269809723
2,0.0,0.0,0.0,-0.08226815611124039,-0.03629104793071747,-0.0950770154595375,-0.1219932809472084,-0.15177258849143982,-0.1490081548690796,-0.04877154529094696,-0.2890084981918335,-0.19575534760951996,0.018011920154094696,-0.40854236483573914,-0.236687570810318,-0.21269486844539642,-0.43652328848838806,-0.10280922055244446,-0.26152220368385315,-0.6587039828300476,-0.16167780756950378,-0.2866382896900177,-0.7968541979789734,-0.19453027844429016,-0.3068610429763794,-0.9144278764724731,-0.21410046517848969,-0.12089669704437256,-0.4699311852455139,-0.0968712717294693,-0.1031332015991211,-0.709406316280365,-0.16107040643692017,-0.07758752256631851,-0.8707109093666077,-0.19457943737506866,-0.05850566551089287,-0.9982870817184448,-0.20843985676765442,-0.03872133418917656,-0.4338321387767792,-0.09988276660442352,-4.598470695782453e-05,-0.47353482246398926,-0.1839562952518463,-0.0069724139757454395,-0.3370284140110016,-0.19573885202407837,-0.024544095620512962,-0.2529939115047455,-0.1798093020915985,0.03030889295041561,-0.36560672521591187,-0.11041846871376038,0.05831523612141609,-0.3985351026058197,-0.175482839345932,0.04314359650015831,-0.2926827073097229,-0.17455890774726868,0.015712270513176918,-0.2148205190896988,-0.1578928381204605
2,0.0,0.0,0.0,-0.08475910127162933,-0.0399334654211998,-0.09387801587581635,-0.12070079147815704,-0.153985857963562,-0.1469719260931015,-0.04466453567147255,-0.28780511021614075,-0.19307081401348114,0.02063140831887722,-0.4023565351963043,-0.23415736854076385,-0.20608705282211304,-0.43780070543289185,-0.10379690676927567,-0.25336766242980957,-0.6573416590690613,-0.16372103989124298,-0.2808958888053894,-0.7943564653396606,-0.19759608805179596,-0.30432021617889404,-0.9128662347793579,-0.2177789956331253,-0.11523787677288055,-0.4706057012081146,-0.09788884967565536,-0.09844459593296051,-0.7075805068016052,-0.16121390461921692,-0.07269302010536194,-0.8694672584533691,-0.19496291875839233,-0.05275152996182442,-0.9986076951026917,-0.20984216034412384,-0.03371484577655792,-0.4351370334625244,-0.10073573142290115,0.009677442722022533,-0.4651964604854584,-0.18272459506988525,0.004471073858439922,-0.32973772287368774,-0.19581156969070435,-0.010786107741296291,-0.24286003410816193,-0.18185563385486603,0.03370118886232376,-0.36745741963386536,-0.11134445667266846,0.06544752418994904,-0.3862219750881195,-0.17447836697101593,0.05199844390153885,-0.2805587947368622,-0.17458344995975494,0.026995405554771423,-0.20128260552883148,-0.15958938002586365
2,0.0,0.0,0.0,-0.07743388414382935,-0.03611726686358452,-0.09397116303443909,-0.11267270147800446,-0.15404605865478516,-0.14470750093460083,-0.03958382084965706,-0.2915632724761963,-0.18779167532920837,0.025115128606557846,-0.40724343061447144,-0.22516028583049774,-0.20707745850086212,-0.4346964359283447,-0.10160085558891296,-0.25798138976097107,-0.6552813649177551,-0.15951445698738098,-0.2846730053424835,-0.7930986881256104,-0.18994860351085663,-0.30677559971809387,-0.9113718271255493,-0.2068592756986618,-0.11651616543531418,-0.4683528542518616,-0.09521102905273438,-0.10090228170156479,-0.7076973915100098,-0.15857785940170288,-0.0750800222158432,-0.8706489205360413,-0.18977424502372742,-0.055699240416288376,-0.998447597026825,-0.2011493593454361,-0.03536730259656906,-0.43481266498565674,-0.09783635288476944,0.01089555211365223,-0.46381208300590515,-0.18364869058132172,0.007443733047693968,-0.3215486407279968,-0.19638362526893616,-0.007787317503243685,-0.2303522378206253,-0.179756298661232,0.03221927210688591,-0.37057629227638245,-0.10786016285419464,0.06600016355514526,-0.38394439220428467,-0.1755369007587433,0.05408501252532005,-0.2695586085319519,-0.17615945637226105,0.029026206582784653,-0.18501092493534088,-0.15959137678146362
2,0.0,0.0,0.0,-0.0833638533949852,-0.03660556674003601,-0.08883140236139297,-0.12272254377603531,-0.15062342584133148,-0.14083492755889893,-0.05275767669081688,-0.28420767188072205,-0.18691247701644897,0.012946083210408688,-0.39882299304008484,-0.22765691578388214,-0.2097110003232956,-0.43285903334617615,-0.09996958076953888,-0.26086312532424927,-0.6533030271530151,-0.15943476557731628,-0.28797754645347595,-0.7903759479522705,-0.19214968383312225,-0.310783326625824,-0.9078934192657471,-0.21133218705654144,-0.1186932623386383,-0.46683937311172485,-0.09722543507814407,-0.1042262464761734,-0.7078924179077148,-0.16134247183799744,-0.0793243795633316,-0.8700845837593079,-0.19453704357147217,-0.06044202297925949,-0.9981716871261597,-0.20853736996650696,-0.03750985860824585,-0.433738648891449,-0.10283030569553375,0.0016423631459474564,-0.470187246799469,-0.18544721603393555,-0.0051170168444514275,-0.337635338306427,-0.19744163751602173,-0.020667506381869316,-0.253824919462204,-0.18272000551223755,0.03110593929886818,-0.3703203499317169,-0.1157347559928894,0.06184787303209305,-0.3901646137237549,-0.17990504205226898,0.04570306837558746,-0.28232768177986145,-0.17976661026477814,0.018959535285830498,-0.20322617888450623,-0.1644187718629837
2,0.0,0.0,0.0,-0.08376570045948029,-0.035255659371614456,-0.08807598054409027,-0.12362886220216751,-0.14965006709098816,-0.13975997269153595,-0.05485406145453453,-0.28559598326683044,-0.18535427749156952,0.009685452096164227,-0.4010066092014313,-0.2257000356912613,-0.2106863260269165,-0.4333205223083496,-0.10063403099775314,-0.26183196902275085,-0.65438312292099,-0.15991930663585663,-0.2893197238445282,-0.7918735146522522,-0.19220006465911865,-0.31228673458099365,-0.909720242023468,-0.21108417212963104,-0.11922857910394669,-0.4685015380382538,-0.09740926325321198,-0.10587914288043976,-0.7092658281326294,-0.16101665794849396,-0.08118512481451035,-0.8697644472122192,-0.19349631667137146,-0.06293750554323196,-0.9980174899101257,-0.2069815993309021,-0.037762973457574844,-0.4365452527999878,-0.10228194296360016,-0.0008422552491538227,-0.4734351336956024,-0.1838219314813614,-0.008071578107774258,-0.3427122235298157,-0.195673868060112,-0.023641642183065414,-0.2596682012081146,-0.18118463456630707,0.030491571873426437,-0.3732995390892029,-0.11435292661190033,0.060140613466501236,-0.39137691259384155,-0.17780646681785583,0.044289104640483856,-0.28523895144462585,-0.1779891401529312,0.018324879929423332,-0.20749333500862122,-0.16295138001441956
2,0.0,0.0,0.0,-0.08655666559934616,-0.03487272188067436,-0.09226763248443604,-0.1266111135482788,-0.14854536950588226,-0.14574143290519714,-0.05273197591304779,-0.2857075035572052,-0.19267834722995758,0.01550420094281435,-0.4032541513442993,-0.2346559762954712,-0.21376840770244598,-0.4302096962928772,-0.10426396876573563,-0.26486003398895264,-0.6512412428855896,-0.16547603905200958,-0.2912168800830841,-0.7903392314910889,-0.19931484758853912,-0.31258705258369446,-0.9103701114654541,-0.21897761523723602,-0.12150884419679642,-0.4667200744152069,-0.10011061280965805,-0.10702194273471832,-0.7069067358970642,-0.1651000678539276,-0.08232108503580093,-0.8696115612983704,-0.19831882417201996,-0.06365494430065155,-0.9979718923568726,-0.2120296061038971,-0.03848039731383324,-0.4336727261543274,-0.10448651760816574,-1.121255900216056e-05,-0.46658769249916077,-0.18828395009040833,-0.007038026582449675,-0.33002451062202454,-0.20003338158130646,-0.022149788215756416,-0.241740420460701,-0.18456187844276428,0.03112952597439289,-0.3675897717475891,-0.11633023619651794,0.05834642052650452,-0.38672754168510437,-0.18082378804683685,0.04256315156817436,-0.27582424879074097,-0.17943044006824493,0.017350951209664345,-0.1925053894519806,-0.16273349523544312
2,0.0,0.0,0.0,-0.08026742190122604,-0.0344836488366127,-0.09508645534515381,-0.11784546077251434,-0.1469045728445053,-0.14820337295532227,-0.04808232560753822,-0.28416791558265686,-0.19398395717144012,0.016913123428821564,-0.40301263332366943,-0.23420099914073944,-0.2100263386964798,-0.4324895441532135,-0.10299299657344818,-0.2599385678768158,-0.6531775593757629,-0.16244149208068848,-0.28807780146598816,-0.7917211055755615,-0.19522391259670258,-0.3120320737361908,-0.9111388325691223,-0.21443209052085876,-0.12026900053024292,-0.46792036294937134,-0.09644149988889694,-0.10431994497776031,-0.7076693177223206,-0.15954115986824036,-0.0799427404999733,-0.8695265054702759,-0.19150841236114502,-0.06180710718035698,-0.9980880618095398,-0.2045479416847229,-0.03983473405241966,-0.43509960174560547,-0.09911900013685226,0.006160921882838011,-0.4727928042411804,-0.18270811438560486,0.0025946851819753647,-0.3359386920928955,-0.19470945000648499,-0.012975919991731644,-0.24945172667503357,-0.17897604405879974,0.02685382589697838,-0.36987897753715515,-0.10949654132127762,0.06090179458260536,-0.39763230085372925,-0.17371393740177155,0.048394396901130676,-0.29127418994903564,-0.17350585758686066,0.022101107984781265,-0.21175909042358398,-0.15775837004184723
2,0.0,0.0,0.0,-0.08457010984420776,-0.03262577950954437,-0.0898585245013237,-0.1256919950246811,-0.14572523534297943,-0.14197008311748505,-0.055457282811403275,-0.2839198112487793,-0.18775330483913422,0.010004229843616486,-0.40205127000808716,-0.2283301055431366,-0.21346227824687958,-0.4330737292766571,-0.10083793848752975,-0.26118963956832886,-0.654930591583252,-0.1593664586544037,-0.2870772182941437,-0.7934395670890808,-0.19089554250240326,-0.3085547685623169,-0.9113176465034485,-0.2094660997390747,-0.12193546444177628,-0.4701799154281616,-0.09700433164834976,-0.10506835579872131,-0.7095319628715515,-0.16007594764232635,-0.08148826658725739,-0.8706139326095581,-0.192595973610878,-0.06471942365169525,-0.9979034662246704,-0.20621627569198608,-0.039837002754211426,-0.4377683103084564,-0.10144031047821045,-0.0024942068848758936,-0.4704556167125702,-0.18297992646694183,-0.009242764674127102,-0.3374777138233185,-0.19560283422470093,-0.024415740743279457,-0.253284752368927,-0.1817639172077179,0.029444843530654907,-0.37307408452033997,-0.11314322799444199,0.05776907876133919,-0.38457924127578735,-0.17755639553070068,0.040711816400289536,-0.2751293480396271,-0.17903803288936615,0.013830655254423618,-0.19572368264198303,-0.16480834782123566
2,0.0,0.0,0.0,-0.08102455735206604,-0.03520109876990318,-0.09636414796113968,-0.11903852224349976,-0.1481652855873108,-0.15067745745182037,-0.050148073583841324,-0.2853803336620331,-0.1974053680896759,0.012859523296356201,-0.4063473045825958,-0.23840558528900146,-0.21087539196014404,-0.43439191579818726,-0.10503682494163513,-0.2614019811153412,-0.6558153629302979,-0.16615886986255646,-0.28907403349876404,-0.7950021624565125,-0.20044654607772827,-0.3122768700122833,-0.9146378636360168,-0.2208852916955948,-0.12132425606250763,-0.46915218234062195,-0.0980825275182724,-0.10632025450468063,-0.7095167636871338,-0.1625426709651947,-0.08195380866527557,-0.8702530264854431,-0.19624751806259155,-0.06300551444292068,-0.9980131387710571,-0.21090108156204224,-0.040378931909799576,-0.43519988656044006,-0.1004459410905838,0.001471094903536141,-0.4739502966403961,-0.1844475269317627,-0.004411480855196714,-0.34075799584388733,-0.1981866955757141,-0.02152055688202381,-0.2582049071788788,-0.18431422114372253,0.0271981880068779,-0.36817488074302673,-0.11048612743616104,0.05738130584359169,-0.39685386419296265,-0.17546480894088745,0.04265911504626274,-0.2942790687084198,-0.1770169585943222,0.01500705536454916,-0.21892061829566956,-0.16290806233882904
2,0.0,0.0,0.0,-0.08222177624702454,-0.03820442780852318,-0.09372429549694061,-0.12017016112804413,-0.14903463423252106,-0.14841914176940918,-0.04672117531299591,-0.28410106897354126,-0.19674135744571686,0.020753422752022743,-0.40161803364753723,-0.23952549695968628,-0.21151520311832428,-0.4345744848251343,-0.10165704041719437,-0.26075175404548645,-0.6562178730964661,-0.16173259913921356,-0.286382794380188,-0.794262170791626,-0.19529980421066284,-0.3072611093521118,-0.9108971953392029,-0.21524912118911743,-0.12017211318016052,-0.46907496452331543,-0.09698411077260971,-0.10293834656476974,-0.7105205655097961,-0.16005711257457733,-0.07857570052146912,-0.8708678483963013,-0.1937246173620224,-0.060700226575136185,-0.9981560111045837,-0.20857857167720795,-0.03694507107138634,-0.43325936794281006,-0.10132109373807907,0.001628886559046805,-0.47041723132133484,-0.18318529427051544,-0.005239084362983704,-0.33810481429100037,-0.19641053676605225,-0.02107803151011467,-0.2565012276172638,-0.1827382594347,0.0329752191901207,-0.3629930317401886,-0.11325220763683319,0.06092803552746773,-0.39109787344932556,-0.17585156857967377,0.04552774131298065,-0.29000622034072876,-0.1756623238325119,0.01954093761742115,-0.21610869467258453,-0.16068173944950104
2,0.0,0.0,0.0,-0.08339004218578339,-0.035782765597105026,-0.0962182953953743,-0.11962654441595078,-0.1482815146446228,-0.1510542631149292,-0.048476576805114746,-0.28467509150505066,-0.19866760075092316,0.016230572015047073,-0.40501007437705994,-0.24002531170845032,-0.20999252796173096,-0.4331749379634857,-0.10146655142307281,-0.25864094495773315,-0.6550594568252563,-0.1602703034877777,-0.28571900725364685,-0.7930257320404053,-0.1931217759847641,-0.30804553627967834,-0.9097579121589661,-0.2128884643316269,-0.1197095438838005,-0.46985936164855957,-0.09403104335069656,-0.10323996096849442,-0.7090193033218384,-0.15654219686985016,-0.07961440086364746,-0.8696568012237549,-0.18986979126930237,-0.06170393526554108,-0.9980944991111755,-0.20477111637592316,-0.03889424353837967,-0.4362201988697052,-0.09600882232189178,-0.0010608480079099536,-0.478116899728775,-0.17636273801326752,-0.007731851190328598,-0.34611156582832336,-0.18783318996429443,-0.02490265481173992,-0.2662174701690674,-0.17327764630317688,0.02844996564090252,-0.37034615874290466,-0.10592976212501526,0.05572304502129555,-0.4035920798778534,-0.16681548953056335,0.039388928562402725,-0.30422741174697876,-0.1665308177471161,0.01079558301717043,-0.23196539282798767,-0.15183039009571075
2,0.0,0.0,0.0,-0.08093616366386414,-0.03908899798989296,-0.09581579267978668,-0.116527259349823,-0.15631860494613647,-0.14771869778633118,-0.04154742881655693,-0.2928276062011719,-0.19197113811969757,0.02519748918712139,-0.41045841574668884,-0.23059627413749695,-0.2062011957168579,-0.43767866492271423,-0.1031191498041153,-0.2530824840068817,-0.6564956903457642,-0.1639343500137329,-0.2792041301727295,-0.7944312691688538,-0.19772598147392273,-0.3015671670436859,-0.9126993417739868,-0.21752779185771942,-0.1165185421705246,-0.47056397795677185,-0.09653087705373764,-0.09969788044691086,-0.7066552042961121,-0.1619427651166916,-0.07259007543325424,-0.8690218925476074,-0.19576801359653473,-0.051142048090696335,-0.9986913800239563,-0.2095845490694046,-0.035721514374017715,-0.43454763293266296,-0.09925080835819244,0.013430889695882797,-0.4645931124687195,-0.18497134745121002,0.009556962177157402,-0.32273995876312256,-0.19733458757400513,-0.007808080408722162,-0.2350551038980484,-0.18106624484062195,0.03126610442996025,-0.3660387396812439,-0.10973669588565826,0.06696753948926926,-0.38377857208251953,-0.1763971894979477,0.05411066114902496,-0.27556803822517395,-0.17702575027942657,0.0263648871332407,-0.19691185653209686,-0.16116464138031006
2,0.0,0.0,0.0,-0.08062088489532471,-0.04285704344511032,-0.0925317257642746,-0.11516697704792023,-0.16059325635433197,-0.14421811699867249,-0.04375896975398064,-0.2992227077484131,-0.18943513929843903,0.021373337134718895,-0.4139472246170044,-0.2291158139705658,-0.2072366625070572,-0.43579429388046265,-0.09857890754938126,-0.25433647632598877,-0.6589954495429993,-0.157888263463974,-0.27867886424064636,-0.7984220385551453,-0.19110971689224243,-0.2996121048927307,-0.9169188737869263,-0.2101900577545166,-0.11792469024658203,-0.46894949674606323,-0.09325425326824188,-0.1030731275677681,-0.7085393071174622,-0.1566268652677536,-0.07633599638938904,-0.8715948462486267,-0.18952800333499908,-0.055598288774490356,-0.9984532594680786,-0.20257411897182465,-0.036439958959817886,-0.43451738357543945,-0.09682785719633102,0.007210581097751856,-0.4714149534702301,-0.17921341955661774,0.0023854782339185476,-0.3340626358985901,-0.18961045145988464,-0.014307052828371525,-0.24652531743049622,-0.1723516285419464,0.031132526695728302,-0.3684951663017273,-0.10803764313459396,0.06377533078193665,-0.3967439830303192,-0.16988001763820648,0.050304148346185684,-0.2902553379535675,-0.1667783558368683,0.024278674274683,-0.21019059419631958,-0.14862780272960663
2,0.0,0.0,0.0,-0.07883507758378983,-0.035524383187294006,-0.09189202636480331,-0.11644947528839111,-0.1501968950033188,-0.14448852837085724,-0.04674958810210228,-0.290742427110672,-0.19065895676612854,0.018501950427889824,-0.40868067741394043,-0.23161722719669342,-0.20477284491062164,-0.43248823285102844,-0.10191997140645981,-0.2520759105682373,-0.6543294787406921,-0.16231819987297058,-0.27791520953178406,-0.7924143671989441,-0.1950133740901947,-0.3001696765422821,-0.910878598690033,-0.213758647441864,-0.11575736105442047,-0.4681168794631958,-0.09695933759212494,-0.09833017736673355,-0.7098331451416016,-0.16148829460144043,-0.07130271941423416,-0.8718725442886353,-0.19422918558120728,-0.05128645524382591,-0.9986839890480042,-0.20715990662574768,-0.035684019327163696,-0.43554243445396423,-0.1005176305770874,0.007927710190415382,-0.46662479639053345,-0.18429973721504211,0.003523687832057476,-0.32943588495254517,-0.19549764692783356,-0.011568361893296242,-0.24012391269207,-0.17896245419979095,0.03097343258559704,-0.3709084391593933,-0.11154350638389587,0.06485342234373093,-0.3861892521381378,-0.17607197165489197,0.05343889072537422,-0.2762477695941925,-0.1750122457742691,0.029869113117456436,-0.19306804239749908,-0.15800237655639648
2,0.0,0.0,0.0,-0.08182171732187271,-0.039750877767801285,-0.09544766694307327,-0.11783212423324585,-0.15780092775821686,-0.14944525063037872,-0.04701972380280495,-0.29757004976272583,-0.19623175263404846,0.02206457406282425,-0.41149139404296875,-0.23702849447727203,-0.20531617105007172,-0.43930432200431824,-0.10351359844207764,-0.2513170838356018,-0.6633740067481995,-0.16330227255821228,-0.276162713766098,-0.8032129406929016,-0.1965409517288208,-0.2973306179046631,-0.9212561845779419,-0.21572937071323395,-0.11595924943685532,-0.47078853845596313,-0.09682034701108932,-0.10023701190948486,-0.7114217877388,-0.16001276671886444,-0.07518525421619415,-0.8723998665809631,-0.19172434508800507,-0.05537068098783493,-0.998465895652771,-0.20426632463932037,-0.03489901125431061,-0.4359687864780426,-0.09926200658082962,0.006537492386996746,-0.4779120683670044,-0.18071769177913666,-0.0008573874365538359,-0.3444348871707916,-0.1908496916294098,-0.01743895746767521,-0.2596921920776367,-0.173902690410614,0.032897885888814926,-0.3705398738384247,-0.10968039184808731,0.06310562789440155,-0.40631431341171265,-0.17106576263904572,0.04734327644109726,-0.3053910732269287,-0.1689537912607193,0.020387137308716774,-0.22848479449748993,-0.15184587240219116
2,0.0,0.0,0.0,-0.08250214159488678,-0.04396824911236763,-0.08990083634853363,-0.11786706000566483,-0.16130124032497406,-0.14176534116268158,-0.046349357813596725,-0.2948913872241974,-0.18769872188568115,0.01853577233850956,-0.40763401985168457,-0.2283463180065155,-0.20202796161174774,-0.439569890499115,-0.09992340952157974,-0.25118008255958557,-0.6590704321861267,-0.16027779877185822,-0.27596262097358704,-0.7969235777854919,-0.1933807134628296,-0.29604876041412354,-0.914918839931488,-0.21205748617649078,-0.1131422221660614,-0.4710172712802887,-0.09613589942455292,-0.09735376387834549,-0.7093718647956848,-0.16128085553646088,-0.0708794891834259,-0.8717710971832275,-0.19475220143795013,-0.049437642097473145,-0.9987771511077881,-0.20785506069660187,-0.03243415057659149,-0.4367195963859558,-0.10077527165412903,0.011018786579370499,-0.4655010402202606,-0.18341481685638428,0.004854770842939615,-0.3297920227050781,-0.1943618804216385,-0.010464440099895,-0.24280820786952972,-0.17775504291057587,0.03490077704191208,-0.37170371413230896,-0.11293584853410721,0.06792417168617249,-0.38799160718917847,-0.17466771602630615,0.05295144394040108,-0.2800225019454956,-0.1721593737602234,0.0273355171084404,-0.2003931999206543,-0.15460993349552155
2,0.0,0.0,0.0,-0.08341346681118011,-0.040360189974308014,-0.09007377922534943,-0.11956272274255753,-0.16097982227802277,-0.14061513543128967,-0.04598180949687958,-0.2977765202522278,-0.18472075462341309,0.018952026963233948,-0.41531628370285034,-0.2242540717124939,-0.20617647469043732,-0.43862152099609375,-0.09875024110078812,-0.25122523307800293,-0.6584494709968567,-0.1565953940153122,-0.27567240595817566,-0.7950294017791748,-0.188180610537529,-0.2966965436935425,-0.9124818444252014,-0.20636285841464996,-0.11497882008552551,-0.47201570868492126,-0.09484105557203293,-0.09819488227367401,-0.7107539176940918,-0.15698297321796417,-0.07273320853710175,-0.8717378377914429,-0.18950045108795166,-0.05435589328408241,-0.998521625995636,-0.20291033387184143,-0.033629462122917175,-0.43798011541366577,-0.09928444027900696,0.006252672057598829,-0.4712068736553192,-0.18211275339126587,-0.0010313643142580986,-0.33403459191322327,-0.19510962069034576,-0.01652461290359497,-0.24495461583137512,-0.1807483583688736,0.03383783623576164,-0.37294209003448486,-0.11090216040611267,0.06395190209150314,-0.3840796947479248,-0.1770145446062088,0.04798101633787155,-0.26629236340522766,-0.17740947008132935,0.022921308875083923,-0.17894218862056732,-0.16166508197784424
2,0.0,0.0,0.0,-0.0837656781077385,-0.035658713430166245,-0.0934658870100975,-0.12396178394556046,-0.1540820449590683,-0.14703799784183502,-0.05187993869185448,-0.2950650453567505,-0.19368481636047363,0.015381940640509129,-0.41416630148887634,-0.23513326048851013,-0.20864202082157135,-0.43725866079330444,-0.10495837777853012,-0.25549137592315674,-0.6596441864967346,-0.165890634059906,-0.2802007794380188,-0.7986478209495544,-0.19880197942256927,-0.30130743980407715,-0.9181368350982666,-0.21771281957626343,-0.11820732802152634,-0.47149723768234253,-0.09950501471757889,-0.10152833163738251,-0.7127432823181152,-0.16392964124679565,-0.07501678168773651,-0.8726676106452942,-0.1959412842988968,-0.05528481677174568,-0.9984706044197083,-0.2085750550031662,-0.037041835486888885,-0.4381537139415741,-0.10273188352584839,0.004742750898003578,-0.4721194803714752,-0.18629848957061768,-0.00214449898339808,-0.3359123766422272,-0.1974078267812729,-0.017883049324154854,-0.2485317587852478,-0.18121586740016937,0.030389558523893356,-0.37272214889526367,-0.11352682113647461,0.06044257432222366,-0.39013925194740295,-0.17813906073570251,0.04533020034432411,-0.2807732820510864,-0.17734242975711823,0.020022427663207054,-0.19974187016487122,-0.16083529591560364
2,0.0,0.0,0.0,-0.08795491605997086,-0.040168702602386475,-0.09124954789876938,-0.12663866579532623,-0.15975970029830933,-0.14393439888954163,-0.05306043475866318,-0.29826581478118896,-0.19020314514636993,0.014301375485956669,-0.4118904769420624,-0.23116351664066315,-0.2121078372001648,-0.43917953968048096,-0.1030426174402237,-0.25798946619033813,-0.6599305868148804,-0.16360771656036377,-0.28206345438957214,-0.7980760931968689,-0.19785800576210022,-0.30256107449531555,-0.916873574256897,-0.218250572681427,-0.12259197980165482,-0.47177791595458984,-0.09871433675289154,-0.10590185970067978,-0.7095843553543091,-0.16259115934371948,-0.07832656800746918,-0.8702768087387085,-0.19530153274536133,-0.056037936359643936,-0.9984286427497864,-0.20923149585723877,-0.04107553884387016,-0.4372120201587677,-0.1028694361448288,0.004960429854691029,-0.4710887670516968,-0.18319587409496307,-0.002169877290725708,-0.3361886441707611,-0.19269753992557526,-0.019214412197470665,-0.25038591027259827,-0.17663690447807312,0.027371900156140327,-0.37054452300071716,-0.1149892657995224,0.0615127831697464,-0.3926141560077667,-0.1766650527715683,0.04604025185108185,-0.28796014189720154,-0.17493605613708496,0.018454456701874733,-0.21012671291828156,-0.15867970883846283
2,0.0,0.0,0.0,-0.0854175016283989,-0.040276046842336655,-0.08808232843875885,-0.12261496484279633,-0.15573745965957642,-0.1392720639705658,-0.05072325840592384,-0.2883372902870178,-0.18448825180530548,0.013601373881101608,-0.402749240398407,-0.22512125968933105,-0.2034946084022522,-0.4403669536113739,-0.10050950199365616,-0.2512044608592987,-0.6584453582763672,-0.1585007756948471,-0.27815675735473633,-0.7949473857879639,-0.18971829116344452,-0.3010537922382355,-0.9140631556510925,-0.20766836404800415,-0.11415870487689972,-0.47392189502716064,-0.09700604528188705,-0.09805577993392944,-0.7113932371139526,-0.15818509459495544,-0.07241589576005936,-0.871650218963623,-0.18913456797599792,-0.052442412823438644,-0.9986239075660706,-0.20202749967575073,-0.03453351929783821,-0.4402708411216736,-0.10165506601333618,0.011549816466867924,-0.4681190550327301,-0.1818930208683014,0.006353667937219143,-0.33227935433387756,-0.19367292523384094,-0.00760354520753026,-0.24355140328407288,-0.17910774052143097,0.031088417395949364,-0.3759518265724182,-0.11361432075500488,0.06517457216978073,-0.39052850008010864,-0.17529869079589844,0.05104886740446091,-0.28008323907852173,-0.17457881569862366,0.026141468435525894,-0.1964428573846817,-0.15924865007400513
2,0.0,0.0,0.0,-0.08662152290344238,-0.04228184372186661,-0.09608829021453857,-0.12451834231615067,-0.1624228060245514,-0.14892801642417908,-0.0488518625497818,-0.30202507972717285,-0.19430196285247803,0.020970003679394722,-0.4163556694984436,-0.23366990685462952,-0.2114260494709015,-0.4386318624019623,-0.10227768868207932,-0.26066747307777405,-0.6614647507667542,-0.16165919601917267,-0.2856714725494385,-0.8007639646530151,-0.19503824412822723,-0.3067195415496826,-0.918224573135376,-0.214488223195076,-0.1195041835308075,-0.4710520803928375,-0.09542720764875412,-0.10455812513828278,-0.7131627798080444,-0.15789549052715302,-0.07994228601455688,-0.8733749985694885,-0.18939419090747833,-0.06070135906338692,-0.9981560111045837,-0.201840341091156,-0.036960214376449585,-0.4349261522293091,-0.09811104089021683,0.002110008616000414,-0.4788352847099304,-0.1798809915781021,-0.004271077457815409,-0.34740403294563293,-0.1913614571094513,-0.020492099225521088,-0.2654729187488556,-0.17526540160179138,0.032700542360544205,-0.3662988245487213,-0.10865921527147293,0.06051770970225334,-0.4076394736766815,-0.17028400301933289,0.04432910308241844,-0.30762189626693726,-0.16831307113170624,0.01663910038769245,-0.2319571077823639,-0.15141303837299347
2,0.0,0.0,0.0,-0.08994267880916595,-0.03785846009850502,-0.08914843946695328,-0.13089823722839355,-0.15362966060638428,-0.14298172295093536,-0.0615324042737484,-0.2881292402744293,-0.19109325110912323,0.004388865549117327,-0.4013992249965668,-0.2337777316570282,-0.21223698556423187,-0.43669405579566956,-0.1023407056927681,-0.26181140542030334,-0.6572938561439514,-0.16270749270915985,-0.2882115840911865,-0.7944091558456421,-0.1967446506023407,-0.31008046865463257,-0.9132103323936462,-0.21707086265087128,-0.1225857362151146,-0.46893206238746643,-0.09920881688594818,-0.10857003927230835,-0.7085267901420593,-0.16317275166511536,-0.08397544920444489,-0.869191586971283,-0.19595648348331451,-0.06396664679050446,-0.9979520440101624,-0.2100474089384079,-0.04173130914568901,-0.43540212512016296,-0.1043267697095871,-0.0035602450370788574,-0.47308817505836487,-0.184112548828125,-0.009756493382155895,-0.34086522459983826,-0.1927613765001297,-0.022918246686458588,-0.2569800019264221,-0.1762314736843109,0.026645654812455177,-0.3714974820613861,-0.11718171089887619,0.05316898226737976,-0.40080153942108154,-0.17698602378368378,0.03872430697083473,-0.2994175851345062,-0.1737598478794098,0.014869640581309795,-0.22407956421375275,-0.15676993131637573
2,0.0,0.0,0.0,-0.08663962036371231,-0.03719812259078026,-0.08805550634860992,-0.12887601554393768,-0.15420866012573242,-0.13928723335266113,-0.058030661195516586,-0.2924303412437439,-0.1845993846654892,0.009781877510249615,-0.40805530548095703,-0.22531074285507202,-0.20923912525177002,-0.4369407594203949,-0.09988315403461456,-0.2576983869075775,-0.6568728685379028,-0.1581711620092392,-0.283924400806427,-0.7934377193450928,-0.19010628759860992,-0.30568206310272217,-0.9112256169319153,-0.2088528573513031,-0.1181318536400795,-0.47131985425949097,-0.09673236310482025,-0.10181579738855362,-0.7099476456642151,-0.15863072872161865,-0.07860952615737915,-0.8700900077819824,-0.19079796969890594,-0.06136144697666168,-0.998115599155426,-0.2045542150735855,-0.03734958544373512,-0.43763506412506104,-0.10171610862016678,-0.00039399342495016754,-0.47527876496315,-0.18276485800743103,-0.006509420461952686,-0.34274208545684814,-0.19538018107414246,-0.01995169371366501,-0.25729379057884216,-0.18142984807491302,0.030106792226433754,-0.3723137378692627,-0.11377888172864914,0.05720457062125206,-0.39471936225891113,-0.1766444891691208,0.04270949214696884,-0.2900940179824829,-0.17653332650661469,0.01905324123799801,-0.21150361001491547,-0.16142839193344116
2,0.0,0.0,0.0,-0.08864442259073257,-0.03985822945833206,-0.0902133360505104,-0.12755084037780762,-0.14980700612068176,-0.14369463920593262,-0.058210548013448715,-0.28138959407806396,-0.19127114117145538,0.005857432726770639,-0.3933974504470825,-0.23302480578422546,-0.20905256271362305,-0.4366700053215027,-0.09969402849674225,-0.25629186630249023,-0.6566418409347534,-0.15746191143989563,-0.2824441194534302,-0.792174220085144,-0.1885911077260971,-0.304151713848114,-0.907656729221344,-0.20664693415164948,-0.11795497685670853,-0.47182953357696533,-0.09577158838510513,-0.10333859920501709,-0.7097510099411011,-0.15756842494010925,-0.07947158068418503,-0.870760977268219,-0.19000351428985596,-0.061282604932785034,-0.9981204867362976,-0.20386552810668945,-0.03629808872938156,-0.43877750635147095,-0.10032139718532562,0.0010546563426032662,-0.4695749580860138,-0.17919963598251343,-0.0034116103779524565,-0.33829647302627563,-0.19008255004882812,-0.017405912280082703,-0.2552153468132019,-0.17508116364479065,0.03218245133757591,-0.37369078397750854,-0.11246942728757858,0.05963701382279396,-0.39662954211235046,-0.17043736577033997,0.04570776969194412,-0.2953343391418457,-0.1675548106431961,0.020406262949109077,-0.21939924359321594,-0.151088148355484
2,0.0,0.0,0.0,-0.0856829509139061,-0.041531216353178024,-0.08987167477607727,-0.12229841947555542,-0.16152426600456238,-0.1404518336057663,-0.04788590967655182,-0.30128544569015503,-0.18471479415893555,0.01718650944530964,-0.4176683723926544,-0.22434888780117035,-0.2110041230916977,-0.4391185939311981,-0.09874487668275833,-0.2580716609954834,-0.6595262289047241,-0.15649887919425964,-0.2828848659992218,-0.7981417775154114,-0.18772470951080322,-0.30457377433776855,-0.9181483387947083,-0.20519068837165833,-0.11999443918466568,-0.4727518558502197,-0.09443211555480957,-0.10445229709148407,-0.7129426002502441,-0.15618756413459778,-0.07829251885414124,-0.8734956979751587,-0.1874399334192276,-0.05891675874590874,-0.9982629418373108,-0.19923871755599976,-0.03832900524139404,-0.4395604133605957,-0.09844661504030228,0.0026367702521383762,-0.46967580914497375,-0.1809970736503601,-0.0014463068218901753,-0.3335137963294983,-0.19317516684532166,-0.014513625763356686,-0.2440212517976761,-0.17725583910942078,0.02951713278889656,-0.37578892707824707,-0.10966942459344864,0.06089753285050392,-0.39161816239356995,-0.17361044883728027,0.04907720535993576,-0.2768191993236542,-0.17211121320724487,0.027246488258242607,-0.18954648077487946,-0.15469913184642792
2,0.0,0.0,0.0,-0.08407200872898102,-0.043047238141298294,-0.09061820805072784,-0.11876815557479858,-0.16151493787765503,-0.14191395044326782,-0.046976957470178604,-0.29817697405815125,-0.18708665668964386,0.02030649222433567,-0.4089125096797943,-0.22743265330791473,-0.20503593981266022,-0.44107186794281006,-0.09937102347612381,-0.25319209694862366,-0.6619964838027954,-0.15752464532852173,-0.27983927726745605,-0.7986767888069153,-0.189188152551651,-0.3030845820903778,-0.9160010814666748,-0.20706725120544434,-0.11521445214748383,-0.473397821187973,-0.0950503721833229,-0.10057799518108368,-0.7104906439781189,-0.15820704400539398,-0.07495682686567307,-0.8722690343856812,-0.1909422129392624,-0.05536673218011856,-0.9984661340713501,-0.20368821918964386,-0.034333858639001846,-0.4389772415161133,-0.0991029441356659,0.007307203486561775,-0.4680813252925873,-0.18213345110416412,0.0032990076579153538,-0.3322177231311798,-0.19474415481090546,-0.01096697524189949,-0.2428222894668579,-0.17901742458343506,0.03266272693872452,-0.3738597631454468,-0.11051836609840393,0.06537342816591263,-0.3910408318042755,-0.17371568083763123,0.052986133843660355,-0.2800515592098236,-0.17215277254581451,0.029384654015302658,-0.1945621371269226,-0.15488673746585846
2,0.0,0.0,0.0,-0.0847746804356575,-0.03929927200078964,-0.08743568509817123,-0.12061353027820587,-0.15660656988620758,-0.13856816291809082,-0.04850796237587929,-0.2919394373893738,-0.18395912647247314,0.015020934864878654,-0.4073738753795624,-0.2243092805147171,-0.20773586630821228,-0.43704211711883545,-0.09970201551914215,-0.2561083734035492,-0.658123791217804,-0.15854020416736603,-0.2816096842288971,-0.7950010299682617,-0.19021135568618774,-0.3027416467666626,-0.913536787033081,-0.20821130275726318,-0.11539291590452194,-0.4706922173500061,-0.09696346521377563,-0.09964392334222794,-0.7098631858825684,-0.16135142743587494,-0.0750148817896843,-0.8710085153579712,-0.19431160390377045,-0.056333258748054504,-0.998412013053894,-0.20765042304992676,-0.03363455459475517,-0.4380059838294983,-0.10202483832836151,0.005202153697609901,-0.46890726685523987,-0.1845746636390686,-0.002017076825723052,-0.33314019441604614,-0.19556038081645966,-0.017432156950235367,-0.24527481198310852,-0.17965973913669586,0.034594934433698654,-0.3760658800601959,-0.11424979567527771,0.06380299478769302,-0.3871588110923767,-0.1774096041917801,0.047847770154476166,-0.2737281620502472,-0.17557522654533386,0.022610994055867195,-0.18953360617160797,-0.1584731936454773
2,0.0,0.0,0.0,-0.08686522394418716,-0.038207538425922394,-0.09068115800619125,-0.12541024386882782,-0.15646997094154358,-0.14002929627895355,-0.05236050486564636,-0.2947468161582947,-0.1827239692211151,0.011913152411580086,-0.4121097922325134,-0.22053855657577515,-0.21359901130199432,-0.4346599876880646,-0.09741374105215073,-0.2635441720485687,-0.6547974348068237,-0.1547406017780304,-0.28971976041793823,-0.7926527857780457,-0.18541373312473297,-0.31130361557006836,-0.9117849469184875,-0.2023608386516571,-0.12136662006378174,-0.47016140818595886,-0.09235233813524246,-0.10571429133415222,-0.7089433670043945,-0.1538325697183609,-0.08226348459720612,-0.8711686134338379,-0.18475136160850525,-0.06473185867071152,-0.9979026317596436,-0.19619408249855042,-0.03913768380880356,-0.438303142786026,-0.09611689299345016,0.0019463241333141923,-0.4673508405685425,-0.18025726079940796,-0.0015709636500105262,-0.3287357687950134,-0.19353854656219482,-0.013809381984174252,-0.23946599662303925,-0.17773829400539398,0.02900267206132412,-0.37522730231285095,-0.10697992891073227,0.058339767158031464,-0.3890378177165985,-0.17287680506706238,0.045919012278318405,-0.27395713329315186,-0.17263661324977875,0.023639943450689316,-0.1885388046503067,-0.15574561059474945
2,0.0,0.0,0.0,-0.08588563650846481,-0.03651934489607811,-0.08857760578393936,-0.12695302069187164,-0.15366609394550323,-0.1397039294242859,-0.05681441351771355,-0.29264307022094727,-0.18491338193416595,0.007727800868451595,-0.4080435633659363,-0.2253578156232834,-0.2117249071598053,-0.4324817359447479,-0.10100562125444412,-0.26233309507369995,-0.6517153978347778,-0.16014501452445984,-0.28902530670166016,-0.788794755935669,-0.19233927130699158,-0.3113127052783966,-0.9079073071479797,-0.21100415289402008,-0.12081039696931839,-0.4668758809566498,-0.09766849130392075,-0.10658619552850723,-0.7060563564300537,-0.16169972717761993,-0.08263605087995529,-0.8689519762992859,-0.19432543218135834,-0.06412538886070251,-0.9979418516159058,-0.20751309394836426,-0.03898891806602478,-0.43444308638572693,-0.10241860896348953,0.0004421258345246315,-0.4620015025138855,-0.18497717380523682,-0.004823015071451664,-0.3239070773124695,-0.19532626867294312,-0.017645077779889107,-0.23585408926010132,-0.17874467372894287,0.029463857412338257,-0.3710536062717438,-0.11446312069892883,0.056576207280159,-0.3880644142627716,-0.17758624255657196,0.04388050362467766,-0.2768781781196594,-0.17513681948184967,0.022117074579000473,-0.1953204870223999,-0.15767717361450195
2,0.0,0.0,0.0,-0.08682482689619064,-0.036414097994565964,-0.08860878646373749,-0.12788616120815277,-0.15214504301548004,-0.14041920006275177,-0.05888162925839424,-0.29099681973457336,-0.18626412749290466,0.005822706501930952,-0.40540558099746704,-0.2269730269908905,-0.21312470734119415,-0.43267661333084106,-0.10116422176361084,-0.2639325261116028,-0.6535660624504089,-0.160001739859581,-0.29070523381233215,-0.790824294090271,-0.19158507883548737,-0.31280478835105896,-0.9083219766616821,-0.20969553291797638,-0.12189222127199173,-0.4682191014289856,-0.09741678833961487,-0.10767070949077606,-0.7085816264152527,-0.16091784834861755,-0.08385579288005829,-0.8703863620758057,-0.19303776323795319,-0.06595785915851593,-0.9978224039077759,-0.20582114160060883,-0.03993578627705574,-0.4367591440677643,-0.10168829560279846,-0.0031323598232120275,-0.46755096316337585,-0.1829000860452652,-0.007703620009124279,-0.33290931582450867,-0.19299434125423431,-0.020473061129450798,-0.24659721553325653,-0.1765293926000595,0.0285862497985363,-0.373617947101593,-0.11325211822986603,0.05464769899845123,-0.39086559414863586,-0.1746293306350708,0.04188740998506546,-0.2833704352378845,-0.17186284065246582,0.01959000527858734,-0.20345905423164368,-0.1543455570936203
2,0.0,0.0,0.0,-0.08602486550807953,-0.03530436381697655,-0.09303117543458939,-0.12811358273029327,-0.14871078729629517,-0.14794498682022095,-0.05884818732738495,-0.28539276123046875,-0.19631056487560272,0.007474331650882959,-0.4002514183521271,-0.2393449991941452,-0.21331876516342163,-0.4283076822757721,-0.10577994585037231,-0.26273825764656067,-0.6463923454284668,-0.16817006468772888,-0.2910081446170807,-0.7825648188591003,-0.20378614962100983,-0.3144253194332123,-0.8999902606010437,-0.22527779638767242,-0.12408677488565445,-0.46441903710365295,-0.10159347951412201,-0.10994863510131836,-0.7045079469680786,-0.1674799919128418,-0.08605427294969559,-0.866942286491394,-0.20186665654182434,-0.06728673726320267,-0.9977337121963501,-0.21711796522140503,-0.042928922921419144,-0.4318649470806122,-0.10604341328144073,-0.001952159684151411,-0.46794015169143677,-0.1889345496892929,-0.00673094904050231,-0.3344823718070984,-0.19966794550418854,-0.020685983821749687,-0.24978598952293396,-0.18431353569030762,0.02591921016573906,-0.3663691580295563,-0.11833087354898453,0.05574135109782219,-0.3902355134487152,-0.18160882592201233,0.042168062180280685,-0.2866169214248657,-0.18017271161079407,0.01764947734773159,-0.20968633890151978,-0.164223775267601
2,0.0,0.0,0.0,-0.08369210362434387,-0.0312800258398056,-0.09158515930175781,-0.12769953906536102,-0.1435192972421646,-0.1452682465314865,-0.058788128197193146,-0.28369060158729553,-0.1924118846654892,0.0061419070698320866,-0.4049718379974365,-0.23468494415283203,-0.21712841093540192,-0.430603951215744,-0.10603894293308258,-0.2700437307357788,-0.6523497104644775,-0.16775183379650116,-0.29812106490135193,-0.7903569936752319,-0.20138047635555267,-0.3210795521736145,-0.9096150398254395,-0.22081740200519562,-0.12597739696502686,-0.4666699171066284,-0.10203825682401657,-0.11217161267995834,-0.7069869637489319,-0.16781212389469147,-0.08905632048845291,-0.868993878364563,-0.20079559087753296,-0.07144057005643845,-0.9974448680877686,-0.21428683400154114,-0.04358377680182457,-0.43503522872924805,-0.10634907335042953,-0.0036736615002155304,-0.4659744203090668,-0.19032007455825806,-0.008837423287332058,-0.32900312542915344,-0.2016724944114685,-0.02187253348529339,-0.24214230477809906,-0.18623584508895874,0.026089033111929893,-0.37063172459602356,-0.11815913021564484,0.054006051272153854,-0.38404276967048645,-0.18395362794399261,0.03996303677558899,-0.2718714475631714,-0.18348798155784607,0.016994159668684006,-0.19021761417388916,-0.16735213994979858
2,0.0,0.0,0.0,-0.08358525484800339,-0.037678901106119156,-0.0878487229347229,-0.12536786496639252,-0.15235339105129242,-0.13952110707759857,-0.05691329017281532,-0.2931167185306549,-0.18537959456443787,0.00809905119240284,-0.4103377163410187,-0.2266613245010376,-0.21330632269382477,-0.43169572949409485,-0.10262696444988251,-0.2657930850982666,-0.6525550484657288,-0.16319531202316284,-0.2941678762435913,-0.7896949052810669,-0.1964680552482605,-0.3191162645816803,-0.9080855846405029,-0.2157728523015976,-0.12255065888166428,-0.46686258912086487,-0.0995614305138588,-0.10957162827253342,-0.7065404653549194,-0.16329090297222137,-0.08610542118549347,-0.8681632280349731,-0.19570115208625793,-0.0688612088561058,-0.9976262450218201,-0.2090594619512558,-0.04063669219613075,-0.4350433349609375,-0.10439728200435638,-0.0033642903435975313,-0.46443086862564087,-0.1859644055366516,-0.008720017038285732,-0.3304011821746826,-0.1969919502735138,-0.022025931626558304,-0.24487298727035522,-0.18159271776676178,0.027963656932115555,-0.37126773595809937,-0.11645519733428955,0.0537281408905983,-0.3832300901412964,-0.1789911985397339,0.03843765705823898,-0.2758025527000427,-0.17745423316955566,0.014282358810305595,-0.19590777158737183,-0.16105377674102783
3,0.0,0.0,0.0,-0.15762150287628174,-0.10223119705915451,-0.04042566195130348,-0.255673348903656,-0.2754049301147461,-0.04151933640241623,-0.2871094346046448,-0.45367684960365295,-0.041006095707416534,-0.29493701457977295,-0.5911471247673035,-0.03628819063305855,-0.1978166401386261,-0.5286267399787903,0.049912236630916595,-0.21819549798965454,-0.6977419257164001,0.049274444580078125,-0.22744926810264587,-0.8039043545722961,0.02516549453139305,-0.2351662665605545,-0.9091747999191284,0.0018641246715560555,-0.1275096833705902,-0.565773606300354,0.04989524558186531,-0.13969825208187103,-0.7541838884353638,0.06481339782476425,-0.14765380322933197,-0.8806777596473694,0.043277520686388016,-0.15446551144123077,-0.9879981875419617,0.021368002519011497,-0.05584610998630524,-0.5598298907279968,0.03852923586964607,-0.0626392811536789,-0.732067346572876,0.0450274832546711,-0.07415927946567535,-0.8549668788909912,0.02539309486746788,-0.08979237079620361,-0.9605778455734253,0.0049979062750935555,0.022156940773129463,-0.5157447457313538,0.01988237351179123,0.009802671149373055,-0.6528740525245667,0.0212102048099041,-0.00381891499273479,-0.7365883588790894,0.019376110285520554,-0.021245870739221573,-0.8150526881217957,0.015580167062580585
3,0.0,0.0,0.0,-0.15052200853824615,-0.06268994510173798,-0.0531059093773365,-0.26010364294052124,-0.22652584314346313,-0.07013442367315292,-0.2890355885028839,-0.40621858835220337,-0.0836951956152916,-0.2811160385608673,-0.5507790446281433,-0.09243078529834747,-0.1948809176683426,-0.5150631070137024,0.005643264390528202,-0.2152571976184845,-0.70258629322052,-0.018980665132403374,-0.2212458699941635,-0.8161900639533997,-0.05096130445599556,-0.2223309874534607,-0.9188352823257446,-0.07735829055309296,-0.11570628732442856,-0.5472798347473145,0.005932643543928862,-0.13205963373184204,-0.7612428665161133,-0.004258440807461739,-0.1402955949306488,-0.8819772601127625,-0.025739040225744247,-0.1474563628435135,-0.9890685677528381,-0.046419303864240646,-0.04168148711323738,-0.5352321267127991,-0.005694874096661806,-0.05034623667597771,-0.73306804895401,-0.01789337769150734,-0.06265222281217575,-0.8446393609046936,-0.027579637244343758,-0.0756046324968338,-0.9435687065124512,-0.04054434224963188,0.03821990266442299,-0.48801711201667786,-0.025890175253152847,0.03108302317559719,-0.6275621652603149,-0.038074858486652374,0.02035823091864586,-0.712395966053009,-0.04031633585691452,0.0056875767186284065,-0.7922614216804504,-0.04492189735174179
3,0.0,0.0,0.0,-0.14621353149414062,-0.05120083689689636,-0.05281932279467583,-0.2594519853591919,-0.2126913070678711,-0.07248049229383469,-0.2908513844013214,-0.39136743545532227,-0.08859120309352875,-0.2799314856529236,-0.541119396686554,-0.09975522756576538,-0.19444534182548523,-0.508517861366272,-0.0011490031611174345,-0.21598897874355316,-0.7020859122276306,-0.029776325449347496,-0.22590942680835724,-0.8195517659187317,-0.061760976910591125,-0.23023152351379395,-0.9203852415084839,-0.08728969842195511,-0.113579660654068,-0.5402085185050964,-0.0033825531136244535,-0.1291145533323288,-0.7566850185394287,-0.019500691443681717,-0.13852210342884064,-0.883415937423706,-0.041467297822237015,-0.14656537771224976,-0.9892009496688843,-0.06081189215183258,-0.03882208466529846,-0.5279030799865723,-0.01741367019712925,-0.05140897259116173,-0.7269884943962097,-0.03408164903521538,-0.06443055719137192,-0.8449761271476746,-0.04484729841351509,-0.07928071916103363,-0.9480436444282532,-0.057526685297489166,0.04007921740412712,-0.48088720440864563,-0.039573606103658676,0.03359169512987137,-0.623952329158783,-0.05482731759548187,0.022852495312690735,-0.7123203873634338,-0.058128129690885544,0.007843057624995708,-0.7940407991409302,-0.0629127025604248
3,0.0,0.0,0.0,-0.15012314915657043,-0.03940873220562935,-0.04963240027427673,-0.26613160967826843,-0.20586253702640533,-0.06525658816099167,-0.29801034927368164,-0.38883739709854126,-0.07806828618049622,-0.29291194677352905,-0.5379863977432251,-0.08632458001375198,-0.20456445217132568,-0.4963076412677765,0.0043047647923231125,-0.23227371275424957,-0.687365710735321,-0.0213411096483469,-0.24519966542720795,-0.802247941493988,-0.05198904126882553,-0.25261300802230835,-0.9026300311088562,-0.07740373909473419,-0.12421312928199768,-0.534976601600647,0.0002889309253077954,-0.14948782324790955,-0.7502389550209045,-0.014078699983656406,-0.1639176458120346,-0.8772240281105042,-0.03703286871314049,-0.17674392461776733,-0.9842568039894104,-0.057733431458473206,-0.04990081861615181,-0.5283990502357483,-0.015389610081911087,-0.06733958423137665,-0.727658212184906,-0.031353794038295746,-0.08251792937517166,-0.8468154072761536,-0.04460621252655983,-0.09968914091587067,-0.9505201578140259,-0.059691425412893295,0.028626730665564537,-0.48784559965133667,-0.03883560746908188,0.017128119245171547,-0.6312499642372131,-0.054214347153902054,0.004527933895587921,-0.7198686003684998,-0.059199173003435135,-0.012133128009736538,-0.8020529747009277,-0.0657455325126648
3,0.0,0.0,0.0,-0.14822447299957275,-0.03891308233141899,-0.04733064025640488,-0.26269808411598206,-0.20804178714752197,-0.06051301211118698,-0.29456326365470886,-0.3907725512981415,-0.07164327055215836,-0.2903076410293579,-0.5352109670639038,-0.07908949255943298,-0.20707100629806519,-0.49191007018089294,0.003805931657552719,-0.23710337281227112,-0.6813764572143555,-0.024093231186270714,-0.24971845746040344,-0.7980470061302185,-0.05525404214859009,-0.2554221451282501,-0.8997686505317688,-0.08078816533088684,-0.12807323038578033,-0.5338612198829651,-0.0014946238370612264,-0.1547911912202835,-0.7476630806922913,-0.020130086690187454,-0.16932204365730286,-0.8754608035087585,-0.04417148604989052,-0.18224625289440155,-0.9832528829574585,-0.06434940546751022,-0.05310086905956268,-0.5297470688819885,-0.018316393718123436,-0.07540591806173325,-0.7266928553581238,-0.039231136441230774,-0.09341952204704285,-0.8459259867668152,-0.05469430610537529,-0.11374862492084503,-0.9509313106536865,-0.06983588635921478,0.027522174641489983,-0.490371435880661,-0.04252695292234421,0.01337963342666626,-0.6332249641418457,-0.06286143511533737,-0.0034186176490038633,-0.7231804132461548,-0.07086005061864853,-0.025909673422574997,-0.8068630695343018,-0.0786907821893692
3,0.0,0.0,0.0,-0.1494024395942688,-0.038180816918611526,-0.04724828526377678,-0.26589590311050415,-0.2036992311477661,-0.060668207705020905,-0.2988606095314026,-0.3873507082462311,-0.07210592180490494,-0.29260459542274475,-0.5306156873703003,-0.0803372710943222,-0.2088364064693451,-0.48693040013313293,0.002867575269192457,-0.23942624032497406,-0.6760548949241638,-0.02569890394806862,-0.25385263562202454,-0.7941650748252869,-0.05793154612183571,-0.2617976665496826,-0.8973889350891113,-0.08424674719572067,-0.12981268763542175,-0.5299451947212219,-0.002586382208392024,-0.1575126349925995,-0.7442283630371094,-0.021667497232556343,-0.17254367470741272,-0.8730817437171936,-0.046691812574863434,-0.18563497066497803,-0.9826187491416931,-0.06796707212924957,-0.055794209241867065,-0.5269403457641602,-0.0193928312510252,-0.0771532654762268,-0.7255520820617676,-0.04071256145834923,-0.09378749132156372,-0.8465594053268433,-0.05727929249405861,-0.11205027252435684,-0.9520996809005737,-0.07329080998897552,0.024156058207154274,-0.4893018901348114,-0.04349648579955101,0.009153627790510654,-0.6362454891204834,-0.06417105346918106,-0.007182285655289888,-0.7285454869270325,-0.07265232503414154,-0.028773754835128784,-0.8132291436195374,-0.08096619695425034
3,0.0,0.0,0.0,-0.14460445940494537,-0.035666573792696,-0.04600914940237999,-0.26074695587158203,-0.20165178179740906,-0.05962814763188362,-0.29494720697402954,-0.3834598958492279,-0.07106460630893707,-0.2922861874103546,-0.5278544425964355,-0.07917804270982742,-0.20327824354171753,-0.4895039200782776,-0.001566669438034296,-0.23700381815433502,-0.6804015636444092,-0.030653534457087517,-0.2530069649219513,-0.7987661957740784,-0.06153564527630806,-0.2610091269016266,-0.8994467854499817,-0.08621540665626526,-0.12612253427505493,-0.5314967036247253,-0.007331382017582655,-0.15641362965106964,-0.7469457387924194,-0.027220701798796654,-0.17242713272571564,-0.8762929439544678,-0.050626255571842194,-0.18518473207950592,-0.982703685760498,-0.06987766921520233,-0.05212217569351196,-0.5281268954277039,-0.0239773690700531,-0.07472159713506699,-0.7272226214408875,-0.04545978084206581,-0.09177879989147186,-0.8494923710823059,-0.06124444305896759,-0.11080686748027802,-0.9558281302452087,-0.07625029981136322,0.026837240904569626,-0.4895157814025879,-0.04773079231381416,0.014520268887281418,-0.6362978219985962,-0.06852615624666214,-0.001841530087403953,-0.7291102409362793,-0.07723212987184525,-0.023934775963425636,-0.8137527704238892,-0.08528806269168854
3,0.0,0.0,0.0,-0.14981986582279205,-0.03238131105899811,-0.051053278148174286,-0.2685135006904602,-0.1990366280078888,-0.06582868099212646,-0.3010220527648926,-0.38592758774757385,-0.07757038623094559,-0.29469794034957886,-0.5336713194847107,-0.08564353734254837,-0.2087794542312622,-0.4858556389808655,-0.0023068117443472147,-0.2409331202507019,-0.6774681210517883,-0.03214304521679878,-0.25570976734161377,-0.7971009612083435,-0.0641118586063385,-0.26339906454086304,-0.9007742404937744,-0.08975876867771149,-0.12983645498752594,-0.5293087959289551,-0.005316517781466246,-0.15938802063465118,-0.7450796961784363,-0.025684518739581108,-0.17520801723003387,-0.8737070560455322,-0.049178726971149445,-0.18867136538028717,-0.9820403456687927,-0.06874338537454605,-0.05579761415719986,-0.5274255275726318,-0.019973304122686386,-0.07950140535831451,-0.7247519493103027,-0.04183470085263252,-0.09678635001182556,-0.8447732925415039,-0.055905770510435104,-0.11495883762836456,-0.9494008421897888,-0.06964690238237381,0.02520054392516613,-0.49239179491996765,-0.04237620159983635,0.009338081814348698,-0.6389628052711487,-0.06209845095872879,-0.006764694582670927,-0.7297585606575012,-0.06873353570699692,-0.028011281043291092,-0.8126777410507202,-0.07549639791250229
3,0.0,0.0,0.0,-0.14608292281627655,-0.03373342007398605,-0.0474107451736927,-0.2634868025779724,-0.20285369455814362,-0.0608491450548172,-0.29850974678993225,-0.38833579421043396,-0.0721215009689331,-0.28625255823135376,-0.5310115218162537,-0.07981038838624954,-0.20398569107055664,-0.4909527897834778,0.0009767893934622407,-0.23664285242557526,-0.6816971302032471,-0.026741037145256996,-0.25187456607818604,-0.7992613911628723,-0.05728279426693916,-0.2593908905982971,-0.9005169868469238,-0.08221196383237839,-0.126057431101799,-0.53314208984375,-0.0038418329786509275,-0.15659593045711517,-0.7482134699821472,-0.02255862206220627,-0.1728014051914215,-0.8764575123786926,-0.04444107785820961,-0.18574535846710205,-0.9825978875160217,-0.06265505403280258,-0.05177389830350876,-0.5285112857818604,-0.019971834495663643,-0.07620219886302948,-0.7291591763496399,-0.04049081355333328,-0.09419150650501251,-0.8502143621444702,-0.05327668413519859,-0.11286231875419617,-0.9555923938751221,-0.06623422354459763,0.028600487858057022,-0.4890909492969513,-0.04357201233506203,0.013593753799796104,-0.6368422508239746,-0.06301712989807129,-0.0031018403824418783,-0.7304005026817322,-0.06942921131849289,-0.024678394198417664,-0.8164035677909851,-0.07593889534473419
3,0.0,0.0,0.0,-0.1502184122800827,-0.03490232676267624,-0.04927142336964607,-0.2665972113609314,-0.20667381584644318,-0.06279570609331131,-0.2999623119831085,-0.3928745985031128,-0.07382693886756897,-0.2904655635356903,-0.5367517471313477,-0.0809597596526146,-0.2089274823665619,-0.4892458915710449,0.002130714012309909,-0.23994769155979156,-0.6830952167510986,-0.025549711659550667,-0.25343942642211914,-0.8021252155303955,-0.05623453110456467,-0.2599465548992157,-0.9039748311042786,-0.08104237169027328,-0.130737766623497,-0.5300540924072266,-0.0013687759637832642,-0.15882520377635956,-0.7455399632453918,-0.02001144364476204,-0.17393460869789124,-0.8749693036079407,-0.043121591210365295,-0.1860874444246292,-0.9825332164764404,-0.06223340705037117,-0.05691107362508774,-0.5252185463905334,-0.016482917591929436,-0.08003496378660202,-0.7233691215515137,-0.036562152206897736,-0.09727960079908371,-0.84429532289505,-0.050869524478912354,-0.11463192105293274,-0.9490371346473694,-0.0649956464767456,0.023454362526535988,-0.4870521128177643,-0.03926192969083786,0.008784565143287182,-0.6338326930999756,-0.058186061680316925,-0.0073331063613295555,-0.7260639071464539,-0.06522282212972641,-0.02761661820113659,-0.8116760849952698,-0.07226122170686722
3,0.0,0.0,0.0,-0.1458551585674286,-0.03662700578570366,-0.0480845682322979,-0.26314303278923035,-0.20705977082252502,-0.061417847871780396,-0.2986499071121216,-0.3880957067012787,-0.07259619981050491,-0.290124773979187,-0.5275783538818359,-0.08066997677087784,-0.2100687175989151,-0.49276405572891235,-0.0005536573589779437,-0.24070285260677338,-0.6823347806930542,-0.030026549473404884,-0.25462082028388977,-0.8000533580780029,-0.06205162778496742,-0.26150640845298767,-0.9013769626617432,-0.08789278566837311,-0.1312071681022644,-0.5333566069602966,-0.005523683037608862,-0.1594967395067215,-0.7467743158340454,-0.02629847824573517,-0.17510853707790375,-0.8749862313270569,-0.05093266814947128,-0.18807408213615417,-0.982154905796051,-0.07100772112607956,-0.055951301008462906,-0.527387261390686,-0.021818093955516815,-0.07890337705612183,-0.7247488498687744,-0.04486258700489998,-0.09715082496404648,-0.8453090786933899,-0.06146565079689026,-0.11687064170837402,-0.9500266909599304,-0.07671640068292618,0.0243181511759758,-0.48706287145614624,-0.045390255749225616,0.009960446506738663,-0.6335746645927429,-0.0674990862607956,-0.006752813700586557,-0.7259243130683899,-0.07655592262744904,-0.02896585687994957,-0.8110506534576416,-0.0847356766462326
3,0.0,0.0,0.0,-0.14602532982826233,-0.03757132217288017,-0.04781465232372284,-0.2624596059322357,-0.20755109190940857,-0.061383482068777084,-0.2981165945529938,-0.3893616795539856,-0.07303185015916824,-0.2926900386810303,-0.532404363155365,-0.08094755560159683,-0.21034741401672363,-0.4955659806728363,0.0048679206520318985,-0.24217313528060913,-0.6834543943405151,-0.02318883128464222,-0.25524652004241943,-0.7987596392631531,-0.05535397306084633,-0.26105937361717224,-0.9002171754837036,-0.0816902294754982,-0.13186243176460266,-0.5352352857589722,-0.00013727140321861953,-0.1614663302898407,-0.7472141981124878,-0.018677424639463425,-0.17676404118537903,-0.8737413883209229,-0.04316864162683487,-0.18971596658229828,-0.9818390011787415,-0.06395213305950165,-0.05703894793987274,-0.5287405848503113,-0.01683053933084011,-0.08043982833623886,-0.7246932983398438,-0.037810660898685455,-0.0984916090965271,-0.8421632647514343,-0.05281100794672966,-0.11793234944343567,-0.9442448019981384,-0.0676489993929863,0.024118531495332718,-0.4888228476047516,-0.041061822324991226,0.00831678044050932,-0.634385347366333,-0.060837604105472565,-0.00856443028897047,-0.7235984802246094,-0.06802716851234436,-0.031000271439552307,-0.8060463070869446,-0.07543183863162994
3,0.0,0.0,0.0,-0.14809167385101318,-0.0382661297917366,-0.04984339326620102,-0.26140737533569336,-0.21094270050525665,-0.0637822076678276,-0.2951817512512207,-0.3939174711704254,-0.07523903250694275,-0.28909561038017273,-0.5352268815040588,-0.08321202546358109,-0.20827539265155792,-0.49406570196151733,0.0010223120916634798,-0.23694168031215668,-0.6863168478012085,-0.0278581902384758,-0.24956808984279633,-0.804901659488678,-0.05987553298473358,-0.2564269006252289,-0.9084011912345886,-0.08599602431058884,-0.12810510396957397,-0.532785177230835,-0.003051475854590535,-0.15571396052837372,-0.7456784844398499,-0.022943677380681038,-0.1710643321275711,-0.8729411959648132,-0.04791191592812538,-0.18521258234977722,-0.9826985001564026,-0.06873731315135956,-0.0536038838326931,-0.5254759788513184,-0.0186828151345253,-0.07687247544527054,-0.7204539179801941,-0.04078416898846626,-0.09407568722963333,-0.8391382694244385,-0.056042883545160294,-0.11276117712259293,-0.9448923468589783,-0.07079165428876877,0.02648032270371914,-0.48482486605644226,-0.04193177819252014,0.010138483718037605,-0.6297541856765747,-0.06298542022705078,-0.006376680918037891,-0.7206478714942932,-0.07071339339017868,-0.028093481436371803,-0.8067751526832581,-0.07823944091796875
3,0.0,0.0,0.0,-0.1456293761730194,-0.039489712566137314,-0.04824456572532654,-0.2633415758609772,-0.20904482901096344,-0.06287910789251328,-0.2987711429595947,-0.3911934494972229,-0.07525220513343811,-0.2871353030204773,-0.5327309966087341,-0.08398191630840302,-0.20619705319404602,-0.49749860167503357,0.0005162710440345109,-0.2346407026052475,-0.6875367164611816,-0.02856067195534706,-0.24806010723114014,-0.804097056388855,-0.06091076135635376,-0.2556792199611664,-0.9054390788078308,-0.08740762621164322,-0.1279994696378708,-0.5361927151679993,-0.004375953692942858,-0.1556328386068344,-0.748052179813385,-0.024009091779589653,-0.17084050178527832,-0.8745821118354797,-0.04822125658392906,-0.18476422131061554,-0.9827828407287598,-0.06860597431659698,-0.053838178515434265,-0.5293399691581726,-0.020630192011594772,-0.0774633139371872,-0.7253059148788452,-0.041729845106601715,-0.09459767490625381,-0.8435676693916321,-0.05645415186882019,-0.11347704380750656,-0.9477252960205078,-0.07106105238199234,0.026411032304167747,-0.48788365721702576,-0.04442818462848663,0.00993974506855011,-0.6324982047080994,-0.0646909549832344,-0.007032978348433971,-0.7231767177581787,-0.07243786007165909,-0.029206106439232826,-0.8075079917907715,-0.0800459161400795
3,0.0,0.0,0.0,-0.14896731078624725,-0.041076984256505966,-0.048912111669778824,-0.2613637149333954,-0.21150051057338715,-0.06240127980709076,-0.29324814677238464,-0.3952445685863495,-0.07374215871095657,-0.2838199734687805,-0.5353264212608337,-0.08166462182998657,-0.20400169491767883,-0.4978654682636261,0.004305354319512844,-0.23161320388317108,-0.6857864260673523,-0.02362990193068981,-0.24414359033107758,-0.8023138642311096,-0.056050561368465424,-0.25058966875076294,-0.9053404927253723,-0.08289981633424759,-0.12507273256778717,-0.5376969575881958,-0.00013722723815590143,-0.15276364982128143,-0.7479356527328491,-0.019146667793393135,-0.16736100614070892,-0.8738551735877991,-0.043946146965026855,-0.1810612678527832,-0.9834718108177185,-0.06491474062204361,-0.05100232735276222,-0.5309411883354187,-0.016291258856654167,-0.0738520473241806,-0.7249597907066345,-0.03804437816143036,-0.09122047573328018,-0.8428922295570374,-0.05348091572523117,-0.11037257313728333,-0.9481189250946045,-0.06841346621513367,0.029889216646552086,-0.4906405210494995,-0.040046971291303635,0.013601006008684635,-0.6352850794792175,-0.06079927831888199,-0.00251380680128932,-0.7263741493225098,-0.06848378479480743,-0.023800183087587357,-0.8130207061767578,-0.0760781466960907
3,0.0,0.0,0.0,-0.14618904888629913,-0.0385429672896862,-0.04785129055380821,-0.2591545283794403,-0.21335729956626892,-0.05995362624526024,-0.2907472252845764,-0.3970752954483032,-0.07006080448627472,-0.2846250534057617,-0.5348918437957764,-0.07680358737707138,-0.20432408154010773,-0.494909405708313,0.0029958519153296947,-0.23136268556118011,-0.684441089630127,-0.024963410571217537,-0.24398954212665558,-0.8014897704124451,-0.05695638060569763,-0.2513793408870697,-0.9045079350471497,-0.08336735516786575,-0.1255970597267151,-0.534375786781311,-0.00162728619761765,-0.15403763949871063,-0.7451788187026978,-0.021024897694587708,-0.16954921185970306,-0.8726583123207092,-0.04607858508825302,-0.18430152535438538,-0.9828697443008423,-0.06708535552024841,-0.05161867290735245,-0.5283026695251465,-0.01764410175383091,-0.07346884161233902,-0.7233936786651611,-0.039546310901641846,-0.09042394906282425,-0.8439292311668396,-0.05622568726539612,-0.1106007844209671,-0.9502681493759155,-0.07202091068029404,0.028229275718331337,-0.4892065227031708,-0.04102569445967674,0.01397024467587471,-0.6335018277168274,-0.06210750341415405,-0.0022131484001874924,-0.7244850397109985,-0.07088764756917953,-0.024842895567417145,-0.809272289276123,-0.07927878201007843
3,0.0,0.0,0.0,-0.14572744071483612,-0.03713727742433548,-0.0496194027364254,-0.26224610209465027,-0.2065047323703766,-0.06471356004476547,-0.297463595867157,-0.389760822057724,-0.0772637277841568,-0.28686606884002686,-0.532747209072113,-0.08586802333593369,-0.2073153704404831,-0.4943709671497345,0.0006429653149098158,-0.23657211661338806,-0.6840072274208069,-0.02781766653060913,-0.24957159161567688,-0.8012173771858215,-0.059866730123758316,-0.2563295364379883,-0.9046041369438171,-0.08617064356803894,-0.12949217855930328,-0.5330988168716431,-0.0035170279443264008,-0.15821242332458496,-0.7447150349617004,-0.02257678657770157,-0.17368708550930023,-0.872311532497406,-0.04665326699614525,-0.18748091161251068,-0.9822682738304138,-0.06692660599946976,-0.0558227114379406,-0.5256450176239014,-0.019170410931110382,-0.07884003967046738,-0.7209984660148621,-0.03999350219964981,-0.0966549962759018,-0.839167594909668,-0.05447183921933174,-0.11624309420585632,-0.9426476359367371,-0.06887815147638321,0.023899009451270103,-0.48418229818344116,-0.04249465838074684,0.008185931481420994,-0.6282768845558167,-0.061986736953258514,-0.007659711875021458,-0.718497633934021,-0.06912719458341599,-0.028825819492340088,-0.8027600646018982,-0.07634929567575455
3,0.0,0.0,0.0,-0.14670760929584503,-0.04186919704079628,-0.05122784152626991,-0.25811007618904114,-0.2120867222547531,-0.06710904091596603,-0.29090166091918945,-0.3952104151248932,-0.08027137070894241,-0.2832200229167938,-0.5377234220504761,-0.09000566601753235,-0.20199689269065857,-0.49549493193626404,-0.0025553631130605936,-0.22823205590248108,-0.6855477690696716,-0.03306680545210838,-0.24030078947544098,-0.8021101355552673,-0.06625135242938995,-0.2468891143798828,-0.9052404165267944,-0.09320755302906036,-0.12279979139566422,-0.5343164801597595,-0.006274285726249218,-0.1487303525209427,-0.7486696839332581,-0.027148261666297913,-0.16414903104305267,-0.8751232028007507,-0.05266721174120903,-0.1788497120141983,-0.9838764071464539,-0.0739692822098732,-0.04841433838009834,-0.5274546146392822,-0.021479681134223938,-0.0706835463643074,-0.7250597476959229,-0.044405072927474976,-0.08937957882881165,-0.8437240719795227,-0.06043844670057297,-0.11053380370140076,-0.9481675028800964,-0.07561223208904266,0.0320064052939415,-0.486575722694397,-0.04429973289370537,0.017024613916873932,-0.6317442655563354,-0.06582257151603699,-0.00045617696014232934,-0.7221210598945618,-0.07413171976804733,-0.02401805855333805,-0.8054141402244568,-0.08201921731233597
3,0.0,0.0,0.0,-0.14876756072044373,-0.044538889080286026,-0.04905754700303078,-0.2594151794910431,-0.21596360206604004,-0.06314447522163391,-0.2907746136188507,-0.39775940775871277,-0.07497301697731018,-0.2828662395477295,-0.5369155406951904,-0.08344239741563797,-0.2025291919708252,-0.49581801891326904,0.00134428555611521,-0.22920165956020355,-0.6854338049888611,-0.027892235666513443,-0.24230213463306427,-0.8026835322380066,-0.06080683320760727,-0.2498573213815689,-0.9062917232513428,-0.08767411857843399,-0.1231963038444519,-0.5335872173309326,-0.0031019258312880993,-0.15054792165756226,-0.7450439929962158,-0.023699117824435234,-0.16731417179107666,-0.8725776672363281,-0.04968005791306496,-0.1832125335931778,-0.983073353767395,-0.07116823643445969,-0.04874727129936218,-0.5262801647186279,-0.018897855654358864,-0.07092031091451645,-0.7219476699829102,-0.041601844131946564,-0.09015197306871414,-0.8414192795753479,-0.05784253031015396,-0.11153385788202286,-0.9469839930534363,-0.07304451614618301,0.031723421066999435,-0.48529279232025146,-0.042131319642066956,0.0168863944709301,-0.6298410296440125,-0.06362681835889816,9.574645446264185e-06,-0.7216690182685852,-0.07175111770629883,-0.02256324142217636,-0.8075674176216125,-0.07932993024587631
3,0.0,0.0,0.0,-0.14814791083335876,-0.03521103039383888,-0.05298744514584541,-0.26270580291748047,-0.20557713508605957,-0.06672532111406326,-0.29689234495162964,-0.39240700006484985,-0.07708493620157242,-0.2918199896812439,-0.5352001190185547,-0.08316899836063385,-0.20951001346111298,-0.4905873239040375,0.0011112627107650042,-0.23718152940273285,-0.6822081804275513,-0.02630644105374813,-0.2499367892742157,-0.7993923425674438,-0.0577966570854187,-0.25671830773353577,-0.9012519717216492,-0.0835258886218071,-0.1303579956293106,-0.5324022173881531,-2.6672238163882867e-05,-0.16011323034763336,-0.7459427118301392,-0.017874734476208687,-0.17590691149234772,-0.873639702796936,-0.041551366448402405,-0.19000688195228577,-0.9817827939987183,-0.06144647300243378,-0.056403812021017075,-0.5271095037460327,-0.013119545765221119,-0.07946199178695679,-0.7249998450279236,-0.033569131046533585,-0.09694112837314606,-0.8449990153312683,-0.049118414521217346,-0.11639580130577087,-0.9497823119163513,-0.06403124332427979,0.024644892662763596,-0.48863235116004944,-0.03410938382148743,0.009026961401104927,-0.6332456469535828,-0.05405212938785553,-0.008444581180810928,-0.7238341569900513,-0.0623176209628582,-0.03166148439049721,-0.8075703978538513,-0.07007044553756714
3,0.0,0.0,0.0,-0.14783640205860138,-0.04061095044016838,-0.04930092394351959,-0.2617124319076538,-0.20936046540737152,-0.06412073969841003,-0.29751622676849365,-0.39128947257995605,-0.07667942345142365,-0.28873854875564575,-0.5332537889480591,-0.0856378972530365,-0.2068045735359192,-0.4934026896953583,0.0015053893439471722,-0.23536884784698486,-0.6835147738456726,-0.028104502707719803,-0.24924412369728088,-0.8007243275642395,-0.06102413311600685,-0.2571233808994293,-0.902656078338623,-0.08779338002204895,-0.1280878186225891,-0.5321556925773621,-0.0030172113329172134,-0.1573360562324524,-0.7450422048568726,-0.023653468117117882,-0.17419210076332092,-0.8727173805236816,-0.049187056720256805,-0.18976141512393951,-0.9818302392959595,-0.07024772465229034,-0.05391157045960426,-0.5247713327407837,-0.019024569541215897,-0.07849618792533875,-0.7218793630599976,-0.04169866815209389,-0.0972069799900055,-0.8409610390663147,-0.057279378175735474,-0.11738798767328262,-0.9454935193061829,-0.07200967520475388,0.02694934420287609,-0.4839330315589905,-0.04252694174647331,0.009819505736231804,-0.6281815767288208,-0.06409694999456406,-0.008305569179356098,-0.7194490432739258,-0.0721987932920456,-0.03165498748421669,-0.8048638105392456,-0.07973131537437439
3,0.0,0.0,0.0,-0.14706848561763763,-0.04177488386631012,-0.049433182924985886,-0.25778478384017944,-0.21127945184707642,-0.06468705832958221,-0.28919538855552673,-0.3918628692626953,-0.0776703953742981,-0.2811591327190399,-0.5313307642936707,-0.08738798648118973,-0.20347578823566437,-0.49682557582855225,-0.0004850036057177931,-0.230901300907135,-0.686352550983429,-0.0309695266187191,-0.24295899271965027,-0.8042942881584167,-0.06425277888774872,-0.24830441176891327,-0.9068199992179871,-0.09113060683012009,-0.12414737045764923,-0.5344052910804749,-0.0051227714866399765,-0.1518269032239914,-0.7477707862854004,-0.026398196816444397,-0.16667084395885468,-0.8743636608123779,-0.05192619934678078,-0.18008454144001007,-0.9836511611938477,-0.07298023253679276,-0.04974418878555298,-0.5258609652519226,-0.021172259002923965,-0.07384833693504333,-0.7223429679870605,-0.044304076582193375,-0.09255032241344452,-0.8407822847366333,-0.05960187688469887,-0.11240984499454498,-0.9464708566665649,-0.07420850545167923,0.03131910413503647,-0.4831204116344452,-0.04475017264485359,0.014328980818390846,-0.6270995140075684,-0.0663832277059555,-0.0030432839412242174,-0.7181565761566162,-0.07409700751304626,-0.025941386818885803,-0.8044876456260681,-0.08150263130664825
3,0.0,0.0,0.0,-0.14692817628383636,-0.044654879719018936,-0.04790358617901802,-0.2560693323612213,-0.2151944935321808,-0.061612796038389206,-0.2862643301486969,-0.39367738366127014,-0.07314597070217133,-0.278889000415802,-0.5312979221343994,-0.08102002739906311,-0.20027267932891846,-0.503730058670044,0.002971039153635502,-0.22748303413391113,-0.6913638710975647,-0.025547631084918976,-0.24039505422115326,-0.8082724809646606,-0.05801517516374588,-0.2474094033241272,-0.9088958501815796,-0.08417844772338867,-0.12288179248571396,-0.541053831577301,-0.0015564699424430728,-0.1498086303472519,-0.7506736516952515,-0.0209512822329998,-0.16531291604042053,-0.8767781257629395,-0.04520781338214874,-0.17922288179397583,-0.9838084578514099,-0.06497194617986679,-0.04941173642873764,-0.5325819849967957,-0.01743495464324951,-0.07209581136703491,-0.7263494729995728,-0.03848198428750038,-0.0889618843793869,-0.8430145978927612,-0.05283275619149208,-0.10725423693656921,-0.9457568526268005,-0.06647457182407379,0.029656512662768364,-0.4892016053199768,-0.040873296558856964,0.015593038871884346,-0.6329349875450134,-0.06048648804426193,0.00013961746299173683,-0.722501814365387,-0.06710167229175568,-0.020234929397702217,-0.8060880899429321,-0.07331246882677078
3,0.0,0.0,0.0,-0.14819735288619995,-0.045085106045007706,-0.0488571971654892,-0.25762230157852173,-0.2236512303352356,-0.061372991651296616,-0.2881981134414673,-0.40625742077827454,-0.07184451818466187,-0.2780091464519501,-0.5443224310874939,-0.07888174057006836,-0.19763189554214478,-0.5062063336372375,0.004928735550493002,-0.22106923162937164,-0.6949034333229065,-0.022931301966309547,-0.2323777824640274,-0.8111081719398499,-0.05492710694670677,-0.23881328105926514,-0.9117944240570068,-0.08123929798603058,-0.11963149905204773,-0.5426269173622131,0.0007893615984357893,-0.14326556026935577,-0.7530831694602966,-0.019105182960629463,-0.15802279114723206,-0.8785116076469421,-0.04418231174349785,-0.17257556319236755,-0.9849962592124939,-0.06464170664548874,-0.046196017414331436,-0.533659040927887,-0.015059331431984901,-0.06630217283964157,-0.7281988263130188,-0.037748612463474274,-0.08340159803628922,-0.8460225462913513,-0.05432143434882164,-0.10373888909816742,-0.9497376084327698,-0.06947746872901917,0.031894583255052567,-0.49066081643104553,-0.03845725208520889,0.019606608897447586,-0.633919358253479,-0.06034201756119728,0.004194778855890036,-0.7236781716346741,-0.06939192116260529,-0.01722068525850773,-0.8075582981109619,-0.07747673988342285
3,0.0,0.0,0.0,-0.1470659375190735,-0.04454074800014496,-0.049247343093156815,-0.2577466070652008,-0.21868152916431427,-0.0624857172369957,-0.289861798286438,-0.4027312099933624,-0.073358453810215,-0.282575398683548,-0.5448707342147827,-0.08019962906837463,-0.20029065012931824,-0.5062909722328186,0.007104795426130295,-0.2250034362077713,-0.6943565011024475,-0.01925581507384777,-0.23517581820487976,-0.8074216246604919,-0.05089351534843445,-0.2402566820383072,-0.9072325825691223,-0.07731945067644119,-0.12138763815164566,-0.541791558265686,0.0034313935320824385,-0.1466570943593979,-0.7529850006103516,-0.013861370272934437,-0.16094951331615448,-0.8775288462638855,-0.038605619221925735,-0.17523178458213806,-0.9845272302627563,-0.05976075679063797,-0.04748585447669029,-0.5315648913383484,-0.012092072516679764,-0.06697630137205124,-0.7272231578826904,-0.032589707523584366,-0.08456756919622421,-0.8436205983161926,-0.04858040809631348,-0.10579078644514084,-0.9466302394866943,-0.06415887176990509,0.03233680501580238,-0.48751211166381836,-0.03520064055919647,0.018938062712550163,-0.6301628351211548,-0.055367611348629,0.0029169160407036543,-0.7184330224990845,-0.06371321529150009,-0.019214127212762833,-0.8013339042663574,-0.07185575366020203
3,0.0,0.0,0.0,-0.14808130264282227,-0.046679120510816574,-0.049739670008420944,-0.253061980009079,-0.22131521999835968,-0.062133919447660446,-0.2794096767902374,-0.4042105972766876,-0.0720229297876358,-0.2691754400730133,-0.5423478484153748,-0.07840697467327118,-0.19204549491405487,-0.5037928223609924,0.00448381993919611,-0.2137575000524521,-0.6957345604896545,-0.022192737087607384,-0.2230415940284729,-0.8142844438552856,-0.053258780390024185,-0.22740529477596283,-0.9161624312400818,-0.07854220271110535,-0.11332374066114426,-0.539842426776886,0.0015650892164558172,-0.13476581871509552,-0.7535189390182495,-0.01586860790848732,-0.14756834506988525,-0.8801980018615723,-0.039442166686058044,-0.1599152684211731,-0.9871307611465454,-0.05902371555566788,-0.040337421000003815,-0.5311070084571838,-0.013049970380961895,-0.05858977511525154,-0.7276789546012878,-0.03325123339891434,-0.07389635592699051,-0.8463557958602905,-0.0483131967484951,-0.09177174419164658,-0.9511266350746155,-0.06272528320550919,0.038152191787958145,-0.4889874756336212,-0.03538072854280472,0.026669111102819443,-0.632061779499054,-0.05463488772511482,0.01274010632187128,-0.7213926911354065,-0.061773210763931274,-0.0067335874773561954,-0.8049684166908264,-0.06872685998678207
3,0.0,0.0,0.0,-0.14668218791484833,-0.04675508290529251,-0.05246317386627197,-0.25658464431762695,-0.2190755307674408,-0.06806393712759018,-0.2873677909374237,-0.4027649462223053,-0.08100209385156631,-0.27137619256973267,-0.54499751329422,-0.09011132270097733,-0.19448134303092957,-0.5027139782905579,0.0020529702305793762,-0.21683305501937866,-0.6920910477638245,-0.02764744870364666,-0.22501760721206665,-0.8090092539787292,-0.06097470596432686,-0.22750382125377655,-0.911985456943512,-0.08820771425962448,-0.11394201964139938,-0.5389145016670227,-0.0006894788239151239,-0.1357840895652771,-0.7512391209602356,-0.021260781213641167,-0.14821387827396393,-0.8773199915885925,-0.046922121196985245,-0.16054721176624298,-0.987028181552887,-0.06825872510671616,-0.03951893001794815,-0.5298980474472046,-0.015517352148890495,-0.056371353566646576,-0.7235507369041443,-0.03856881335377693,-0.07200387120246887,-0.8417331576347351,-0.05442020297050476,-0.09053801745176315,-0.947521448135376,-0.06937563419342041,0.0405740812420845,-0.48709261417388916,-0.03824475407600403,0.028573783114552498,-0.6294407248497009,-0.0596558079123497,0.013067700900137424,-0.7175110578536987,-0.06768026947975159,-0.009080288000404835,-0.8010205626487732,-0.07538697123527527
3,0.0,0.0,0.0,-0.146206334233284,-0.04977118968963623,-0.05137835815548897,-0.25511986017227173,-0.2256772667169571,-0.06681855767965317,-0.2833574712276459,-0.40916743874549866,-0.07953406870365143,-0.26593470573425293,-0.550767719745636,-0.08833480626344681,-0.18902364373207092,-0.5055505037307739,-0.0003891294763889164,-0.21109861135482788,-0.6963258385658264,-0.030356096103787422,-0.2201281040906906,-0.8144159317016602,-0.0633460134267807,-0.22395969927310944,-0.916691780090332,-0.08984719216823578,-0.11051759868860245,-0.5406013131141663,-0.0034016836434602737,-0.13160210847854614,-0.7525460720062256,-0.02379901520907879,-0.14399775862693787,-0.8797675967216492,-0.048465926200151443,-0.15582877397537231,-0.9877840876579285,-0.06870114058256149,-0.03757954761385918,-0.5305992364883423,-0.018146492540836334,-0.05432923883199692,-0.7256152629852295,-0.03991251438856125,-0.06918073445558548,-0.8451409339904785,-0.05526459217071533,-0.08695166558027267,-0.950341522693634,-0.06977909803390503,0.04026303067803383,-0.4863627851009369,-0.04075263440608978,0.030157500877976418,-0.6307399868965149,-0.061351075768470764,0.015245494432747364,-0.7216238379478455,-0.06944966316223145,-0.00624782545492053,-0.8059031963348389,-0.07691194117069244
3,0.0,0.0,0.0,-0.14780938625335693,-0.0551338754594326,-0.04866401106119156,-0.25592195987701416,-0.2308673858642578,-0.06334187835454941,-0.28505226969718933,-0.4126184582710266,-0.07568453997373581,-0.26888564229011536,-0.5550258159637451,-0.0840635672211647,-0.18913298845291138,-0.5049098134040833,0.0022480273619294167,-0.20948317646980286,-0.696537971496582,-0.026553547009825706,-0.21940244734287262,-0.8135752081871033,-0.0585436187684536,-0.22462236881256104,-0.9142230153083801,-0.08437959104776382,-0.1102641224861145,-0.5381684303283691,-0.0016333376988768578,-0.13091400265693665,-0.7521547079086304,-0.020876795053482056,-0.14350150525569916,-0.8794806599617004,-0.044977717101573944,-0.15654101967811584,-0.9876714944839478,-0.06494612246751785,-0.03661428019404411,-0.5275572538375854,-0.016937488690018654,-0.05366015434265137,-0.7244459986686707,-0.03785824403166771,-0.06936245411634445,-0.8427655696868896,-0.05229679122567177,-0.08906618505716324,-0.9467576742172241,-0.06624730676412582,0.042265601456165314,-0.48275867104530334,-0.03973076865077019,0.03174058720469475,-0.6266257762908936,-0.059478189796209335,0.0164383165538311,-0.7172554135322571,-0.066526859998703,-0.005748283583670855,-0.8014100790023804,-0.07327017933130264
3,0.0,0.0,0.0,-0.14768630266189575,-0.05248432978987694,-0.048686638474464417,-0.2555479407310486,-0.2319575995206833,-0.061376262456178665,-0.2828699052333832,-0.41304001212120056,-0.07194830477237701,-0.2679351568222046,-0.5516029596328735,-0.07890177518129349,-0.1904190331697464,-0.5101098418235779,0.0058913445100188255,-0.2110842764377594,-0.6965953707695007,-0.021602334454655647,-0.2184806913137436,-0.8129202127456665,-0.053998976945877075,-0.22135896980762482,-0.9155562520027161,-0.08077933639287949,-0.11063891649246216,-0.5427877902984619,0.0015962044708430767,-0.13081808388233185,-0.7519338130950928,-0.01675514504313469,-0.14212027192115784,-0.8782473206520081,-0.04184707999229431,-0.1538664996623993,-0.9880917072296143,-0.0629190132021904,-0.036614324897527695,-0.5306411385536194,-0.014422484673559666,-0.052348751574754715,-0.7242726683616638,-0.03589459881186485,-0.06762173771858215,-0.8406693935394287,-0.05194443091750145,-0.08686486631631851,-0.9442199468612671,-0.06709282100200653,0.041699815541505814,-0.48448246717453003,-0.03800684213638306,0.030384980142116547,-0.6271164417266846,-0.058670707046985626,0.01589077338576317,-0.7152575254440308,-0.06669478863477707,-0.005025118589401245,-0.7982457876205444,-0.07437367737293243
3,0.0,0.0,0.0,-0.145484060049057,-0.05730278044939041,-0.0479353666305542,-0.2495301216840744,-0.23575419187545776,-0.061718523502349854,-0.2758163511753082,-0.4177788197994232,-0.07354775816202164,-0.261442631483078,-0.5592818260192871,-0.0819394588470459,-0.18284808099269867,-0.5122686624526978,0.005450856406241655,-0.2020527869462967,-0.7010482549667358,-0.023107336834073067,-0.20939597487449646,-0.817116916179657,-0.05569731071591377,-0.21184907853603363,-0.9183019399642944,-0.08248406648635864,-0.10276919603347778,-0.5452471971511841,0.0001968560100067407,-0.12163468450307846,-0.755937397480011,-0.019513847306370735,-0.13177302479743958,-0.8817444443702698,-0.045243144035339355,-0.1424078792333603,-0.9898080229759216,-0.06679178774356842,-0.02913079783320427,-0.5329997539520264,-0.0167671088129282,-0.04353781417012215,-0.7282261252403259,-0.03960118442773819,-0.05638344585895538,-0.8464472889900208,-0.05635061115026474,-0.07323633879423141,-0.9521915316581726,-0.07202847301959991,0.04891381412744522,-0.48620474338531494,-0.041108593344688416,0.03966538980603218,-0.630939245223999,-0.06330738216638565,0.026871496811509132,-0.7215250730514526,-0.07231452316045761,0.007212604396045208,-0.8074100613594055,-0.08070623129606247
3,0.0,0.0,0.0,-0.1430729776620865,-0.05866910517215729,-0.04824572801589966,-0.2471175342798233,-0.23439806699752808,-0.06230670586228371,-0.2707202136516571,-0.41696465015411377,-0.07411416620016098,-0.2580166757106781,-0.5587498545646667,-0.08233267813920975,-0.17700903117656708,-0.5121957659721375,0.0037728974130004644,-0.195988729596138,-0.7000789046287537,-0.024769609794020653,-0.2019805759191513,-0.8151137232780457,-0.05752992257475853,-0.20311027765274048,-0.9165952205657959,-0.08441406488418579,-0.0972694382071495,-0.5432872772216797,-0.0008531827479600906,-0.11623140424489975,-0.7549766898155212,-0.019898993894457817,-0.1261420100927353,-0.8809718489646912,-0.045683056116104126,-0.1366538405418396,-0.9906188249588013,-0.06750038266181946,-0.024339132010936737,-0.5297500491142273,-0.01695406623184681,-0.037789613008499146,-0.7242350578308105,-0.03897169977426529,-0.0513949915766716,-0.8423038125038147,-0.055448777973651886,-0.06885482370853424,-0.9482362270355225,-0.07124367356300354,0.0543525405228138,-0.48245489597320557,-0.04042098671197891,0.046009935438632965,-0.6238311529159546,-0.06167258694767952,0.03360193967819214,-0.7124062776565552,-0.06994543224573135,0.014613055624067783,-0.796846866607666,-0.0779494121670723
3,0.0,0.0,0.0,-0.14178699254989624,-0.059584926813840866,-0.046447135508060455,-0.24271854758262634,-0.23849260807037354,-0.060358982533216476,-0.2651229500770569,-0.4187232553958893,-0.07269781827926636,-0.25353267788887024,-0.5577776432037354,-0.0817175880074501,-0.17115427553653717,-0.5105884075164795,0.0031502265483140945,-0.19104328751564026,-0.6991961598396301,-0.02646440826356411,-0.19740606844425201,-0.8149022459983826,-0.05938463658094406,-0.19742044806480408,-0.9157352447509766,-0.08592135459184647,-0.09145727753639221,-0.5417470335960388,-0.0030071879737079144,-0.11070580780506134,-0.7545539140701294,-0.023252910003066063,-0.12032754719257355,-0.8821446299552917,-0.04932541027665138,-0.1292264759540558,-0.9916150569915771,-0.07095294445753098,-0.018244251608848572,-0.5292097926139832,-0.02041029743850231,-0.03068060800433159,-0.7260940670967102,-0.04269258305430412,-0.043708886951208115,-0.8474006056785583,-0.059463921934366226,-0.060242101550102234,-0.9553651213645935,-0.07526034116744995,0.05982508882880211,-0.4823254644870758,-0.04503534361720085,0.05236557871103287,-0.6264498829841614,-0.06627904623746872,0.03883172944188118,-0.7185307145118713,-0.07467183470726013,0.018264448270201683,-0.8051878213882446,-0.0826314389705658
3,0.0,0.0,0.0,-0.14265604317188263,-0.05953959375619888,-0.048079609870910645,-0.24356675148010254,-0.237330824136734,-0.0625784620642662,-0.2658029794692993,-0.4160405695438385,-0.07515392452478409,-0.2510969042778015,-0.5535646080970764,-0.08425066620111465,-0.17569845914840698,-0.5118799805641174,0.002179514616727829,-0.19201156497001648,-0.7008904814720154,-0.02700265869498253,-0.1958109438419342,-0.8176416158676147,-0.060180045664310455,-0.19481191039085388,-0.9208846092224121,-0.08707866817712784,-0.09473234415054321,-0.5411588549613953,-0.0028015777934342623,-0.11055485159158707,-0.7524952292442322,-0.023066913709044456,-0.11799073219299316,-0.8804683685302734,-0.04957874119281769,-0.12567299604415894,-0.9920717477798462,-0.07149852812290192,-0.02041810005903244,-0.5267024636268616,-0.019056174904108047,-0.031071307137608528,-0.7210341095924377,-0.04167081043124199,-0.04245931655168533,-0.8404302000999451,-0.05905555188655853,-0.05794987827539444,-0.9465864300727844,-0.07493457198143005,0.05849815532565117,-0.47889336943626404,-0.0425964891910553,0.05128271505236626,-0.6247624158859253,-0.06378281861543655,0.039366982877254486,-0.7153169512748718,-0.07232655584812164,0.02051483280956745,-0.7999758124351501,-0.08021630346775055
3,0.0,0.0,0.0,-0.1456035077571869,-0.05628777667880058,-0.04851735383272171,-0.24549420177936554,-0.23319655656814575,-0.06349457800388336,-0.26581066846847534,-0.41004639863967896,-0.07664353400468826,-0.2512226402759552,-0.5482863187789917,-0.0865965485572815,-0.1726236641407013,-0.5112869739532471,0.001414908212609589,-0.19149848818778992,-0.6997305750846863,-0.02916359156370163,-0.19623278081417084,-0.8167994022369385,-0.06281551718711853,-0.19466282427310944,-0.9186640977859497,-0.08974692970514297,-0.09351637959480286,-0.5411959290504456,-0.0040876842103898525,-0.10980859398841858,-0.7530025839805603,-0.02616456151008606,-0.11824048310518265,-0.881476104259491,-0.053210772573947906,-0.12535670399665833,-0.9921117424964905,-0.07505302131175995,-0.020770804956555367,-0.5270598530769348,-0.021111687645316124,-0.03294374793767929,-0.7215296030044556,-0.045189108699560165,-0.045760512351989746,-0.8418492078781128,-0.06322469562292099,-0.06117916852235794,-0.9499359130859375,-0.07952305674552917,0.05602243170142174,-0.47863560914993286,-0.04552507400512695,0.0508294440805912,-0.6217846870422363,-0.0680621787905693,0.03899936378002167,-0.7132023572921753,-0.07759992778301239,0.020687883719801903,-0.8008306622505188,-0.086244136095047
3,0.0,0.0,0.0,-0.14195141196250916,-0.05461643263697624,-0.048280104994773865,-0.24250458180904388,-0.23333993554115295,-0.06293176859617233,-0.26456427574157715,-0.41029268503189087,-0.07573769986629486,-0.25331491231918335,-0.5504044890403748,-0.0851905569434166,-0.17221443355083466,-0.5099414587020874,0.0016256187809631228,-0.19232283532619476,-0.6970456838607788,-0.02864471822977066,-0.19787096977233887,-0.8132688999176025,-0.06196890026330948,-0.19698619842529297,-0.915145993232727,-0.08888627588748932,-0.09362893551588058,-0.5407942533493042,-0.004276995547115803,-0.11179359257221222,-0.7523601651191711,-0.02580401301383972,-0.12056736648082733,-0.8810201287269592,-0.05223701521754265,-0.12857767939567566,-0.9916993975639343,-0.07382380217313766,-0.02127872221171856,-0.5266648530960083,-0.021726485341787338,-0.03485454246401787,-0.7222849130630493,-0.04535688832402229,-0.04782705381512642,-0.8428078293800354,-0.06259696185588837,-0.06390736252069473,-0.9517540335655212,-0.07855383306741714,0.05535931885242462,-0.4780849814414978,-0.04656807333230972,0.04858335852622986,-0.6222043633460999,-0.0693226009607315,0.03710390627384186,-0.7147084474563599,-0.07885043323040009,0.018930042162537575,-0.803536593914032,-0.08753613382577896
3,0.0,0.0,0.0,-0.14501960575580597,-0.05543089285492897,-0.05034450441598892,-0.24492260813713074,-0.23261670768260956,-0.06656558066606522,-0.26489508152008057,-0.411271870136261,-0.08053474873304367,-0.25265687704086304,-0.5523049235343933,-0.09116478264331818,-0.1748097538948059,-0.504892110824585,-0.002014088211581111,-0.19418683648109436,-0.6941651105880737,-0.0344909131526947,-0.19882792234420776,-0.8127496242523193,-0.06882833689451218,-0.19676072895526886,-0.9172317981719971,-0.09606549888849258,-0.09631776064634323,-0.5374107360839844,-0.006891557015478611,-0.11318672448396683,-0.7498891949653625,-0.030419256538152695,-0.12182363122701645,-0.8795017600059509,-0.05772104114294052,-0.12888385355472565,-0.9916597008705139,-0.07972484827041626,-0.02446124702692032,-0.5250243544578552,-0.02340555377304554,-0.03576891869306564,-0.7200390696525574,-0.04873160272836685,-0.04890528321266174,-0.8420454263687134,-0.0674695149064064,-0.06451356410980225,-0.9517213106155396,-0.08410279452800751,0.05194380506873131,-0.4776502847671509,-0.04738938435912132,0.04695740342140198,-0.6212802529335022,-0.07117319852113724,0.03443213179707527,-0.713606059551239,-0.08189866691827774,0.014667289331555367,-0.8013883829116821,-0.0913214311003685
3,0.0,0.0,0.0,-0.14297714829444885,-0.0570451058447361,-0.05046459659934044,-0.24493372440338135,-0.23143905401229858,-0.06835966557264328,-0.2690165638923645,-0.40805646777153015,-0.0841778814792633,-0.25082895159721375,-0.5478132963180542,-0.09654192626476288,-0.1754215508699417,-0.5075515508651733,-0.0030155908316373825,-0.19431273639202118,-0.6957677602767944,-0.036033324897289276,-0.19802433252334595,-0.8122127652168274,-0.07108329981565475,-0.19440896809101105,-0.9152349829673767,-0.09876062721014023,-0.0967368334531784,-0.537983775138855,-0.008195064961910248,-0.11360236257314682,-0.7507169246673584,-0.031768396496772766,-0.12214209884405136,-0.879789412021637,-0.0594213530421257,-0.12836772203445435,-0.9917266368865967,-0.08166256546974182,-0.023430608212947845,-0.5243480205535889,-0.024871475994586945,-0.03375917673110962,-0.7209813594818115,-0.049960821866989136,-0.04657914116978645,-0.8420438766479492,-0.06799143552780151,-0.062339626252651215,-0.9499775767326355,-0.0840621292591095,0.054236993193626404,-0.4760808050632477,-0.04900399222970009,0.04924895986914635,-0.6202554106712341,-0.07181084901094437,0.03674059733748436,-0.7116804122924805,-0.08106904476881027,0.017078077420592308,-0.7979342341423035,-0.08940227329730988
3,0.0,0.0,0.0,-0.1432323306798935,-0.057968318462371826,-0.05135016888380051,-0.24143272638320923,-0.23120585083961487,-0.06936372816562653,-0.26302751898765564,-0.4085266590118408,-0.08485515415668488,-0.25334930419921875,-0.5518896579742432,-0.0967928096652031,-0.17147138714790344,-0.5010247826576233,-0.005341444164514542,-0.19024236500263214,-0.6896864771842957,-0.038583509624004364,-0.19769755005836487,-0.8080936670303345,-0.07321630418300629,-0.1995808184146881,-0.9128735065460205,-0.10067600756883621,-0.09493383020162582,-0.5352648496627808,-0.010376505553722382,-0.1117648333311081,-0.7497623562812805,-0.034245479851961136,-0.12219027429819107,-0.8793207406997681,-0.06090041249990463,-0.13184097409248352,-0.9912708401679993,-0.08233246207237244,-0.023347171023488045,-0.5226874947547913,-0.02681451290845871,-0.0360921286046505,-0.7216848134994507,-0.05174995958805084,-0.04825045168399811,-0.8432623147964478,-0.06793246418237686,-0.06277990341186523,-0.952131450176239,-0.08269518613815308,0.053736865520477295,-0.4733559787273407,-0.05085841566324234,0.048298247158527374,-0.6197978258132935,-0.07327748835086823,0.037009481340646744,-0.7133941054344177,-0.0813852995634079,0.01871591992676258,-0.8010495901107788,-0.08880575001239777
3,0.0,0.0,0.0,-0.14927078783512115,-0.050750624388456345,-0.05663745477795601,-0.2545882761478424,-0.21892793476581573,-0.07652981579303741,-0.28425270318984985,-0.3965512216091156,-0.09349112212657928,-0.2741226553916931,-0.5421432852745056,-0.1061946302652359,-0.19120889902114868,-0.49218058586120605,-0.002208399586379528,-0.21431590616703033,-0.6802664399147034,-0.035045914351940155,-0.22320105135440826,-0.7977123260498047,-0.07044339179992676,-0.22563962638378143,-0.9045268297195435,-0.09919761121273041,-0.11433475464582443,-0.5299721360206604,-0.00518347043544054,-0.1364404708147049,-0.7417125105857849,-0.029815874993801117,-0.150560662150383,-0.87034672498703,-0.058977048844099045,-0.16303768754005432,-0.9866198301315308,-0.0824851542711258,-0.04198715090751648,-0.5203850269317627,-0.020502567291259766,-0.05936643108725548,-0.7176463603973389,-0.04703790694475174,-0.0765661969780922,-0.8373991250991821,-0.06543215364217758,-0.0950021892786026,-0.9472159743309021,-0.08172812312841415,0.037814173847436905,-0.47500431537628174,-0.043891988694667816,0.028105974197387695,-0.6195199489593506,-0.06774333864450455,0.013693506829440594,-0.71222984790802,-0.0774204432964325,-0.006672332528978586,-0.800658106803894,-0.08605142682790756
3,0.0,0.0,0.0,-0.1482546031475067,-0.04796459525823593,-0.05314084142446518,-0.25364670157432556,-0.2094152867794037,-0.07276361435651779,-0.2844443619251251,-0.3808233439922333,-0.08996354043483734,-0.2792101204395294,-0.5213163495063782,-0.10380499064922333,-0.196262925863266,-0.4871100187301636,-0.006426864769309759,-0.22148281335830688,-0.6751929521560669,-0.041780777275562286,-0.23154067993164062,-0.7929337024688721,-0.07881991565227509,-0.23554617166519165,-0.8999404907226562,-0.10822901129722595,-0.1206275150179863,-0.5266068577766418,-0.011387152597308159,-0.145110085606575,-0.7412319779396057,-0.03758782148361206,-0.16074633598327637,-0.869488537311554,-0.06692968308925629,-0.1759571135044098,-0.9843978881835938,-0.09043513983488083,-0.04871782287955284,-0.5193356275558472,-0.027876250445842743,-0.06901877373456955,-0.7171132564544678,-0.05506414920091629,-0.08716189116239548,-0.836586058139801,-0.07227948307991028,-0.10753750056028366,-0.944560706615448,-0.08769519627094269,0.03189348801970482,-0.47604554891586304,-0.05210766941308975,0.020400363951921463,-0.6217539310455322,-0.07571183890104294,0.005737454164773226,-0.7138006091117859,-0.08372792601585388,-0.01581532694399357,-0.8004072308540344,-0.09119676798582077
3,0.0,0.0,0.0,-0.14854562282562256,-0.04240173473954201,-0.05424174293875694,-0.2526840567588806,-0.2053019255399704,-0.07417387515306473,-0.2809494435787201,-0.3778582811355591,-0.0915711522102356,-0.2823764979839325,-0.5184080600738525,-0.10610724985599518,-0.19652852416038513,-0.4872492551803589,-0.009068424813449383,-0.22414200007915497,-0.6715942025184631,-0.04521463066339493,-0.23541510105133057,-0.7894170880317688,-0.08317390829324722,-0.24050548672676086,-0.8972730040550232,-0.11337728053331375,-0.1213807761669159,-0.5285271406173706,-0.014474532566964626,-0.14783962070941925,-0.740813672542572,-0.04102655127644539,-0.1657181978225708,-0.8689342141151428,-0.07133333384990692,-0.18249253928661346,-0.9832072257995605,-0.09587931632995605,-0.04979817941784859,-0.5220688581466675,-0.031379472464323044,-0.07135064154863358,-0.7187100052833557,-0.058853019028902054,-0.09155699610710144,-0.8379668593406677,-0.07757474482059479,-0.11324451863765717,-0.9451652765274048,-0.0943986177444458,0.030009599402546883,-0.47905075550079346,-0.05617732182145119,0.017542416229844093,-0.624727725982666,-0.08083456009626389,0.000807791599072516,-0.7171249985694885,-0.09051597118377686,-0.02311522699892521,-0.8023231029510498,-0.0993737056851387
3,0.0,0.0,0.0,-0.14770054817199707,-0.04680568724870682,-0.05360858142375946,-0.2510550022125244,-0.20164161920547485,-0.07425516098737717,-0.2786375880241394,-0.3733550012111664,-0.09218280762434006,-0.2824152112007141,-0.5139155387878418,-0.10705007612705231,-0.1968965083360672,-0.4853043556213379,-0.009729811921715736,-0.22509296238422394,-0.6714729070663452,-0.04525745287537575,-0.23678798973560333,-0.7890730500221252,-0.08289507776498795,-0.24263808131217957,-0.8982035517692566,-0.1131843626499176,-0.12057169526815414,-0.5273619890213013,-0.01538391038775444,-0.14855900406837463,-0.7416439652442932,-0.04103042557835579,-0.16617047786712646,-0.8683419227600098,-0.07106421142816544,-0.18410931527614594,-0.9829058051109314,-0.0959569439291954,-0.048467498272657394,-0.5207083821296692,-0.0323057621717453,-0.07081502676010132,-0.7196946740150452,-0.05877711623907089,-0.0911727249622345,-0.8387396335601807,-0.07677926868200302,-0.11390543729066849,-0.9462714791297913,-0.09354928135871887,0.033341631293296814,-0.4775683581829071,-0.05701613798737526,0.018766898661851883,-0.6246445178985596,-0.08038400113582611,0.001881436794064939,-0.7169950604438782,-0.08904276043176651,-0.022387493401765823,-0.8031099438667297,-0.09746672958135605
3,0.0,0.0,0.0,-0.14610257744789124,-0.04481101781129837,-0.05088116601109505,-0.25218114256858826,-0.20709176361560822,-0.07050006091594696,-0.28129175305366516,-0.376083642244339,-0.08831991255283356,-0.278128057718277,-0.5113197565078735,-0.10347184538841248,-0.19487415254116058,-0.4856851100921631,-0.010012836195528507,-0.22335734963417053,-0.672517716884613,-0.0467083640396595,-0.2347729504108429,-0.7911683917045593,-0.08423390239477158,-0.23886850476264954,-0.8986793756484985,-0.11409729719161987,-0.11987537145614624,-0.5249988436698914,-0.01715720258653164,-0.1488642394542694,-0.7380492091178894,-0.04538549482822418,-0.16670942306518555,-0.8678947687149048,-0.07617413252592087,-0.18329142034053802,-0.9830586314201355,-0.10072815418243408,-0.04776578024029732,-0.5173303484916687,-0.035301025956869125,-0.07252692431211472,-0.715092658996582,-0.0641387477517128,-0.09352628141641617,-0.8371616005897522,-0.08408694714307785,-0.11638897657394409,-0.9457935690879822,-0.10149499773979187,0.0327388197183609,-0.4736146628856659,-0.06084299832582474,0.018301859498023987,-0.6197402477264404,-0.08684458583593369,-0.00033813522895798087,-0.7137777209281921,-0.0979132354259491,-0.026502732187509537,-0.8002768754959106,-0.1076323613524437
3,0.0,0.0,0.0,-0.1419566124677658,-0.047402091324329376,-0.05070493370294571,-0.24426761269569397,-0.2091585397720337,-0.07028566300868988,-0.27210327982902527,-0.3783494234085083,-0.08792167156934738,-0.26790130138397217,-0.5147330164909363,-0.102656289935112,-0.18793129920959473,-0.49068841338157654,-0.009505094960331917,-0.21378667652606964,-0.6783587336540222,-0.045762017369270325,-0.22424469888210297,-0.797530472278595,-0.08243551105260849,-0.22746580839157104,-0.9036297798156738,-0.11131510883569717,-0.11289572715759277,-0.529509961605072,-0.01607859507203102,-0.13879097998142242,-0.744338870048523,-0.043782107532024384,-0.15467604994773865,-0.8736295700073242,-0.07270876318216324,-0.1689859926700592,-0.9856184720993042,-0.09544079750776291,-0.04087096080183983,-0.5215117931365967,-0.03371147811412811,-0.06330239772796631,-0.7214078903198242,-0.0621660090982914,-0.08296598494052887,-0.8422637581825256,-0.08019779622554779,-0.104620561003685,-0.9495047330856323,-0.09584187716245651,0.03876810520887375,-0.4769057333469391,-0.05877276137471199,0.026897776871919632,-0.6238925457000732,-0.0843287855386734,0.009148539043962955,-0.7173342704772949,-0.09422553330659866,-0.01643717847764492,-0.8031416535377502,-0.10267673432826996
3,0.0,0.0,0.0,-0.1437567174434662,-0.04975643754005432,-0.051857732236385345,-0.24534685909748077,-0.21380935609340668,-0.07159211486577988,-0.2703465223312378,-0.3857917785644531,-0.08913441002368927,-0.26287606358528137,-0.5214040279388428,-0.10414325445890427,-0.18252617120742798,-0.494316965341568,-0.010699806734919548,-0.20620468258857727,-0.6806951761245728,-0.0462658628821373,-0.21660850942134857,-0.7983918786048889,-0.08339515328407288,-0.22096292674541473,-0.904681384563446,-0.11335711926221848,-0.1063508689403534,-0.5312390327453613,-0.017319075763225555,-0.1309804916381836,-0.7443557977676392,-0.04463827610015869,-0.14811664819717407,-0.8726776838302612,-0.07564231753349304,-0.16541588306427002,-0.9862238764762878,-0.10063150525093079,-0.03432263806462288,-0.521393895149231,-0.03484673798084259,-0.05394044518470764,-0.719953715801239,-0.06336375325918198,-0.0727892518043518,-0.8407573699951172,-0.08383563905954361,-0.09539605677127838,-0.9487634301185608,-0.10183407366275787,0.04459274560213089,-0.475227415561676,-0.0597471222281456,0.033090561628341675,-0.6201590895652771,-0.08571647852659225,0.016221722587943077,-0.7130874991416931,-0.09694425761699677,-0.008925293572247028,-0.7995001077651978,-0.1068955734372139
3,0.0,0.0,0.0,-0.14382131397724152,-0.049235787242650986,-0.05417097732424736,-0.2463926076889038,-0.2110690325498581,-0.07630994915962219,-0.2714588940143585,-0.3824215531349182,-0.09587588161230087,-0.2622002959251404,-0.5203566551208496,-0.11248539388179779,-0.18376092612743378,-0.49120429158210754,-0.014374494552612305,-0.20675113797187805,-0.6804877519607544,-0.0516618974506855,-0.21475225687026978,-0.7992897629737854,-0.08935613930225372,-0.21553032100200653,-0.9059216976165771,-0.11893133819103241,-0.10566350817680359,-0.5281745195388794,-0.019695250317454338,-0.12897227704524994,-0.7440251111984253,-0.04724742844700813,-0.14320603013038635,-0.873588502407074,-0.07763189822435379,-0.15609422326087952,-0.9877421855926514,-0.10205134004354477,-0.03254822641611099,-0.5191929340362549,-0.0361180305480957,-0.05053121969103813,-0.7189233303070068,-0.0638752356171608,-0.0673825815320015,-0.8408753275871277,-0.08333788067102432,-0.0871250331401825,-0.9491655826568604,-0.10056193172931671,0.04634495824575424,-0.4739997982978821,-0.06017276272177696,0.035248253494501114,-0.6209316253662109,-0.08467327058315277,0.018759246915578842,-0.7142788171768188,-0.0948076918721199,-0.005830098409205675,-0.7998208403587341,-0.10391148924827576
3,0.0,0.0,0.0,-0.14293178915977478,-0.051708050072193146,-0.05750511586666107,-0.2433646321296692,-0.21447940170764923,-0.08115199208259583,-0.26910507678985596,-0.3851490020751953,-0.1014854907989502,-0.2580419182777405,-0.5251686573028564,-0.1185634508728981,-0.17932964861392975,-0.4925946593284607,-0.01722489297389984,-0.2001272439956665,-0.6831408143043518,-0.05571693927049637,-0.2060612589120865,-0.803009033203125,-0.0938592180609703,-0.2043919861316681,-0.9095597863197327,-0.12334006279706955,-0.10156937688589096,-0.5289692878723145,-0.020810995250940323,-0.1214347556233406,-0.7451387643814087,-0.049190908670425415,-0.13316050171852112,-0.8761036992073059,-0.07932017743587494,-0.14322930574417114,-0.9896895289421082,-0.10311107337474823,-0.029179411008954048,-0.5192562341690063,-0.03588999807834625,-0.04553893208503723,-0.7198065519332886,-0.06447722017765045,-0.06096545606851578,-0.8427400588989258,-0.08386129140853882,-0.07821611315011978,-0.9511195421218872,-0.10056178271770477,0.04972405731678009,-0.47346317768096924,-0.05886176973581314,0.040288809686899185,-0.6217576861381531,-0.08415438234806061,0.02556864358484745,-0.7162261009216309,-0.09468968957662582,0.0034602752421051264,-0.8028045892715454,-0.10371510684490204
3,0.0,0.0,0.0,-0.13897332549095154,-0.051378268748521805,-0.0558721162378788,-0.23855853080749512,-0.214814230799675,-0.07871763408184052,-0.2621110677719116,-0.3831825256347656,-0.09843920916318893,-0.2572311460971832,-0.519367516040802,-0.11537735164165497,-0.17624607682228088,-0.49457743763923645,-0.01934095099568367,-0.19399619102478027,-0.6823621988296509,-0.057456858456134796,-0.19986829161643982,-0.8016437292098999,-0.09576404839754105,-0.1998785138130188,-0.909037709236145,-0.12604209780693054,-0.09807004034519196,-0.5297752022743225,-0.024703335016965866,-0.1159987524151802,-0.7444323301315308,-0.05287693068385124,-0.12892085313796997,-0.8746593594551086,-0.08422242850065231,-0.1422698199748993,-0.9898279309272766,-0.10960732400417328,-0.02546592615544796,-0.5183829665184021,-0.04099379479885101,-0.039114031940698624,-0.7176922559738159,-0.06933937966823578,-0.05427628383040428,-0.8392718434333801,-0.08988737314939499,-0.07376132160425186,-0.9483972787857056,-0.10822237282991409,0.05229974165558815,-0.4690832495689392,-0.06495703756809235,0.044988423585891724,-0.6141286492347717,-0.09062831848859787,0.031203145161271095,-0.7078992128372192,-0.10210394859313965,0.008562874048948288,-0.7951368689537048,-0.11236648261547089
3,0.0,0.0,0.0,-0.14172925055027008,-0.0526132769882679,-0.05698421597480774,-0.24147756397724152,-0.21199895441532135,-0.08179020881652832,-0.2641895115375519,-0.38176682591438293,-0.10337463021278381,-0.25374382734298706,-0.5234392881393433,-0.12132775038480759,-0.17327256500720978,-0.4921739995479584,-0.017378846183419228,-0.1951352208852768,-0.6827085018157959,-0.05507279187440872,-0.20273183286190033,-0.8015478849411011,-0.09320732206106186,-0.20365920662879944,-0.9094212055206299,-0.12301969528198242,-0.09632338583469391,-0.5266746878623962,-0.021202048286795616,-0.1163538247346878,-0.7432982921600342,-0.04786472022533417,-0.12813861668109894,-0.8744289875030518,-0.07776442170143127,-0.1386501044034958,-0.9903414249420166,-0.10236950218677521,-0.024816099554300308,-0.5155273079872131,-0.03628897666931152,-0.0392671599984169,-0.715843677520752,-0.062313999980688095,-0.05346858128905296,-0.8363303542137146,-0.08049389719963074,-0.07075465470552444,-0.9433286786079407,-0.09740747511386871,0.05304470658302307,-0.46835073828697205,-0.05936984717845917,0.04520436003804207,-0.6148095726966858,-0.08207181096076965,0.03174161538481712,-0.708797812461853,-0.09148811548948288,0.009996594861149788,-0.7951627373695374,-0.10044736415147781
3,0.0,0.0,0.0,-0.1442212462425232,-0.05165264010429382,-0.0567486435174942,-0.24287530779838562,-0.2139088362455368,-0.0798913985490799,-0.26558277010917664,-0.3838559687137604,-0.10003170371055603,-0.2516361474990845,-0.5211257338523865,-0.11692576110363007,-0.17374484241008759,-0.49329355359077454,-0.013767179101705551,-0.19225244224071503,-0.682257890701294,-0.05045810714364052,-0.19851210713386536,-0.8011740446090698,-0.08820977807044983,-0.19793997704982758,-0.9081097841262817,-0.11817345023155212,-0.09573408216238022,-0.5284384489059448,-0.01791497692465782,-0.11353879421949387,-0.7433291673660278,-0.04542339965701103,-0.12485399842262268,-0.8744445443153381,-0.07641790062189102,-0.13551990687847137,-0.9907745718955994,-0.10159239172935486,-0.02397540770471096,-0.5174091458320618,-0.033594001084566116,-0.037730760872364044,-0.715428352355957,-0.06168857216835022,-0.05252063646912575,-0.838110625743866,-0.08241197466850281,-0.07081376016139984,-0.9478415846824646,-0.10070294886827469,0.05319800600409508,-0.4701756238937378,-0.05711626261472702,0.04508711397647858,-0.6160935759544373,-0.08235159516334534,0.030436329543590546,-0.7105616331100464,-0.0938805416226387,0.0073931412771344185,-0.798469066619873,-0.10423100739717484
3,0.0,0.0,0.0,-0.14171580970287323,-0.053200613707304,-0.057407330721616745,-0.24640333652496338,-0.21097546815872192,-0.08403915166854858,-0.273971289396286,-0.3833294212818146,-0.10720662772655487,-0.2592279613018036,-0.5327326655387878,-0.1261451691389084,-0.1784389764070511,-0.4871305227279663,-0.018000246956944466,-0.20586688816547394,-0.6803575158119202,-0.055587656795978546,-0.21636034548282623,-0.7980290055274963,-0.09223181009292603,-0.21907636523246765,-0.9049346446990967,-0.12093929201364517,-0.10192806273698807,-0.522489070892334,-0.021603114902973175,-0.1257152408361435,-0.7414637804031372,-0.04865986853837967,-0.13864882290363312,-0.8735153079032898,-0.07712757587432861,-0.14936338365077972,-0.9887823462486267,-0.10020063817501068,-0.029613768681883812,-0.5117090940475464,-0.03657263517379761,-0.04819232597947121,-0.7144356966018677,-0.06290091574192047,-0.06334221363067627,-0.8354275822639465,-0.07951025664806366,-0.08017139136791229,-0.9433732628822327,-0.09499769657850266,0.0488525927066803,-0.4654126763343811,-0.05946243554353714,0.03862433508038521,-0.612955629825592,-0.08230607956647873,0.02553146332502365,-0.7068966031074524,-0.09124681353569031,0.005877180956304073,-0.7944230437278748,-0.09952602535486221
3,0.0,0.0,0.0,-0.14603108167648315,-0.04925837740302086,-0.055586352944374084,-0.24781681597232819,-0.21083664894104004,-0.07821990549564362,-0.27164512872695923,-0.383664071559906,-0.09769909828901291,-0.2685289680957794,-0.5274441242218018,-0.11414561420679092,-0.18165531754493713,-0.48587244749069214,-0.017438288778066635,-0.20752732455730438,-0.6774474382400513,-0.055077534168958664,-0.21665221452713013,-0.7971524596214294,-0.09264553338289261,-0.21816112101078033,-0.9046617746353149,-0.12218809872865677,-0.104878731071949,-0.5221452116966248,-0.0226051677018404,-0.12961594760417938,-0.7400732040405273,-0.050212591886520386,-0.1442330777645111,-0.8717917799949646,-0.08115027844905853,-0.15678536891937256,-0.9876326322555542,-0.10640775412321091,-0.033619705587625504,-0.5110970139503479,-0.03888903558254242,-0.05166487768292427,-0.7132837176322937,-0.06665065884590149,-0.06865733116865158,-0.8373947739601135,-0.08697549253702164,-0.08752120286226273,-0.9481223225593567,-0.10546641051769257,0.044524531811475754,-0.4638567268848419,-0.0628129169344902,0.03343787044286728,-0.6114633679389954,-0.08801301568746567,0.01832740195095539,-0.7077418565750122,-0.09925811737775803,-0.004136931151151657,-0.7975916862487793,-0.10957374423742294
3,0.0,0.0,0.0,-0.14493687450885773,-0.04763977974653244,-0.05485512316226959,-0.24906064569950104,-0.20700447261333466,-0.0779644325375557,-0.275779128074646,-0.3786802291870117,-0.09810508787631989,-0.269623339176178,-0.521487295627594,-0.11515558511018753,-0.18397335708141327,-0.48490554094314575,-0.018247362226247787,-0.2120209038257599,-0.6771783828735352,-0.056848980486392975,-0.22050239145755768,-0.7962576150894165,-0.09473247826099396,-0.21976643800735474,-0.9025598168373108,-0.1241690069437027,-0.10781203210353851,-0.523004949092865,-0.023532185703516006,-0.13454526662826538,-0.7419863343238831,-0.05205259099602699,-0.14833340048789978,-0.8727465867996216,-0.08258301019668579,-0.15904612839221954,-0.9872711300849915,-0.10709468275308609,-0.036466531455516815,-0.5147632956504822,-0.039787232875823975,-0.056681904941797256,-0.7181652188301086,-0.06804526597261429,-0.07377246767282486,-0.8427521586418152,-0.08760860562324524,-0.09201831370592117,-0.9541541934013367,-0.10523039102554321,0.04195580258965492,-0.47012436389923096,-0.0636129379272461,0.02955411560833454,-0.6186416745185852,-0.08874770253896713,0.013852681964635849,-0.7143917083740234,-0.09915757924318314,-0.008772718720138073,-0.8036587238311768,-0.10860578715801239
3,0.0,0.0,0.0,-0.14422236382961273,-0.04859837889671326,-0.055528633296489716,-0.24938881397247314,-0.20448313653469086,-0.07942201942205429,-0.27648475766181946,-0.374689519405365,-0.10018939524888992,-0.2697688043117523,-0.517419695854187,-0.11783325672149658,-0.1859397441148758,-0.484224796295166,-0.019351109862327576,-0.21424637734889984,-0.676192045211792,-0.05856602266430855,-0.22317422926425934,-0.7959422469139099,-0.09690053761005402,-0.2228003442287445,-0.9027179479598999,-0.12635941803455353,-0.10902303457260132,-0.521572470664978,-0.02430402860045433,-0.1358708292245865,-0.7409830689430237,-0.053183332085609436,-0.149262934923172,-0.8725284337997437,-0.0838296115398407,-0.15961945056915283,-0.9871786236763,-0.10816363245248795,-0.03673305734992027,-0.5132051706314087,-0.04028637707233429,-0.05815213546156883,-0.7163065671920776,-0.06893191486597061,-0.0749322772026062,-0.8417347073554993,-0.08873306959867477,-0.09265094995498657,-0.9530187845230103,-0.10610289126634598,0.043352432548999786,-0.4693466126918793,-0.06384845823049545,0.029878763481974602,-0.6185914874076843,-0.08907485753297806,0.013745451346039772,-0.7143166065216064,-0.09925614297389984,-0.009112685918807983,-0.8029308319091797,-0.108273945748806
3,0.0,0.0,0.0,-0.14062289893627167,-0.04726330563426018,-0.05710733309388161,-0.2435080111026764,-0.21126776933670044,-0.08073890954256058,-0.2709178328514099,-0.38401201367378235,-0.10109647363424301,-0.25528159737586975,-0.523352324962616,-0.11832065880298615,-0.1814638376235962,-0.48813098669052124,-0.01793227717280388,-0.2048509269952774,-0.6789982914924622,-0.05665629357099533,-0.21322835981845856,-0.7977907657623291,-0.09442886710166931,-0.2127142697572708,-0.9026808142662048,-0.12375753372907639,-0.1040990948677063,-0.5253089666366577,-0.021665509790182114,-0.12728184461593628,-0.7430038452148438,-0.05128635838627815,-0.14092092216014862,-0.8741811513900757,-0.081629179418087,-0.15226393938064575,-0.9883398413658142,-0.10549186915159225,-0.031355567276477814,-0.5165378451347351,-0.036755796521902084,-0.05094205215573311,-0.7187627553939819,-0.06673876196146011,-0.067925825715065,-0.8435271382331848,-0.08652123808860779,-0.0862867459654808,-0.9544548392295837,-0.10352389514446259,0.04790439456701279,-0.4717782139778137,-0.059518344700336456,0.036323703825473785,-0.6185644268989563,-0.08608938753604889,0.020484553650021553,-0.7131902575492859,-0.09712622314691544,-0.0028542845975607634,-0.8006651401519775,-0.10665911436080933
3,0.0,0.0,0.0,-0.14151431620121002,-0.04919854924082756,-0.05621790140867233,-0.24614940583705902,-0.20809194445610046,-0.08005066961050034,-0.2764785885810852,-0.3787953555583954,-0.10082345455884933,-0.26826924085617065,-0.5219742059707642,-0.11832773685455322,-0.1811160445213318,-0.48547428846359253,-0.016700709238648415,-0.20374608039855957,-0.67625892162323,-0.05549752339720726,-0.2128417193889618,-0.796157717704773,-0.09406572580337524,-0.21449097990989685,-0.9045384526252747,-0.12446286529302597,-0.10365861654281616,-0.5236579179763794,-0.021603498607873917,-0.12679331004619598,-0.7393999099731445,-0.050890710204839706,-0.14154137670993805,-0.8706902265548706,-0.0827375054359436,-0.15565606951713562,-0.9878113269805908,-0.10850497335195541,-0.031428057700395584,-0.5151578187942505,-0.037732306867837906,-0.049050770699977875,-0.7142158150672913,-0.06708640605211258,-0.0654381737112999,-0.8378844261169434,-0.08765755593776703,-0.08500365167856216,-0.948456883430481,-0.10590071231126785,0.04750959947705269,-0.47023895382881165,-0.061543431133031845,0.03575511276721954,-0.6159051656723022,-0.08786418288946152,0.019438181072473526,-0.7099498510360718,-0.09944193810224533,-0.005095062777400017,-0.7975110411643982,-0.1097245141863823
3,0.0,0.0,0.0,-0.14163029193878174,-0.045626699924468994,-0.057662222534418106,-0.24739845097064972,-0.2037709802389145,-0.08226490765810013,-0.2749463617801666,-0.37672895193099976,-0.103274866938591,-0.2665967345237732,-0.5206107497215271,-0.12109024077653885,-0.184197798371315,-0.48729825019836426,-0.021143049001693726,-0.20802640914916992,-0.6775944828987122,-0.060634125024080276,-0.2158903032541275,-0.7970687747001648,-0.09954375773668289,-0.21628443896770477,-0.9052683711051941,-0.13008952140808105,-0.10642879456281662,-0.5242704153060913,-0.02551514469087124,-0.13032858073711395,-0.7402014136314392,-0.054774209856987,-0.1438194215297699,-0.8712118268013,-0.086203932762146,-0.1561022847890854,-0.9877409338951111,-0.11169937998056412,-0.0339207723736763,-0.5149738788604736,-0.04110400006175041,-0.050700753927230835,-0.7152988314628601,-0.07082874327898026,-0.06584954261779785,-0.8391034603118896,-0.09178876876831055,-0.08475665003061295,-0.9510487914085388,-0.11022232472896576,0.04488544538617134,-0.4694555699825287,-0.06439129263162613,0.03334926441311836,-0.6167176365852356,-0.09156352281570435,0.018094807863235474,-0.7113399505615234,-0.103694848716259,-0.005751749034970999,-0.7997938394546509,-0.11424046754837036
3,0.0,0.0,0.0,-0.14033961296081543,-0.04930223897099495,-0.05951572209596634,-0.2441820651292801,-0.2070322334766388,-0.0851704552769661,-0.27308180928230286,-0.3777092397212982,-0.10668805241584778,-0.26348552107810974,-0.521609365940094,-0.12460391223430634,-0.18386951088905334,-0.48627111315727234,-0.02289261668920517,-0.20577313005924225,-0.6793656349182129,-0.06196058914065361,-0.21353688836097717,-0.798990786075592,-0.09983477741479874,-0.21416246891021729,-0.905320942401886,-0.1290411651134491,-0.10512737929821014,-0.5230559706687927,-0.025713548064231873,-0.12793081998825073,-0.7432425618171692,-0.054114777594804764,-0.14188800752162933,-0.8747150301933289,-0.08371951431035995,-0.15465866029262543,-0.9879679679870605,-0.1071869283914566,-0.031819503754377365,-0.51329505443573,-0.0397547148168087,-0.050747863948345184,-0.7172818779945374,-0.0681350976228714,-0.06692049652338028,-0.841742753982544,-0.08688624203205109,-0.08536946773529053,-0.9513768553733826,-0.10320966690778732,0.04743143543601036,-0.4667002856731415,-0.061665263026952744,0.03482301905751228,-0.6163719296455383,-0.08700114488601685,0.01877087540924549,-0.7112378478050232,-0.096959188580513,-0.0047937799245119095,-0.7977075576782227,-0.10542362183332443
3,0.0,0.0,0.0,-0.1419089436531067,-0.046736836433410645,-0.05806587636470795,-0.2448815405368805,-0.20362639427185059,-0.0827082023024559,-0.2712689936161041,-0.3745480477809906,-0.10382317751646042,-0.2663799524307251,-0.5175279974937439,-0.12165717035531998,-0.18380679190158844,-0.48751136660575867,-0.01976902410387993,-0.20561152696609497,-0.6789849996566772,-0.05819559469819069,-0.21261833608150482,-0.7983397245407104,-0.09632758796215057,-0.21254457533359528,-0.9058958888053894,-0.12621399760246277,-0.10527894645929337,-0.5237424373626709,-0.023859836161136627,-0.12761002779006958,-0.7424032688140869,-0.052069079130887985,-0.14080291986465454,-0.8732327818870544,-0.0828973799943924,-0.1533767133951187,-0.9881677627563477,-0.10777957737445831,-0.032388146966695786,-0.5136586427688599,-0.039235010743141174,-0.049623921513557434,-0.7158021330833435,-0.06807614862918854,-0.06549786776304245,-0.8382859230041504,-0.08815910667181015,-0.08477047830820084,-0.94879150390625,-0.10584452748298645,0.04664729908108711,-0.46704980731010437,-0.06237863376736641,0.036184221506118774,-0.6156222224235535,-0.08860891312360764,0.021627459675073624,-0.7107850909233093,-0.09998995065689087,-0.0012660007923841476,-0.7995977997779846,-0.10990497469902039
3,0.0,0.0,0.0,-0.14091037213802338,-0.049058884382247925,-0.05743671953678131,-0.24475999176502228,-0.20680946111679077,-0.08224723488092422,-0.2729359269142151,-0.3785855174064636,-0.10364782065153122,-0.264196515083313,-0.5211897492408752,-0.12196572124958038,-0.1825881451368332,-0.48662707209587097,-0.020851004868745804,-0.203452467918396,-0.6778259873390198,-0.05984986200928688,-0.21243776381015778,-0.7972970008850098,-0.09825928509235382,-0.21482327580451965,-0.9052406549453735,-0.12851184606552124,-0.10484626889228821,-0.5230076909065247,-0.02557591162621975,-0.12752994894981384,-0.74095219373703,-0.05497227981686592,-0.14206941425800323,-0.8721551299095154,-0.0863475501537323,-0.15578541159629822,-0.9877909421920776,-0.11142362654209137,-0.03137722238898277,-0.5132094621658325,-0.041283413767814636,-0.04930824041366577,-0.7172684073448181,-0.0711975023150444,-0.06506069749593735,-0.8416639566421509,-0.09115510433912277,-0.08432328701019287,-0.9540188908576965,-0.10858339816331863,0.0485360212624073,-0.466308057308197,-0.06458235532045364,0.037924326956272125,-0.6152296662330627,-0.09152591228485107,0.023561887443065643,-0.7115377187728882,-0.10237321257591248,0.0013379917945712805,-0.8014361262321472,-0.11171654611825943
3,0.0,0.0,0.0,-0.13836343586444855,-0.05032260715961456,-0.05751572921872139,-0.2427520602941513,-0.2054285705089569,-0.08279891312122345,-0.2710486054420471,-0.374498188495636,-0.10439224541187286,-0.26368504762649536,-0.5151481628417969,-0.12244215607643127,-0.18381470441818237,-0.48930245637893677,-0.02149774320423603,-0.2043270617723465,-0.6791617274284363,-0.06033419817686081,-0.211870938539505,-0.7984719276428223,-0.09886346757411957,-0.21264952421188354,-0.905656099319458,-0.12890475988388062,-0.10570776462554932,-0.5258341431617737,-0.02558482065796852,-0.1282694935798645,-0.742277204990387,-0.05380161106586456,-0.14191074669361115,-0.8729848861694336,-0.08398988842964172,-0.1548670381307602,-0.9879353046417236,-0.10828202962875366,-0.03234493359923363,-0.5167356729507446,-0.040652353316545486,-0.04992709308862686,-0.7180763483047485,-0.06863855570554733,-0.06579124927520752,-0.8411417603492737,-0.0874205082654953,-0.08562657982110977,-0.9507745504379272,-0.10419909656047821,0.04773073270916939,-0.4703814685344696,-0.06347274780273438,0.036313027143478394,-0.6174954771995544,-0.08837803453207016,0.02086515538394451,-0.7119085192680359,-0.09805521368980408,-0.0030774164479225874,-0.7981147170066833,-0.10659586638212204
3,0.0,0.0,0.0,-0.13811710476875305,-0.051296982914209366,-0.05708789452910423,-0.24228712916374207,-0.20627248287200928,-0.08232498914003372,-0.27069345116615295,-0.3752889037132263,-0.10392056405544281,-0.2627762258052826,-0.5155150890350342,-0.12191120535135269,-0.1830124855041504,-0.4898398816585541,-0.02132919430732727,-0.20287615060806274,-0.679847240447998,-0.060184672474861145,-0.21010194718837738,-0.799169659614563,-0.0985945463180542,-0.210771843791008,-0.906156599521637,-0.12845765054225922,-0.10497298091650009,-0.5260104537010193,-0.025467345491051674,-0.12684042751789093,-0.7429187893867493,-0.05374334007501602,-0.14019286632537842,-0.8734760284423828,-0.08355595916509628,-0.15318289399147034,-0.9881978631019592,-0.10746142268180847,-0.03183595836162567,-0.5167020559310913,-0.04053720459342003,-0.04925745725631714,-0.7177963852882385,-0.06826718151569366,-0.06509584933519363,-0.8406273722648621,-0.08635009825229645,-0.08486703783273697,-0.9496585130691528,-0.10255495458841324,0.04802178218960762,-0.47018706798553467,-0.06336979568004608,0.03660295903682709,-0.6173911094665527,-0.08759205043315887,0.021197549998760223,-0.7115074396133423,-0.09656967222690582,-0.002590576885268092,-0.7970051169395447,-0.10459663718938828
3,0.0,0.0,0.0,-0.1396172195672989,-0.05213628709316254,-0.05548357591032982,-0.24467486143112183,-0.20532728731632233,-0.08134838193655014,-0.27395254373550415,-0.3740036189556122,-0.10427132248878479,-0.26594579219818115,-0.5152674913406372,-0.12373258918523788,-0.18625137209892273,-0.49021002650260925,-0.020882409065961838,-0.209883913397789,-0.6828610301017761,-0.05993951857089996,-0.21908819675445557,-0.8011810183525085,-0.09833420813083649,-0.22184522449970245,-0.9081048369407654,-0.12807701528072357,-0.10970775783061981,-0.5252342224121094,-0.026046767830848694,-0.13314636051654816,-0.7427923083305359,-0.0543498657643795,-0.14793948829174042,-0.8730436563491821,-0.08419536054134369,-0.16185982525348663,-0.9868137240409851,-0.1081804409623146,-0.03688399866223335,-0.5158447027206421,-0.042035624384880066,-0.05482213571667671,-0.718383252620697,-0.06912117451429367,-0.07081549614667892,-0.8388123512268066,-0.08682750910520554,-0.09037122130393982,-0.9453510642051697,-0.10286299884319305,0.041827693581581116,-0.4696248173713684,-0.06577637046575546,0.030021049082279205,-0.6180636286735535,-0.08954714983701706,0.015173284336924553,-0.7122774124145508,-0.0986640527844429,-0.007222454063594341,-0.7978646755218506,-0.1067562997341156
3,0.0,0.0,0.0,-0.1424374282360077,-0.05136296525597572,-0.05464036017656326,-0.2453082948923111,-0.20689547061920166,-0.07943902909755707,-0.2719503939151764,-0.3778359889984131,-0.10133688151836395,-0.263191819190979,-0.5191712975502014,-0.12003257125616074,-0.1787799447774887,-0.48508238792419434,-0.020909743383526802,-0.20104089379310608,-0.6785906553268433,-0.06062765046954155,-0.21082325279712677,-0.7983423471450806,-0.0983441025018692,-0.21307061612606049,-0.904902994632721,-0.12730291485786438,-0.10260797291994095,-0.5216183662414551,-0.02611404098570347,-0.1254870891571045,-0.7422097325325012,-0.055889930576086044,-0.13960325717926025,-0.8738762736320496,-0.08549211174249649,-0.1520775705575943,-0.988368570804596,-0.10876516997814178,-0.03069223463535309,-0.51317298412323,-0.0420227088034153,-0.05017940327525139,-0.7163816690444946,-0.07078604400157928,-0.06817701458930969,-0.8408265709877014,-0.08912304043769836,-0.08870824426412582,-0.9505665898323059,-0.10518016666173935,0.04832320660352707,-0.46826833486557007,-0.06542588770389557,0.03686480224132538,-0.6162190437316895,-0.09031473845243454,0.019624223932623863,-0.7118123173713684,-0.0999370813369751,-0.005456830374896526,-0.7978472113609314,-0.10823866724967957
3,0.0,0.0,0.0,-0.14041075110435486,-0.04789050295948982,-0.058635346591472626,-0.2437373399734497,-0.20356233417987823,-0.08543751388788223,-0.27015283703804016,-0.3753989636898041,-0.10836631804704666,-0.2625788748264313,-0.5199481248855591,-0.12793773412704468,-0.18285518884658813,-0.48617786169052124,-0.02652071788907051,-0.20681625604629517,-0.6796209216117859,-0.06684865057468414,-0.2148342728614807,-0.7997549772262573,-0.10538426786661148,-0.21487568318843842,-0.9078329205513,-0.13496604561805725,-0.10518240928649902,-0.5224044919013977,-0.030242685228586197,-0.13000550866127014,-0.7425070405006409,-0.05933826416730881,-0.14395494759082794,-0.873492956161499,-0.08910614252090454,-0.15545019507408142,-0.9878436923027039,-0.11287032812833786,-0.031453490257263184,-0.5132203102111816,-0.04480111226439476,-0.0494498573243618,-0.7182670831680298,-0.07286310940980911,-0.06574392318725586,-0.84096759557724,-0.09107283502817154,-0.0847567692399025,-0.950650155544281,-0.10744383186101913,0.048699527978897095,-0.4672507047653198,-0.06719483435153961,0.036741770803928375,-0.6163663268089294,-0.09220249205827713,0.021047860383987427,-0.711383581161499,-0.10199006646871567,-0.00244785170070827,-0.7988865971565247,-0.11047013103961945
3,0.0,0.0,0.0,-0.14389054477214813,-0.050771910697221756,-0.055251721292734146,-0.24663220345973969,-0.20801810920238495,-0.07858182489871979,-0.27266764640808105,-0.3780768811702728,-0.0989535003900528,-0.262433260679245,-0.5163025856018066,-0.1157238557934761,-0.18845312297344208,-0.4884922504425049,-0.01465974748134613,-0.20803086459636688,-0.6809074282646179,-0.05042985454201698,-0.2158278226852417,-0.8002707958221436,-0.08670132607221603,-0.21784929931163788,-0.9067451357841492,-0.11548972129821777,-0.11002156138420105,-0.5254432559013367,-0.019197121262550354,-0.13182224333286285,-0.7430722117424011,-0.0452890619635582,-0.14534948766231537,-0.8739326596260071,-0.07447151094675064,-0.1584634929895401,-0.9873647689819336,-0.09810344129800797,-0.03656917065382004,-0.5162529349327087,-0.034863606095314026,-0.05396082252264023,-0.7182247638702393,-0.061522647738456726,-0.07040298730134964,-0.840084433555603,-0.08045624196529388,-0.09054802358150482,-0.9480893015861511,-0.09739307314157486,0.04295240342617035,-0.470087468624115,-0.05815046653151512,0.033100347965955734,-0.6168659925460815,-0.0827266126871109,0.017143812030553818,-0.7119664549827576,-0.09335026144981384,-0.006803680676966906,-0.7994745969772339,-0.10262707620859146
3,0.0,0.0,0.0,-0.14066246151924133,-0.052901457995176315,-0.05559437721967697,-0.24288402497768402,-0.20827561616897583,-0.08113386482000351,-0.27060776948928833,-0.3738897442817688,-0.10380174219608307,-0.263380765914917,-0.5135723948478699,-0.12353282421827316,-0.18338210880756378,-0.4863094091415405,-0.021596677601337433,-0.20332148671150208,-0.6760925054550171,-0.06222020834684372,-0.21131330728530884,-0.795409083366394,-0.10151311010122299,-0.21316708624362946,-0.9037443399429321,-0.13204529881477356,-0.10631927847862244,-0.5231910347938538,-0.027639977633953094,-0.12744373083114624,-0.7403702735900879,-0.05839750915765762,-0.14108708500862122,-0.8717020750045776,-0.08999671787023544,-0.15446136891841888,-0.9879988431930542,-0.1149788573384285,-0.03336747735738754,-0.5141267776489258,-0.04446035996079445,-0.051833752542734146,-0.7159608006477356,-0.07489912956953049,-0.06837745010852814,-0.8397442102432251,-0.09483738988637924,-0.08863510191440582,-0.9503073692321777,-0.11199704557657242,0.045839473605155945,-0.46805426478385925,-0.06876515597105026,0.034637752920389175,-0.6172429919242859,-0.0959308072924614,0.018722662702202797,-0.7136467695236206,-0.10680576413869858,-0.005478816106915474,-0.8016976714134216,-0.11594457924365997
3,0.0,0.0,0.0,-0.1391899734735489,-0.052475132048130035,-0.05703304708003998,-0.2435578554868698,-0.20445266366004944,-0.0836101621389389,-0.273385614156723,-0.3741779327392578,-0.10698387026786804,-0.2601769268512726,-0.5131241679191589,-0.12686534225940704,-0.18621109426021576,-0.485399067401886,-0.021035201847553253,-0.20819950103759766,-0.6785548329353333,-0.061070021241903305,-0.21640069782733917,-0.7989009618759155,-0.10010567307472229,-0.2175261527299881,-0.9067928791046143,-0.13008201122283936,-0.10905343294143677,-0.5226746201515198,-0.025243908166885376,-0.13223154842853546,-0.740776777267456,-0.05437459051609039,-0.1460033357143402,-0.8722866177558899,-0.08468464016914368,-0.15775705873966217,-0.9874779582023621,-0.1086193174123764,-0.03521648794412613,-0.5149379372596741,-0.040350452065467834,-0.05403068661689758,-0.7163688540458679,-0.06814855337142944,-0.07015938311815262,-0.8396257758140564,-0.0861806645989418,-0.08865373581647873,-0.9483768939971924,-0.10209054499864578,0.045056264847517014,-0.4695742726325989,-0.06325455754995346,0.03304397687315941,-0.6167874336242676,-0.08718672394752502,0.01693943701684475,-0.711010754108429,-0.09581545740365982,-0.006161956582218409,-0.7964192032814026,-0.10327114909887314
3,0.0,0.0,0.0,-0.14139913022518158,-0.049779150635004044,-0.05647812783718109,-0.24570216238498688,-0.2043249011039734,-0.0823037326335907,-0.27405861020088196,-0.37298211455345154,-0.10506384074687958,-0.2648962438106537,-0.5129114389419556,-0.12469986081123352,-0.1867300570011139,-0.4833216965198517,-0.02267947979271412,-0.20839253067970276,-0.6755203604698181,-0.06265242397785187,-0.21709772944450378,-0.7950257658958435,-0.10122241824865341,-0.21896567940711975,-0.9026215672492981,-0.13103452324867249,-0.1094268187880516,-0.5210437178611755,-0.027592232450842857,-0.13300932943820953,-0.7400963306427002,-0.05768313258886337,-0.14786092936992645,-0.8717091083526611,-0.08837337791919708,-0.16148746013641357,-0.9868747591972351,-0.11255452036857605,-0.03611184284090996,-0.5131737589836121,-0.04328673705458641,-0.05557747185230255,-0.715728223323822,-0.07263839244842529,-0.07340578734874725,-0.8396692872047424,-0.09206153452396393,-0.09437637031078339,-0.949129045009613,-0.10888802260160446,0.04361758381128311,-0.46845144033432007,-0.0665472224354744,0.03128170967102051,-0.6176050901412964,-0.09248224645853043,0.014228641986846924,-0.713642954826355,-0.10285036265850067,-0.01110785361379385,-0.8007128238677979,-0.11164872348308563
3,0.0,0.0,0.0,-0.14365513622760773,-0.051186494529247284,-0.05749717354774475,-0.24980643391609192,-0.20269015431404114,-0.0836089476943016,-0.2788907289505005,-0.3723801374435425,-0.10647408664226532,-0.270087867975235,-0.5134654641151428,-0.125992089509964,-0.18739700317382812,-0.4856860935688019,-0.02143678441643715,-0.20774933695793152,-0.6779180765151978,-0.0612998902797699,-0.21710114181041718,-0.7975251078605652,-0.10029131174087524,-0.2209685742855072,-0.9053894877433777,-0.13076439499855042,-0.10929659754037857,-0.5229419469833374,-0.02625557966530323,-0.1322694569826126,-0.7406042814254761,-0.05625508353114128,-0.1487344652414322,-0.8710101246833801,-0.08760672062635422,-0.16563721001148224,-0.9861867427825928,-0.11262094229459763,-0.03599047288298607,-0.5148881673812866,-0.04214150458574295,-0.054578747600317,-0.7170846462249756,-0.07185924053192139,-0.07247252762317657,-0.8405025005340576,-0.09145501255989075,-0.09463116526603699,-0.9505113363265991,-0.10849457234144211,0.043815869837999344,-0.46965765953063965,-0.06576302647590637,0.03172123059630394,-0.6178903579711914,-0.09225878864526749,0.014650710858404636,-0.7132815718650818,-0.10291403532028198,-0.011226301081478596,-0.8002822399139404,-0.11196892708539963
3,0.0,0.0,0.0,-0.1409069001674652,-0.053857676684856415,-0.05514601245522499,-0.24375002086162567,-0.20733408629894257,-0.0804719552397728,-0.2725420296192169,-0.3736983835697174,-0.10302500426769257,-0.26470717787742615,-0.5124413967132568,-0.12263023108243942,-0.18600818514823914,-0.4853219985961914,-0.020848805084824562,-0.20657876133918762,-0.674517035484314,-0.06145753711462021,-0.21497012674808502,-0.7936943173408508,-0.10096586495637894,-0.21720413863658905,-0.9019924998283386,-0.13145172595977783,-0.10872675478458405,-0.5224281549453735,-0.02697356790304184,-0.1316252052783966,-0.7387927174568176,-0.0572025366127491,-0.14651820063591003,-0.8703529834747314,-0.0886608436703682,-0.16069211065769196,-0.9870045781135559,-0.11334984004497528,-0.03480573743581772,-0.5139484405517578,-0.043843723833560944,-0.05415397882461548,-0.7158571481704712,-0.07377298176288605,-0.07119407504796982,-0.8405223488807678,-0.09373638033866882,-0.09175138175487518,-0.9522289037704468,-0.11069665104150772,0.045379918068647385,-0.46796637773513794,-0.06816254556179047,0.03360118716955185,-0.6159314513206482,-0.0945897102355957,0.017477331683039665,-0.7113080620765686,-0.10482519119977951,-0.006453797221183777,-0.7985308766365051,-0.11333103477954865
3,0.0,0.0,0.0,-0.1383630335330963,-0.04910920560359955,-0.055761370807886124,-0.24224522709846497,-0.20188704133033752,-0.0814703032374382,-0.27037039399147034,-0.37046200037002563,-0.10393693298101425,-0.263639360666275,-0.5092034339904785,-0.12326311320066452,-0.18598079681396484,-0.48630836606025696,-0.02440429851412773,-0.20693817734718323,-0.6789860129356384,-0.06383278965950012,-0.2153465449810028,-0.7979645729064941,-0.10206621885299683,-0.2175605446100235,-0.9049214124679565,-0.131608784198761,-0.107713982462883,-0.523070752620697,-0.029498497024178505,-0.1310594528913498,-0.7421282529830933,-0.05800756812095642,-0.14593727886676788,-0.8731143474578857,-0.08773784339427948,-0.15971624851226807,-0.9871630072593689,-0.11152180284261703,-0.033075593411922455,-0.5146451592445374,-0.04505856707692146,-0.051592059433460236,-0.7184709906578064,-0.07282337546348572,-0.06846433877944946,-0.8414859175682068,-0.09150127321481705,-0.08881799131631851,-0.9507521986961365,-0.10811857879161835,0.04756702110171318,-0.46915656328201294,-0.06813502311706543,0.034227896481752396,-0.6176390051841736,-0.0932433232665062,0.01700418069958687,-0.7122226357460022,-0.10301756858825684,-0.007700060028582811,-0.7982147932052612,-0.11135005205869675
3,0.0,0.0,0.0,-0.1414657086133957,-0.04829780012369156,-0.05657925456762314,-0.24704556167125702,-0.20150279998779297,-0.08196281641721725,-0.27714452147483826,-0.36940521001815796,-0.10439546406269073,-0.2669355571269989,-0.5058671832084656,-0.12350490689277649,-0.18838295340538025,-0.48276665806770325,-0.020926985889673233,-0.2087918519973755,-0.6760409474372864,-0.060366544872522354,-0.21795348823070526,-0.7963746786117554,-0.09868549555540085,-0.22096894681453705,-0.9036229848861694,-0.12831905484199524,-0.11063443124294281,-0.5205411314964294,-0.025723591446876526,-0.13343505561351776,-0.7389931082725525,-0.05516957491636276,-0.14896495640277863,-0.8715531826019287,-0.08545603603124619,-0.16350433230400085,-0.9865425825119019,-0.10926202684640884,-0.03688102588057518,-0.5138615369796753,-0.04142576456069946,-0.056419216096401215,-0.7164160013198853,-0.07005485892295837,-0.07419262826442719,-0.8403292894363403,-0.08892682194709778,-0.09531871974468231,-0.949469804763794,-0.10527757555246353,0.042737629264593124,-0.4704505205154419,-0.06483679264783859,0.030517803505063057,-0.6174721717834473,-0.0899362564086914,0.013188007287681103,-0.711929976940155,-0.09968773275613785,-0.011967290192842484,-0.7969346046447754,-0.1079329177737236
3,0.0,0.0,0.0,-0.14289528131484985,-0.049105625599622726,-0.05736294761300087,-0.24781551957130432,-0.20002980530261993,-0.0833495557308197,-0.27696219086647034,-0.3688034117221832,-0.10608664155006409,-0.2666469216346741,-0.5082896947860718,-0.12549307942390442,-0.18881770968437195,-0.4842834770679474,-0.02101287804543972,-0.20949411392211914,-0.6778739094734192,-0.06031033769249916,-0.21848492324352264,-0.7981411814689636,-0.0984826534986496,-0.22085942327976227,-0.9044275879859924,-0.12796945869922638,-0.11115506291389465,-0.521739661693573,-0.02548309788107872,-0.13401155173778534,-0.7417301535606384,-0.054978370666503906,-0.14763469994068146,-0.8737844228744507,-0.0853424072265625,-0.1596910059452057,-0.9871670007705688,-0.10908017307519913,-0.03740084171295166,-0.5142863988876343,-0.041019316762685776,-0.057485274970531464,-0.7186736464500427,-0.0703343078494072,-0.07382188737392426,-0.8431394696235657,-0.08998284488916397,-0.09288790076971054,-0.9525810480117798,-0.10670784115791321,0.04317384213209152,-0.47016629576683044,-0.06418541073799133,0.03041784279048443,-0.6191163063049316,-0.09037531167268753,0.013512199744582176,-0.7145667672157288,-0.10092071443796158,-0.01082233339548111,-0.8005848526954651,-0.10957391560077667
3,0.0,0.0,0.0,-0.1407751590013504,-0.049146875739097595,-0.05801217257976532,-0.24440796673297882,-0.20331919193267822,-0.08397869020700455,-0.27259373664855957,-0.37295037508010864,-0.10621677339076996,-0.2635319232940674,-0.512938380241394,-0.12500110268592834,-0.1852559596300125,-0.48690900206565857,-0.023258483037352562,-0.205868199467659,-0.6815736293792725,-0.06238498166203499,-0.2154047191143036,-0.8014591336250305,-0.10010533034801483,-0.2185899019241333,-0.9074962735176086,-0.1291494369506836,-0.10734791308641434,-0.5234884023666382,-0.02692769654095173,-0.1297624260187149,-0.7432866096496582,-0.05583556368947029,-0.14412221312522888,-0.8741694688796997,-0.08529593050479889,-0.15749850869178772,-0.9875192046165466,-0.10847310721874237,-0.03395120054483414,-0.515404999256134,-0.04154876247048378,-0.05368749797344208,-0.7178564667701721,-0.06950373202562332,-0.0703924372792244,-0.8421322703361511,-0.08767377585172653,-0.08988665789365768,-0.9521493315696716,-0.10367215424776077,0.04619288444519043,-0.47112464904785156,-0.06399078667163849,0.03286674618721008,-0.6198828816413879,-0.08825225383043289,0.0159609355032444,-0.7142611742019653,-0.0973791629076004,-0.0083684753626585,-0.8001639246940613,-0.10528448224067688
3,0.0,0.0,0.0,-0.14312930405139923,-0.04897131025791168,-0.05628630146384239,-0.24920359253883362,-0.2019726037979126,-0.08173312991857529,-0.27637070417404175,-0.37197616696357727,-0.10420778393745422,-0.2654922902584076,-0.5135104060173035,-0.1234513446688652,-0.1874733865261078,-0.4857788681983948,-0.01963123492896557,-0.20888365805149078,-0.6747251749038696,-0.05928896367549896,-0.2172742784023285,-0.793971061706543,-0.09862302988767624,-0.21915021538734436,-0.9022592902183533,-0.1293582022190094,-0.1100965067744255,-0.5237036943435669,-0.02480211667716503,-0.13289962708950043,-0.7402673363685608,-0.0537167526781559,-0.14752759039402008,-0.8713005781173706,-0.08446971327066422,-0.16142567992210388,-0.9868848323822021,-0.1092587411403656,-0.03708542883396149,-0.5153812170028687,-0.04104075953364372,-0.055602066218853,-0.7167920470237732,-0.06971434503793716,-0.0724688470363617,-0.8388338685035706,-0.08890238404273987,-0.093197762966156,-0.9476830959320068,-0.1059032529592514,0.04286686331033707,-0.4701630473136902,-0.06503449380397797,0.03041856549680233,-0.6169306635856628,-0.09113634377717972,0.013293611817061901,-0.711189866065979,-0.10188842564821243,-0.012374923564493656,-0.797082781791687,-0.11110012978315353
3,0.0,0.0,0.0,-0.14309465885162354,-0.04977056384086609,-0.05576793849468231,-0.24939227104187012,-0.2033669799566269,-0.0804942399263382,-0.27877673506736755,-0.37399864196777344,-0.10205621272325516,-0.26510846614837646,-0.512738823890686,-0.11997364461421967,-0.18848073482513428,-0.4880552291870117,-0.018580853939056396,-0.20945623517036438,-0.681723952293396,-0.0563531257212162,-0.21874520182609558,-0.8014236688613892,-0.09346488863229752,-0.2219173014163971,-0.9076880812644958,-0.12238626927137375,-0.11127903312444687,-0.5249361395835876,-0.023079944774508476,-0.13345448672771454,-0.743167519569397,-0.05099351331591606,-0.1471710205078125,-0.8735295534133911,-0.07973410934209824,-0.1599731594324112,-0.9871214032173157,-0.10247214883565903,-0.03815655782818794,-0.5166718363761902,-0.038539618253707886,-0.05728290602564812,-0.7191596627235413,-0.06603960692882538,-0.07362093031406403,-0.8419486284255981,-0.08343847841024399,-0.09303490817546844,-0.9510070085525513,-0.0987868458032608,0.04232179373502731,-0.4719114899635315,-0.061707597225904465,0.02914354018867016,-0.6203562617301941,-0.08579978346824646,0.012429538182914257,-0.7148075699806213,-0.09463120996952057,-0.011637747287750244,-0.8009628057479858,-0.10224294662475586
3,0.0,0.0,0.0,-0.14496269822120667,-0.05187856778502464,-0.05529596656560898,-0.249815434217453,-0.2020924687385559,-0.07976388186216354,-0.2793791592121124,-0.372181236743927,-0.10152456909418106,-0.2650740444660187,-0.5074999332427979,-0.12012046575546265,-0.18662041425704956,-0.4860406517982483,-0.01567603275179863,-0.20661194622516632,-0.6777358055114746,-0.053362905979156494,-0.21477413177490234,-0.7972565293312073,-0.09151401370763779,-0.21680976450443268,-0.9058125615119934,-0.12178279459476471,-0.1081637516617775,-0.5229607224464417,-0.021038131788372993,-0.13022221624851227,-0.7411432862281799,-0.049197521060705185,-0.1442059874534607,-0.8712180852890015,-0.07980987429618835,-0.1583031415939331,-0.9873905777931213,-0.104511559009552,-0.034825511276721954,-0.5147119164466858,-0.03745950013399124,-0.053707052022218704,-0.7157810926437378,-0.06609991192817688,-0.0708678737282753,-0.8394753932952881,-0.08508079499006271,-0.09135791659355164,-0.9498175382614136,-0.10180241614580154,0.04711723327636719,-0.4709233343601227,-0.06150808557868004,0.03542221710085869,-0.619149923324585,-0.08666222542524338,0.01907808519899845,-0.7140785455703735,-0.09617439657449722,-0.00548505736514926,-0.8010684847831726,-0.10466679185628891
3,0.0,0.0,0.0,-0.14281105995178223,-0.046276211738586426,-0.06189785152673721,-0.24966731667518616,-0.1965050846338272,-0.08954447507858276,-0.2781342566013336,-0.3676379919052124,-0.11284385621547699,-0.2720798850059509,-0.5116996169090271,-0.13252824544906616,-0.19415266811847687,-0.4811156392097473,-0.026239914819598198,-0.21341057121753693,-0.6739038825035095,-0.06702820211648941,-0.2205769419670105,-0.7949455380439758,-0.10659439116716385,-0.22166122496128082,-0.9040300250053406,-0.13705848157405853,-0.11509585380554199,-0.5201192498207092,-0.028691992163658142,-0.13793785870075226,-0.7384963035583496,-0.058347783982753754,-0.15296241641044617,-0.8702405691146851,-0.08929390460252762,-0.16731847822666168,-0.9859028458595276,-0.11384371668100357,-0.04034893959760666,-0.512920081615448,-0.042411647737026215,-0.05972950533032417,-0.7152849435806274,-0.07150085270404816,-0.0772334486246109,-0.8384284973144531,-0.0904034972190857,-0.09781157970428467,-0.9483078718185425,-0.1068696677684784,0.04125157371163368,-0.4685117304325104,-0.06424836069345474,0.027395011857151985,-0.6160336136817932,-0.0899587869644165,0.010289260186254978,-0.7102323770523071,-0.09971162676811218,-0.01430488284677267,-0.7958749532699585,-0.10782481729984283
3,0.0,0.0,0.0,-0.14181625843048096,-0.0485919751226902,-0.05950107052922249,-0.24664339423179626,-0.19951345026493073,-0.08643342554569244,-0.2766685485839844,-0.36947929859161377,-0.10951783508062363,-0.26724973320961,-0.5134944319725037,-0.12932907044887543,-0.18639755249023438,-0.48259755969047546,-0.024222882464528084,-0.20727287232875824,-0.6758754849433899,-0.06428642570972443,-0.21718241274356842,-0.7965542078018188,-0.10266727954149246,-0.22062134742736816,-0.9044140577316284,-0.13236479461193085,-0.109136663377285,-0.5208467245101929,-0.0277232863008976,-0.1310456395149231,-0.7407141327857971,-0.057726066559553146,-0.14596441388130188,-0.8729824423789978,-0.08826737105846405,-0.16000205278396606,-0.9871166944503784,-0.11236601322889328,-0.03614030405879021,-0.5136224031448364,-0.04238315299153328,-0.05489066243171692,-0.7172262072563171,-0.07228275388479233,-0.07224369049072266,-0.8427646160125732,-0.0925920307636261,-0.09302769601345062,-0.9536230564117432,-0.10994115471839905,0.04363517835736275,-0.47031131386756897,-0.06479734182357788,0.03209388628602028,-0.6186237931251526,-0.09161996096372604,0.015172762796282768,-0.714361846446991,-0.10309283435344696,-0.009898592717945576,-0.800744891166687,-0.11262129992246628
3,0.0,0.0,0.0,-0.14459118247032166,-0.04526715353131294,-0.05872844159603119,-0.25252002477645874,-0.1970958560705185,-0.08468037098646164,-0.2802749276161194,-0.36970213055610657,-0.1068553477525711,-0.27027609944343567,-0.5116659998893738,-0.12554185092449188,-0.19038738310337067,-0.48121392726898193,-0.023118218407034874,-0.2125713974237442,-0.6724472045898438,-0.06314288079738617,-0.2205262929201126,-0.7922466993331909,-0.10210470110177994,-0.22150792181491852,-0.9006249904632568,-0.13211855292320251,-0.112722247838974,-0.5205488204956055,-0.026495400816202164,-0.13641904294490814,-0.73944091796875,-0.055596258491277695,-0.15091438591480255,-0.8707922101020813,-0.0857066661119461,-0.16387824714183807,-0.9864805936813354,-0.10967685282230377,-0.03923086076974869,-0.5143725275993347,-0.0409662127494812,-0.05789812654256821,-0.7165302634239197,-0.06935079395771027,-0.07471436262130737,-0.8404154777526855,-0.08783622831106186,-0.09438708424568176,-0.9505211114883423,-0.1040523573756218,0.04154663905501366,-0.4710945188999176,-0.06333445757627487,0.02845405973494053,-0.6194679737091064,-0.08801758289337158,0.01142384298145771,-0.7140232920646667,-0.0972495973110199,-0.013504035770893097,-0.7997310161590576,-0.10526241362094879
3,0.0,0.0,0.0,-0.14066137373447418,-0.04696764051914215,-0.06046002358198166,-0.24670881032943726,-0.1987970471382141,-0.08797026425600052,-0.27607524394989014,-0.37160179018974304,-0.11128116399049759,-0.26216834783554077,-0.5142826437950134,-0.13111503422260284,-0.18566173315048218,-0.4832030236721039,-0.026363901793956757,-0.20688697695732117,-0.6779550909996033,-0.06623943895101547,-0.21796461939811707,-0.7987777590751648,-0.10449597984552383,-0.22307533025741577,-0.9062363505363464,-0.13415353000164032,-0.10849113762378693,-0.5209086537361145,-0.029414163902401924,-0.13173452019691467,-0.7416704297065735,-0.05854867771267891,-0.1478520631790161,-0.8732926845550537,-0.08808344602584839,-0.16317909955978394,-0.9865964651107788,-0.11163020879030228,-0.03570010885596275,-0.5127350687980652,-0.043542951345443726,-0.055619824677705765,-0.7166060209274292,-0.07185516506433487,-0.07343713939189911,-0.8409428596496582,-0.09013015776872635,-0.09391336888074875,-0.9503768682479858,-0.10639426112174988,0.0442732572555542,-0.46806880831718445,-0.06568067520856857,0.030337030068039894,-0.6167045831680298,-0.09073798358440399,0.013332241214811802,-0.7116270065307617,-0.100430928170681,-0.01104490365833044,-0.7980577349662781,-0.10883679240942001
3,0.0,0.0,0.0,-0.14146830141544342,-0.04924377053976059,-0.05890679359436035,-0.24509336054325104,-0.19957837462425232,-0.0865582674741745,-0.27327170968055725,-0.3653837740421295,-0.1106608584523201,-0.2699095904827118,-0.5059200525283813,-0.13137522339820862,-0.19025316834449768,-0.4853381812572479,-0.024272985756397247,-0.20926672220230103,-0.6758843660354614,-0.06541506201028824,-0.21659913659095764,-0.7955920100212097,-0.10570285469293594,-0.21846236288547516,-0.9045555591583252,-0.13708975911140442,-0.11158272624015808,-0.5224183797836304,-0.029122233390808105,-0.13425393402576447,-0.7400367259979248,-0.059572771191596985,-0.1488095223903656,-0.8705937266349792,-0.09156523644924164,-0.16379526257514954,-0.9864943623542786,-0.11719587445259094,-0.03765086084604263,-0.5131494998931885,-0.0449838750064373,-0.05668579041957855,-0.71507728099823,-0.07485499978065491,-0.07415250688791275,-0.8375447392463684,-0.09447383135557175,-0.09559715539216995,-0.9475968480110168,-0.11174869537353516,0.04310125485062599,-0.46621593832969666,-0.06867891550064087,0.030132658779621124,-0.6149686574935913,-0.09564357995986938,0.013303514569997787,-0.7103840112686157,-0.10636685788631439,-0.012238129042088985,-0.7979803681373596,-0.11545854061841965
3,0.0,0.0,0.0,-0.1432098001241684,-0.04635251313447952,-0.05847341939806938,-0.25036221742630005,-0.19914983212947845,-0.08377718180418015,-0.27854835987091064,-0.3708193004131317,-0.10554087907075882,-0.27227193117141724,-0.511719822883606,-0.12389498203992844,-0.19216395914554596,-0.48500922322273254,-0.020559119060635567,-0.21182426810264587,-0.6750895977020264,-0.0591903030872345,-0.2211206555366516,-0.7941475510597229,-0.09757285565137863,-0.22475284337997437,-0.9020376801490784,-0.12780939042568207,-0.11394608020782471,-0.5238728523254395,-0.024508312344551086,-0.13703280687332153,-0.7400246262550354,-0.05333024635910988,-0.15356865525245667,-0.87035071849823,-0.08397027105093002,-0.16972972452640533,-0.985490620136261,-0.10851900279521942,-0.04020313918590546,-0.5165385603904724,-0.03967125341296196,-0.05933697894215584,-0.7191271185874939,-0.06881635636091232,-0.07743792980909348,-0.8422101140022278,-0.08803731203079224,-0.09910786151885986,-0.9526644349098206,-0.10483117401599884,0.04098542779684067,-0.4720373749732971,-0.06263764202594757,0.028074851259589195,-0.6207283139228821,-0.08910021185874939,0.010728039778769016,-0.715943455696106,-0.09960416704416275,-0.015200238674879074,-0.8029444217681885,-0.10846201330423355
3,0.0,0.0,0.0,-0.14109060168266296,-0.04884953424334526,-0.06030968576669693,-0.24551555514335632,-0.20287418365478516,-0.08715725690126419,-0.27598151564598083,-0.3732320964336395,-0.11012926697731018,-0.2647586464881897,-0.514743983745575,-0.12959477305412292,-0.1885574460029602,-0.4826987683773041,-0.023309122771024704,-0.21040399372577667,-0.6748982071876526,-0.06362868845462799,-0.22177419066429138,-0.7945019602775574,-0.10242398083209991,-0.2266499102115631,-0.9011188745498657,-0.13232897222042084,-0.1112169548869133,-0.5220012068748474,-0.026356291025877,-0.1358921229839325,-0.7409518957138062,-0.05664616823196411,-0.15229369699954987,-0.8721755146980286,-0.08719321340322495,-0.1673758327960968,-0.985893189907074,-0.11112473160028458,-0.03819761797785759,-0.5148260593414307,-0.04071839526295662,-0.05869336426258087,-0.718803346157074,-0.0707528367638588,-0.07635710388422012,-0.8422788381576538,-0.09003832191228867,-0.09633173793554306,-0.9512959122657776,-0.1063956469297409,0.041353821754455566,-0.47057870030403137,-0.06297625601291656,0.02751811034977436,-0.6196866631507874,-0.08974029123783112,0.010823319666087627,-0.7157512307167053,-0.10024336725473404,-0.013029058463871479,-0.8030792474746704,-0.10880068689584732
3,0.0,0.0,0.0,-0.1432126760482788,-0.04857245832681656,-0.05795890465378761,-0.2508123517036438,-0.20075519382953644,-0.08394826203584671,-0.28221070766448975,-0.36983925104141235,-0.10669709742069244,-0.2674688994884491,-0.5074397325515747,-0.12617270648479462,-0.19186919927597046,-0.48267266154289246,-0.021205870434641838,-0.21397627890110016,-0.674324631690979,-0.0611165426671505,-0.2234312742948532,-0.7944765686988831,-0.1000741645693779,-0.22639602422714233,-0.9021952748298645,-0.1303889900445938,-0.11401516944169998,-0.520233690738678,-0.025521617382764816,-0.13884805142879486,-0.7387890219688416,-0.05577141419053078,-0.15476320683956146,-0.8706835508346558,-0.08667003363370895,-0.16959580779075623,-0.9855136871337891,-0.11080490052700043,-0.03984422609210014,-0.5123953223228455,-0.04093184322118759,-0.06110630929470062,-0.7157856822013855,-0.07094518095254898,-0.07979751378297806,-0.8403313755989075,-0.0905059352517128,-0.10098783671855927,-0.9499895572662354,-0.10707224905490875,0.041409242898225784,-0.46751177310943604,-0.06406574696302414,0.027413345873355865,-0.6154922842979431,-0.09093089401721954,0.009531528688967228,-0.7109534740447998,-0.10162536799907684,-0.01568719558417797,-0.7976061701774597,-0.11034487932920456
3,0.0,0.0,0.0,-0.1451147198677063,-0.05016997084021568,-0.055428460240364075,-0.25276055932044983,-0.20431740581989288,-0.08014961332082748,-0.2825244963169098,-0.37559548020362854,-0.1020614355802536,-0.26496627926826477,-0.5144911408424377,-0.12101887166500092,-0.19085554778575897,-0.48512008786201477,-0.01895006000995636,-0.21246804296970367,-0.6779499053955078,-0.05752302706241608,-0.2234959453344345,-0.798406720161438,-0.09523329883813858,-0.22828485071659088,-0.9047079682350159,-0.12481220811605453,-0.11325123906135559,-0.5228181481361389,-0.02457338757812977,-0.13594378530979156,-0.7412514090538025,-0.05397431552410126,-0.15197314321994781,-0.8728447556495667,-0.08482483774423599,-0.16717223823070526,-0.9859277009963989,-0.10921014845371246,-0.03982356935739517,-0.5145492553710938,-0.04115098714828491,-0.05984931066632271,-0.7178148031234741,-0.07086675614118576,-0.07856409251689911,-0.8426498174667358,-0.09199628978967667,-0.10028254240751266,-0.9519945979118347,-0.10997992008924484,0.0395771823823452,-0.46924301981925964,-0.06513449549674988,0.027732660993933678,-0.6173049807548523,-0.09247071295976639,0.009859087876975536,-0.7134519815444946,-0.10466353595256805,-0.01568119041621685,-0.8007283806800842,-0.11473990231752396
3,0.0,0.0,0.0,-0.14468364417552948,-0.054825276136398315,-0.056748997420072556,-0.25201258063316345,-0.2085677534341812,-0.08252839744091034,-0.28284990787506104,-0.378622829914093,-0.10537026077508926,-0.261538028717041,-0.517087996006012,-0.12481721490621567,-0.1908298134803772,-0.48711246252059937,-0.018752850592136383,-0.21090087294578552,-0.6799535751342773,-0.05849960073828697,-0.2209978997707367,-0.8008506894111633,-0.09722939133644104,-0.22535577416419983,-0.907710075378418,-0.12712015211582184,-0.11448771506547928,-0.5248364806175232,-0.023122519254684448,-0.13551774621009827,-0.7421697378158569,-0.053307291120290756,-0.1508394181728363,-0.8730815052986145,-0.08357067406177521,-0.1655733287334442,-0.9861974716186523,-0.10697617381811142,-0.04144042357802391,-0.5173830389976501,-0.03864807263016701,-0.060460083186626434,-0.718658447265625,-0.06832784414291382,-0.07829213887453079,-0.8414938449859619,-0.08715302497148514,-0.09903708100318909,-0.9484038352966309,-0.10279162973165512,0.03813564032316208,-0.47282710671424866,-0.06187959760427475,0.026655254885554314,-0.6217256784439087,-0.08797413110733032,0.009381333366036415,-0.7170940041542053,-0.09794151782989502,-0.015739863738417625,-0.8022136092185974,-0.10584195703268051
3,0.0,0.0,0.0,-0.14453670382499695,-0.050235576927661896,-0.05566204711794853,-0.2499837428331375,-0.2041759043931961,-0.08136357367038727,-0.2774199843406677,-0.37577933073043823,-0.10381569713354111,-0.2634911835193634,-0.5160013437271118,-0.1229923665523529,-0.1856750249862671,-0.48608481884002686,-0.02304515615105629,-0.20623937249183655,-0.6812854409217834,-0.06277772039175034,-0.2167421579360962,-0.8016427755355835,-0.10031570494174957,-0.22076791524887085,-0.9072412848472595,-0.12897580862045288,-0.10863593220710754,-0.523400068283081,-0.027928290888667107,-0.13094843924045563,-0.7441778182983398,-0.05777138099074364,-0.14630720019340515,-0.8751394152641296,-0.08667174726724625,-0.16024300456047058,-0.9870775938034058,-0.10914453864097595,-0.03581293299794197,-0.5154768824577332,-0.04348771646618843,-0.056019604206085205,-0.7186791896820068,-0.07202500104904175,-0.0736832395195961,-0.8430997133255005,-0.08970330655574799,-0.0931888297200203,-0.9513584971427917,-0.10498226433992386,0.043801143765449524,-0.4704924523830414,-0.06662534177303314,0.03048858605325222,-0.6202112436294556,-0.09112556278705597,0.012427247129380703,-0.7155711054801941,-0.09989554435014725,-0.012645132839679718,-0.8002769351005554,-0.10729803889989853
3,0.0,0.0,0.0,-0.14630886912345886,-0.050105441361665726,-0.05675944685935974,-0.2525937259197235,-0.20554454624652863,-0.08170556277036667,-0.27936092019081116,-0.3770286440849304,-0.10361374169588089,-0.26313039660453796,-0.5122305750846863,-0.1223023384809494,-0.1906750351190567,-0.4867262840270996,-0.01877729222178459,-0.21157415211200714,-0.6773837804794312,-0.058131273835897446,-0.22016768157482147,-0.7970749735832214,-0.09721070528030396,-0.2222432792186737,-0.9047196507453918,-0.1276499181985855,-0.11254046857357025,-0.5248563289642334,-0.023334555327892303,-0.13491983711719513,-0.7403787970542908,-0.052596163004636765,-0.14895685017108917,-0.8711378574371338,-0.0833929181098938,-0.1617891490459442,-0.9868253469467163,-0.10789615660905838,-0.03895149752497673,-0.517486035823822,-0.03905720263719559,-0.05776917189359665,-0.7170101404190063,-0.06799063831567764,-0.07492224127054214,-0.8400606513023376,-0.08771902322769165,-0.09468282014131546,-0.9488797783851624,-0.10478129982948303,0.0417538620531559,-0.47349005937576294,-0.06255973875522614,0.028927138075232506,-0.6201277375221252,-0.088190957903862,0.010798475705087185,-0.7136945724487305,-0.09854297339916229,-0.015238984487950802,-0.7983990907669067,-0.10734763741493225
3,0.0,0.0,0.0,-0.14206087589263916,-0.05215119943022728,-0.05853639170527458,-0.24566984176635742,-0.2058669924736023,-0.08496323972940445,-0.27429524064064026,-0.37807193398475647,-0.10803796350955963,-0.25891315937042236,-0.5165300369262695,-0.1277938336133957,-0.18492867052555084,-0.4821580946445465,-0.021389339119195938,-0.20401516556739807,-0.6743013262748718,-0.06219983473420143,-0.2136271446943283,-0.7941465973854065,-0.10160818696022034,-0.21699856221675873,-0.9012126326560974,-0.13175079226493835,-0.10815763473510742,-0.5219143033027649,-0.025000549852848053,-0.12899881601333618,-0.7406905293464661,-0.055495455861091614,-0.1439792513847351,-0.8723241686820984,-0.08588201552629471,-0.15802638232707977,-0.9874348640441895,-0.10961149632930756,-0.035798218101263046,-0.5157269835472107,-0.039850033819675446,-0.0549507662653923,-0.7175518274307251,-0.06919673085212708,-0.07300174236297607,-0.8414586186408997,-0.08759084343910217,-0.09310802817344666,-0.9497898817062378,-0.1033492386341095,0.04359061270952225,-0.47259995341300964,-0.06264811754226685,0.03166940435767174,-0.6209888458251953,-0.08779487013816833,0.014524569734930992,-0.7159715890884399,-0.09687276929616928,-0.01002778671681881,-0.8008953332901001,-0.1045207604765892
3,0.0,0.0,0.0,-0.1387520581483841,-0.048730023205280304,-0.0562555156648159,-0.2439088225364685,-0.20404013991355896,-0.08108699321746826,-0.27243292331695557,-0.37443751096725464,-0.10257754474878311,-0.2615424394607544,-0.5109328031539917,-0.12066895514726639,-0.1873321831226349,-0.4873538017272949,-0.021005870774388313,-0.20633763074874878,-0.6798213720321655,-0.059168558567762375,-0.2140899896621704,-0.7990177273750305,-0.096820168197155,-0.21562902629375458,-0.905285656452179,-0.12617537379264832,-0.10920208692550659,-0.5234768986701965,-0.025522228330373764,-0.1317943036556244,-0.7421064376831055,-0.0533025823533535,-0.14588090777397156,-0.8734186887741089,-0.08241966366767883,-0.15879926085472107,-0.9873109459877014,-0.10565918684005737,-0.03473546728491783,-0.5147466063499451,-0.040864426642656326,-0.05408218130469322,-0.718390703201294,-0.06853484362363815,-0.07000332325696945,-0.841514527797699,-0.08639958500862122,-0.0893922820687294,-0.9501903057098389,-0.10220137238502502,0.046169258654117584,-0.469372421503067,-0.06385341286659241,0.032592032104730606,-0.6183313727378845,-0.08859317004680634,0.015888117253780365,-0.7123645544052124,-0.09768645465373993,-0.008633813820779324,-0.7972158193588257,-0.10550990700721741
3,0.0,0.0,0.0,-0.14225135743618011,-0.05239303037524223,-0.05664774775505066,-0.24717050790786743,-0.20436526834964752,-0.0827360525727272,-0.2759447991847992,-0.3749825060367584,-0.10550283640623093,-0.2630446255207062,-0.5129936337471008,-0.12472840398550034,-0.18682734668254852,-0.4827025830745697,-0.02185523882508278,-0.206504687666893,-0.6776653528213501,-0.06123722717165947,-0.2166064828634262,-0.7977959513664246,-0.09912006556987762,-0.22063474357128143,-0.9043575525283813,-0.12813304364681244,-0.10945726931095123,-0.5204758048057556,-0.025831907987594604,-0.1308506429195404,-0.740920901298523,-0.05489524453878403,-0.14574334025382996,-0.8728351593017578,-0.08393168449401855,-0.15959523618221283,-0.9871824979782104,-0.10661117732524872,-0.03589785471558571,-0.5138463377952576,-0.04054537042975426,-0.05555865541100502,-0.7161017656326294,-0.06753817945718765,-0.07280746847391129,-0.8395564556121826,-0.08420177549123764,-0.09236720949411392,-0.9477919340133667,-0.09899573773145676,0.044866785407066345,-0.4702088534832001,-0.06306251138448715,0.031498562544584274,-0.6181424856185913,-0.08561140298843384,0.01392404455691576,-0.7119127511978149,-0.0930246114730835,-0.01071348786354065,-0.7954330444335938,-0.09952614456415176
3,0.0,0.0,0.0,-0.1412532776594162,-0.049077101051807404,-0.057821426540613174,-0.24682018160820007,-0.2041061669588089,-0.08353885263204575,-0.2765311002731323,-0.3769703209400177,-0.10573693364858627,-0.2608245313167572,-0.5144813060760498,-0.12445370107889175,-0.18686409294605255,-0.48791593313217163,-0.020925505086779594,-0.20641016960144043,-0.6810911893844604,-0.05915161594748497,-0.21572740375995636,-0.8005763292312622,-0.09697922319173813,-0.21896955370903015,-0.9070522785186768,-0.12643972039222717,-0.10963834077119827,-0.5237695574760437,-0.024819737300276756,-0.13174819946289062,-0.7415894865989685,-0.05230485647916794,-0.14705388247966766,-0.8726181387901306,-0.08180747926235199,-0.16112664341926575,-0.9869337677955627,-0.10538432747125626,-0.03640727326273918,-0.515014111995697,-0.03969867527484894,-0.055680051445961,-0.7174018621444702,-0.06640876084566116,-0.07260706275701523,-0.8404390215873718,-0.08447713404893875,-0.09231743961572647,-0.9492890238761902,-0.10063998401165009,0.043229538947343826,-0.47000256180763245,-0.062491632997989655,0.029424745589494705,-0.6170088648796082,-0.08591461181640625,0.012886416167020798,-0.7107833623886108,-0.09488044679164886,-0.010618831031024456,-0.7959555387496948,-0.10277888923883438
3,0.0,0.0,0.0,-0.14042070508003235,-0.048704203218221664,-0.05664628744125366,-0.24537421762943268,-0.20312494039535522,-0.0817280113697052,-0.2746523320674896,-0.374417245388031,-0.10363016277551651,-0.2612433135509491,-0.5119237899780273,-0.12228099256753922,-0.18517155945301056,-0.4861176013946533,-0.01971539482474327,-0.20617954432964325,-0.678307831287384,-0.058702290058135986,-0.21497966349124908,-0.7982363700866699,-0.09695065766572952,-0.217220738530159,-0.9051478505134583,-0.1266329139471054,-0.10772495716810226,-0.5232499241828918,-0.024161990731954575,-0.13002674281597137,-0.7418118119239807,-0.05307560786604881,-0.14417316019535065,-0.8729642629623413,-0.08288530260324478,-0.1576843112707138,-0.9874895215034485,-0.10645078867673874,-0.03514242544770241,-0.5153321027755737,-0.03965814411640167,-0.05447652190923691,-0.7170194983482361,-0.0679503008723259,-0.0710909515619278,-0.8407919406890869,-0.08616316318511963,-0.0901871919631958,-0.949889063835144,-0.1020767092704773,0.04400903359055519,-0.471249520778656,-0.06293993443250656,0.030433328822255135,-0.6200821995735168,-0.0877065360546112,0.01410672813653946,-0.7155686020851135,-0.09709241986274719,-0.00944148376584053,-0.8021553158760071,-0.10517963767051697
3,0.0,0.0,0.0,-0.14115622639656067,-0.047443583607673645,-0.05742105841636658,-0.24897032976150513,-0.20270244777202606,-0.08328709751367569,-0.27792122960090637,-0.37745988368988037,-0.105552539229393,-0.26151469349861145,-0.5176065564155579,-0.12424284964799881,-0.18752826750278473,-0.48568522930145264,-0.022215958684682846,-0.20702683925628662,-0.679232120513916,-0.061037980020046234,-0.21600598096847534,-0.799103319644928,-0.09868274629116058,-0.21867509186267853,-0.9062345027923584,-0.12786532938480377,-0.11004072427749634,-0.5228686928749084,-0.02579500526189804,-0.13197892904281616,-0.7419546842575073,-0.054114047437906265,-0.1469852477312088,-0.8727467060089111,-0.08285247534513474,-0.16127650439739227,-0.9869092702865601,-0.10571460425853729,-0.03702897951006889,-0.5153413414955139,-0.04025118425488472,-0.05597526580095291,-0.7172818779945374,-0.06742540746927261,-0.07331718504428864,-0.8403598070144653,-0.0843510702252388,-0.09354529529809952,-0.94877690076828,-0.0995398461818695,0.04264993593096733,-0.47152039408683777,-0.06254730373620987,0.028711365535855293,-0.6199453473091125,-0.08591791987419128,0.012172866612672806,-0.7138833403587341,-0.09416348487138748,-0.01179706584662199,-0.7986394166946411,-0.10146492719650269
3,0.0,0.0,0.0,-0.1443067044019699,-0.05035798251628876,-0.057585153728723526,-0.24782386422157288,-0.20434460043907166,-0.08325808495283127,-0.27424997091293335,-0.37745583057403564,-0.10560489445924759,-0.25832727551460266,-0.516338586807251,-0.12468469887971878,-0.1841089129447937,-0.48623180389404297,-0.02040908858180046,-0.20317167043685913,-0.6793240308761597,-0.05973130092024803,-0.2114836722612381,-0.7992294430732727,-0.09829924255609512,-0.2138330638408661,-0.9064168334007263,-0.12826423346996307,-0.10617833584547043,-0.5233443379402161,-0.024516459554433823,-0.12754033505916595,-0.7424489259719849,-0.05394269898533821,-0.14249324798583984,-0.8738057017326355,-0.0843513011932373,-0.15680044889450073,-0.987630307674408,-0.10832679271697998,-0.033328525722026825,-0.5151822566986084,-0.03973334655165672,-0.05178019776940346,-0.7182829976081848,-0.06905271112918854,-0.06959095597267151,-0.8411041498184204,-0.0882234200835228,-0.09028378874063492,-0.9492729902267456,-0.10466401278972626,0.046483490616083145,-0.47060781717300415,-0.06268265098333359,0.03437421843409538,-0.6182928681373596,-0.08888959884643555,0.01675582118332386,-0.7117902040481567,-0.09919464588165283,-0.008821506053209305,-0.7963990569114685,-0.10770208388566971
3,0.0,0.0,0.0,-0.14216814935207367,-0.047193098813295364,-0.05497051030397415,-0.24804209172725677,-0.20125451683998108,-0.07960639894008636,-0.275595486164093,-0.37306228280067444,-0.10138144344091415,-0.2618114650249481,-0.5114952921867371,-0.12002332508563995,-0.18278060853481293,-0.4849509298801422,-0.019393062219023705,-0.20555420219898224,-0.6778748035430908,-0.058637168258428574,-0.21495988965034485,-0.7983049154281616,-0.09687132388353348,-0.21675093472003937,-0.9056102633476257,-0.12641873955726624,-0.10458946228027344,-0.5225254893302917,-0.02440636418759823,-0.12795308232307434,-0.7414935827255249,-0.05346009135246277,-0.14223788678646088,-0.8731274604797363,-0.08332959562540054,-0.15464189648628235,-0.9879705905914307,-0.106955386698246,-0.031030500307679176,-0.5154154896736145,-0.0402095653116703,-0.051333002746105194,-0.716787576675415,-0.06819470226764679,-0.06894313544034958,-0.8410189151763916,-0.08640636503696442,-0.08862301707267761,-0.9502596259117126,-0.10248974710702896,0.049825798720121384,-0.4715467691421509,-0.06366495043039322,0.036224715411663055,-0.6192905306816101,-0.0879773423075676,0.017682362347841263,-0.7131279706954956,-0.09716799110174179,-0.008730346336960793,-0.797495424747467,-0.10518694669008255
3,0.0,0.0,0.0,-0.14072774350643158,-0.05183626711368561,-0.05408063530921936,-0.24868741631507874,-0.2068874090909958,-0.07901584357023239,-0.27899882197380066,-0.37730640172958374,-0.1011323556303978,-0.2603245675563812,-0.5129372477531433,-0.11966744810342789,-0.18852940201759338,-0.4864684045314789,-0.018378281965851784,-0.21083013713359833,-0.6807150840759277,-0.056390855461359024,-0.21888108551502228,-0.80069500207901,-0.09363026171922684,-0.2196500599384308,-0.907169759273529,-0.1223158910870552,-0.11099295318126678,-0.5228520035743713,-0.023372989147901535,-0.1355530321598053,-0.7410774827003479,-0.05074154958128929,-0.1490674614906311,-0.8731526732444763,-0.0791843831539154,-0.1602010875940323,-0.9870844483375549,-0.10163865983486176,-0.036184459924697876,-0.5152428150177002,-0.039031945168972015,-0.056982558220624924,-0.7172090411186218,-0.0652584582567215,-0.07247916609048843,-0.8403830528259277,-0.08205610513687134,-0.08999860286712646,-0.9474371671676636,-0.09698078781366348,0.04532456025481224,-0.4706838130950928,-0.062277477234601974,0.02973778173327446,-0.6189046502113342,-0.08497544378042221,0.012368588708341122,-0.7126241326332092,-0.09275635331869125,-0.01153511181473732,-0.7962737679481506,-0.0995161384344101
3,0.0,0.0,0.0,-0.1440442055463791,-0.05107090249657631,-0.0556718111038208,-0.25168123841285706,-0.20456023514270782,-0.08098282665014267,-0.2805842161178589,-0.3767910301685333,-0.10345914214849472,-0.26027917861938477,-0.5153840184211731,-0.12251687049865723,-0.18822696805000305,-0.48404693603515625,-0.017961423844099045,-0.20900669693946838,-0.6770613789558411,-0.05697723105549812,-0.2184021770954132,-0.7975234985351562,-0.09511686116456985,-0.22186031937599182,-0.904986560344696,-0.1247463971376419,-0.1113106980919838,-0.5211539268493652,-0.022799581289291382,-0.13349896669387817,-0.7401486039161682,-0.051797639578580856,-0.14861640334129333,-0.8719519972801208,-0.08137683570384979,-0.16275842487812042,-0.9866659641265869,-0.10463735461235046,-0.038616254925727844,-0.5133429169654846,-0.03866836801171303,-0.05881119519472122,-0.7148847579956055,-0.06675185263156891,-0.0764944925904274,-0.8387199640274048,-0.0846325159072876,-0.09626022726297379,-0.94730544090271,-0.1002715677022934,0.041376903653144836,-0.4691446125507355,-0.062294188886880875,0.027679981663823128,-0.6160017251968384,-0.08669910579919815,0.01014457456767559,-0.710055410861969,-0.09582170844078064,-0.014624391682446003,-0.7947851419448853,-0.10367343574762344
3,0.0,0.0,0.0,-0.1425970196723938,-0.05059077963232994,-0.057109832763671875,-0.24821962416172028,-0.20599432289600372,-0.08272606879472733,-0.2776391804218292,-0.3773213028907776,-0.10497231781482697,-0.2606562077999115,-0.5165468454360962,-0.12368328869342804,-0.18850529193878174,-0.48861363530158997,-0.019317638128995895,-0.20932172238826752,-0.6825589537620544,-0.05821681022644043,-0.2168893665075302,-0.8028009533882141,-0.09591656178236008,-0.21704375743865967,-0.9084916114807129,-0.12481348216533661,-0.10986770689487457,-0.5248169302940369,-0.022853586822748184,-0.13135267794132233,-0.7440280318260193,-0.051893386989831924,-0.14438405632972717,-0.8755052089691162,-0.08123829215765,-0.1555166244506836,-0.9878332614898682,-0.10405819118022919,-0.03582491725683212,-0.5159302949905396,-0.0375555157661438,-0.05510164424777031,-0.7183210849761963,-0.0660032108426094,-0.07271264493465424,-0.8425431251525879,-0.08484137058258057,-0.09204741567373276,-0.9502071142196655,-0.10085747390985489,0.04533033072948456,-0.471346378326416,-0.05995211377739906,0.031634729355573654,-0.6190029978752136,-0.0849234089255333,0.0126743633300066,-0.7129547595977783,-0.09490889310836792,-0.013322507031261921,-0.7971335649490356,-0.10315529257059097
3,0.0,0.0,0.0,-0.14303776621818542,-0.05257398635149002,-0.05524996295571327,-0.24994632601737976,-0.20674766600131989,-0.07931482791900635,-0.2821770906448364,-0.3761046230792999,-0.10051032900810242,-0.2706473469734192,-0.5143701434135437,-0.11821729689836502,-0.1928749978542328,-0.4848935008049011,-0.016164572909474373,-0.21170276403427124,-0.6778829097747803,-0.053925398737192154,-0.21998704969882965,-0.7979970574378967,-0.09154947847127914,-0.22305944561958313,-0.9052438735961914,-0.1208173856139183,-0.11451512575149536,-0.5213553309440613,-0.02091546542942524,-0.13621369004249573,-0.740315318107605,-0.04883217066526413,-0.15098538994789124,-0.872077226638794,-0.07844732701778412,-0.16564275324344635,-0.9861858487129211,-0.10170739889144897,-0.040543969720602036,-0.5125043392181396,-0.0366189144551754,-0.060518503189086914,-0.715181827545166,-0.06405004113912582,-0.07817033678293228,-0.8394473195075989,-0.081853948533535,-0.09855180233716965,-0.9474313259124756,-0.09733567386865616,0.04039320349693298,-0.46732664108276367,-0.0599290207028389,0.026422657072544098,-0.6161876916885376,-0.08364297449588776,0.009305962361395359,-0.711219072341919,-0.09199747443199158,-0.0147508280351758,-0.7965896725654602,-0.0992036834359169
3,0.0,0.0,0.0,-0.1432323157787323,-0.051132187247276306,-0.05822742357850075,-0.2485186755657196,-0.20336750149726868,-0.08429160714149475,-0.27974098920822144,-0.37337929010391235,-0.10685684531927109,-0.26801642775535583,-0.5132170915603638,-0.12576396763324738,-0.18960638344287872,-0.4850500524044037,-0.019593074917793274,-0.20972764492034912,-0.6793199777603149,-0.05918634310364723,-0.21878017485141754,-0.8004110455513,-0.09764514118432999,-0.22169944643974304,-0.9078570604324341,-0.12698598206043243,-0.11145465821027756,-0.5217640399932861,-0.022525593638420105,-0.13280871510505676,-0.7407606244087219,-0.05204528942704201,-0.14714746177196503,-0.8725953698158264,-0.08134976029396057,-0.16015851497650146,-0.9870913028717041,-0.10415364801883698,-0.0382826067507267,-0.5142799019813538,-0.03678106144070625,-0.05804219841957092,-0.7138589024543762,-0.06476650387048721,-0.07523258030414581,-0.8378076553344727,-0.08171020448207855,-0.09403815120458603,-0.9453245997428894,-0.09636612236499786,0.041899289935827255,-0.47167399525642395,-0.05906566604971886,0.028445754200220108,-0.6178980469703674,-0.08234021812677383,0.010820068418979645,-0.7112225890159607,-0.09022544324398041,-0.013631436042487621,-0.7942049503326416,-0.09702254086732864
3,0.0,0.0,0.0,-0.1391584575176239,-0.05163818597793579,-0.0566406324505806,-0.24379579722881317,-0.2065264880657196,-0.08219452202320099,-0.27364298701286316,-0.37776973843574524,-0.10451806336641312,-0.25822824239730835,-0.515338122844696,-0.12347641587257385,-0.18562069535255432,-0.48529472947120667,-0.0206148698925972,-0.20762161910533905,-0.678679883480072,-0.059668347239494324,-0.21817240118980408,-0.7986234426498413,-0.09789370000362396,-0.22185426950454712,-0.9045960903167725,-0.12724897265434265,-0.1088811457157135,-0.5227115154266357,-0.024503646418452263,-0.1331210881471634,-0.7408255934715271,-0.05307462438941002,-0.14869585633277893,-0.8728401064872742,-0.08280210942029953,-0.16196660697460175,-0.9867962598800659,-0.10618856549263,-0.03568476811051369,-0.5157523155212402,-0.03923169896006584,-0.05593385919928551,-0.717461884021759,-0.06659643352031708,-0.0729382187128067,-0.84161376953125,-0.08488498628139496,-0.0915566235780716,-0.949542224407196,-0.10097058862447739,0.04437309131026268,-0.47284379601478577,-0.06169075146317482,0.030265357345342636,-0.6186591386795044,-0.08524607867002487,0.01309344545006752,-0.7116869688034058,-0.09406892955303192,-0.010700907558202744,-0.7951161861419678,-0.10175037384033203
3,0.0,0.0,0.0,-0.14004294574260712,-0.051817744970321655,-0.0563078299164772,-0.24660737812519073,-0.20807874202728271,-0.08166169375181198,-0.276471883058548,-0.37954476475715637,-0.10416027903556824,-0.25552117824554443,-0.5153539776802063,-0.12308041006326675,-0.18660010397434235,-0.48592978715896606,-0.01767648383975029,-0.20787553489208221,-0.6778051257133484,-0.056676235049963,-0.2166072428226471,-0.7976576089859009,-0.09510014951229095,-0.2184443324804306,-0.9052497148513794,-0.12496045231819153,-0.10987195372581482,-0.5237089395523071,-0.021929381415247917,-0.1328185498714447,-0.7397966384887695,-0.05076034739613533,-0.1471257358789444,-0.871367335319519,-0.08074450492858887,-0.15997207164764404,-0.98712158203125,-0.10436292737722397,-0.03648575767874718,-0.5165565609931946,-0.03726129233837128,-0.05630422383546829,-0.7162356376647949,-0.06504866480827332,-0.07307156175374985,-0.8389794826507568,-0.08334361761808395,-0.09236454963684082,-0.9461538791656494,-0.09925194084644318,0.04380190744996071,-0.4728621542453766,-0.060434214770793915,0.030523676425218582,-0.6180136203765869,-0.08455269783735275,0.013082795776426792,-0.7115229368209839,-0.09404947608709335,-0.011752668768167496,-0.7955476641654968,-0.10215865075588226
3,0.0,0.0,0.0,-0.14177286624908447,-0.05149049311876297,-0.05461442470550537,-0.24851728975772858,-0.20270545780658722,-0.08061455190181732,-0.27738261222839355,-0.37186184525489807,-0.10379952937364578,-0.261647492647171,-0.5076391100883484,-0.1235787570476532,-0.18846789002418518,-0.48592111468315125,-0.021192854270339012,-0.20972749590873718,-0.679037868976593,-0.061143722385168076,-0.2184317409992218,-0.7986404299736023,-0.09976164996623993,-0.22059738636016846,-0.9049564003944397,-0.1293943077325821,-0.11147340387105942,-0.5215442776679993,-0.026588071137666702,-0.1353686898946762,-0.7405645251274109,-0.05623844638466835,-0.15005162358283997,-0.8721632361412048,-0.08586763590574265,-0.1631910502910614,-0.9865944981575012,-0.10901179164648056,-0.03783829137682915,-0.5130243301391602,-0.0426110178232193,-0.05844121798872948,-0.7157583236694336,-0.07086452096700668,-0.0761655867099762,-0.8390294313430786,-0.08850672096014023,-0.09641445428133011,-0.9468473792076111,-0.10387594997882843,0.043037693947553635,-0.4677277207374573,-0.0661906972527504,0.029536934569478035,-0.6143859624862671,-0.09064048528671265,0.011619562283158302,-0.7079732418060303,-0.09939813613891602,-0.013724546879529953,-0.7916272282600403,-0.10674994438886642
3,0.0,0.0,0.0,-0.14272579550743103,-0.050159651786088943,-0.05719200149178505,-0.24832381308078766,-0.20406045019626617,-0.08300160616636276,-0.27719610929489136,-0.3738715946674347,-0.1055174320936203,-0.26100513339042664,-0.5121644735336304,-0.12432950735092163,-0.1876765340566635,-0.4862574338912964,-0.0192378219217062,-0.20774415135383606,-0.6780503988265991,-0.05835729464888573,-0.21602682769298553,-0.7979932427406311,-0.09680287539958954,-0.21795141696929932,-0.904728353023529,-0.1262497752904892,-0.11002010852098465,-0.5231444239616394,-0.02289395034313202,-0.132334902882576,-0.7411928176879883,-0.05131923034787178,-0.14793963730335236,-0.8728243708610535,-0.08065696805715561,-0.16220924258232117,-0.9867563843727112,-0.10349678993225098,-0.036373063921928406,-0.5152709484100342,-0.03757796436548233,-0.05702976509928703,-0.7160189151763916,-0.06460436433553696,-0.0757240578532219,-0.8401756882667542,-0.08168141543865204,-0.09620904177427292,-0.9483447074890137,-0.09662845730781555,0.043999962508678436,-0.47079676389694214,-0.06019822135567665,0.030263619497418404,-0.6172821521759033,-0.08309289813041687,0.012194671668112278,-0.7106095552444458,-0.09081540256738663,-0.012721727602183819,-0.7941287159919739,-0.0974721759557724
3,0.0,0.0,0.0,-0.14258575439453125,-0.048957519233226776,-0.056464098393917084,-0.24925152957439423,-0.20308233797550201,-0.08244425058364868,-0.27950552105903625,-0.37481608986854553,-0.10535334795713425,-0.26198384165763855,-0.5136781334877014,-0.1246405765414238,-0.18824473023414612,-0.4851253032684326,-0.019508497789502144,-0.209746316075325,-0.677898108959198,-0.05856509134173393,-0.21897056698799133,-0.7979543805122375,-0.0968504250049591,-0.22132608294487,-0.905353844165802,-0.12661105394363403,-0.11183749884366989,-0.5223718285560608,-0.023752139881253242,-0.13619445264339447,-0.7401120662689209,-0.05227082967758179,-0.15138627588748932,-0.8716171979904175,-0.08180998265743256,-0.16489705443382263,-0.9863107800483704,-0.10544128715991974,-0.03901444375514984,-0.5148130655288696,-0.038998082280159,-0.059877194464206696,-0.7161614894866943,-0.06637474149465561,-0.07739394903182983,-0.8390289545059204,-0.08450916409492493,-0.09725507348775864,-0.9456638693809509,-0.10065336525440216,0.04142079874873161,-0.4708956778049469,-0.06206856295466423,0.026979051530361176,-0.6170487403869629,-0.0860087051987648,0.008038636296987534,-0.7104430794715881,-0.09567544609308243,-0.018690820783376694,-0.7929824590682983,-0.10413328558206558
3,0.0,0.0,0.0,-0.13949018716812134,-0.05246540904045105,-0.05813390761613846,-0.24225272238254547,-0.20570944249629974,-0.0856378972530365,-0.2697477340698242,-0.3742199242115021,-0.10956370085477829,-0.25592824816703796,-0.5125088095664978,-0.12975572049617767,-0.18465662002563477,-0.4858187139034271,-0.024205373600125313,-0.20252719521522522,-0.680320143699646,-0.06512080132961273,-0.21233460307121277,-0.800695538520813,-0.10377844423055649,-0.2162952870130539,-0.9064092040061951,-0.13305343687534332,-0.10783158242702484,-0.5231037139892578,-0.027678625658154488,-0.12925471365451813,-0.7432206273078918,-0.05840114504098892,-0.1450812965631485,-0.8745482563972473,-0.08771980553865433,-0.16050973534584045,-0.987034261226654,-0.11022960394620895,-0.034574903547763824,-0.5162594318389893,-0.04203031584620476,-0.05448220670223236,-0.7190415859222412,-0.07040078938007355,-0.07233218848705292,-0.8422613739967346,-0.08721337467432022,-0.09333502501249313,-0.9489744901657104,-0.10167167335748672,0.0453040786087513,-0.47237759828567505,-0.06428015977144241,0.032517191022634506,-0.6198517084121704,-0.08804143220186234,0.01420120894908905,-0.7131971716880798,-0.09604710340499878,-0.012231544591486454,-0.7948421835899353,-0.10265958309173584
3,0.0,0.0,0.0,-0.14141599833965302,-0.05038091167807579,-0.05554352328181267,-0.2461056113243103,-0.2046595960855484,-0.08032660186290741,-0.2740791141986847,-0.3735528290271759,-0.10210316628217697,-0.2641628384590149,-0.5121746063232422,-0.12019141018390656,-0.19112756848335266,-0.4884842038154602,-0.017132917419075966,-0.2140965610742569,-0.6809353828430176,-0.05432850122451782,-0.22338473796844482,-0.8000343441963196,-0.09182209521532059,-0.22659572958946228,-0.9067252278327942,-0.12103590369224548,-0.11301106214523315,-0.5250747203826904,-0.021484101191163063,-0.13830357789993286,-0.7424910664558411,-0.04785202443599701,-0.15365630388259888,-0.8726646304130554,-0.07673806697130203,-0.1684700846672058,-0.9857068061828613,-0.099993497133255,-0.039150554686784744,-0.5168797969818115,-0.03681350126862526,-0.06005240976810455,-0.7185219526290894,-0.062365587800741196,-0.07780615985393524,-0.83962482213974,-0.07949194312095642,-0.09857088327407837,-0.9453030824661255,-0.09514464437961578,0.0415104404091835,-0.472875714302063,-0.05996089056134224,0.02721567265689373,-0.6197230219841003,-0.08261512219905853,0.009559987112879753,-0.712681233882904,-0.09112793952226639,-0.015456212684512138,-0.7963573336601257,-0.09876221418380737
3,0.0,0.0,0.0,-0.14394456148147583,-0.04584801569581032,-0.05803355574607849,-0.2515091300010681,-0.20060718059539795,-0.08290853351354599,-0.27989307045936584,-0.37523627281188965,-0.10413318127393723,-0.26509949564933777,-0.5114509463310242,-0.12170258909463882,-0.1941966861486435,-0.483139306306839,-0.020103944465517998,-0.21455398201942444,-0.6751623749732971,-0.05852888152003288,-0.2239513397216797,-0.7948753833770752,-0.09655746072530746,-0.22767449915409088,-0.9019679427146912,-0.1262584924697876,-0.1164456382393837,-0.52259361743927,-0.023219740018248558,-0.1408555507659912,-0.7406260967254639,-0.05151073634624481,-0.1568935364484787,-0.8708145618438721,-0.0804859846830368,-0.1727045178413391,-0.984973669052124,-0.10348925739526749,-0.04267122223973274,-0.5167175531387329,-0.03740798681974411,-0.06453873962163925,-0.7170788645744324,-0.0648193433880806,-0.08306065201759338,-0.8386669754981995,-0.0816735103726387,-0.10427509993314743,-0.9455234408378601,-0.09670671820640564,0.03952113538980484,-0.47425389289855957,-0.05958747863769531,0.02463914081454277,-0.6198387145996094,-0.08315615355968475,0.006790780927985907,-0.7119338512420654,-0.09117157012224197,-0.018443474546074867,-0.7946532368659973,-0.09825966507196426
3,0.0,0.0,0.0,-0.14584852755069733,-0.04674927890300751,-0.05780261009931564,-0.25528034567832947,-0.2004883885383606,-0.08330684155225754,-0.28806671500205994,-0.3755297064781189,-0.10531041771173477,-0.27175962924957275,-0.5155603885650635,-0.1235179603099823,-0.19571925699710846,-0.48213595151901245,-0.019035140052437782,-0.21806098520755768,-0.6784782409667969,-0.05733109265565872,-0.228571355342865,-0.7992566227912903,-0.09469735622406006,-0.23262763023376465,-0.9058161377906799,-0.12356778234243393,-0.11843918263912201,-0.5206689238548279,-0.022123541682958603,-0.14249470829963684,-0.740824818611145,-0.05029933527112007,-0.15831144154071808,-0.8720621466636658,-0.07905085384845734,-0.1729782372713089,-0.9849256277084351,-0.10174746811389923,-0.045402687042951584,-0.5142759084701538,-0.03644732013344765,-0.06716886907815933,-0.7155739665031433,-0.06318604946136475,-0.08616185188293457,-0.8388399481773376,-0.08041110634803772,-0.10713101923465729,-0.94526606798172,-0.09576522558927536,0.03550320491194725,-0.47264108061790466,-0.05876295268535614,0.020374126732349396,-0.6201053857803345,-0.0815405547618866,0.0015263644745573401,-0.7137270569801331,-0.09010027348995209,-0.024477684870362282,-0.796859622001648,-0.09768648445606232
3,0.0,0.0,0.0,-0.14085033535957336,-0.051500312983989716,-0.05918661132454872,-0.24731756746768951,-0.20264501869678497,-0.08779292553663254,-0.2801879644393921,-0.3732358515262604,-0.11269691586494446,-0.2592964172363281,-0.5145901441574097,-0.1338818073272705,-0.18897688388824463,-0.4824664890766144,-0.024791615083813667,-0.21205969154834747,-0.6782982349395752,-0.06638704240322113,-0.22309458255767822,-0.7992734313011169,-0.10535174608230591,-0.2269400656223297,-0.9065644145011902,-0.1349247843027115,-0.11192215234041214,-0.519322395324707,-0.02784491889178753,-0.13653701543807983,-0.7404066324234009,-0.05905918776988983,-0.15315483510494232,-0.8719186186790466,-0.08867150545120239,-0.16824141144752502,-0.9857457876205444,-0.1114577129483223,-0.03842296823859215,-0.512102484703064,-0.04190938174724579,-0.06033575162291527,-0.7148964405059814,-0.07127169519662857,-0.07928793132305145,-0.8385742902755737,-0.08830530941486359,-0.1000431478023529,-0.9460802674293518,-0.10288143157958984,0.042994424700737,-0.4692095220088959,-0.06388518959283829,0.02829570509493351,-0.6167710423469543,-0.08816282451152802,0.00995288323611021,-0.7099573016166687,-0.09627775102853775,-0.015749815851449966,-0.7928463816642761,-0.10313800722360611
3,0.0,0.0,0.0,-0.14093080163002014,-0.049980804324150085,-0.057633284479379654,-0.24741290509700775,-0.20050808787345886,-0.08463287353515625,-0.2788518965244293,-0.37107419967651367,-0.10813572257757187,-0.26364704966545105,-0.511660635471344,-0.12759773433208466,-0.19016233086585999,-0.48464006185531616,-0.021096860989928246,-0.21330812573432922,-0.679929792881012,-0.060140110552310944,-0.22313228249549866,-0.7999361753463745,-0.09814795106649399,-0.22601430118083954,-0.9064441919326782,-0.12711524963378906,-0.11382710933685303,-0.522224485874176,-0.024104779586195946,-0.1392080932855606,-0.742817223072052,-0.051838088780641556,-0.1552893966436386,-0.8732080459594727,-0.07976657152175903,-0.16972050070762634,-0.9854922890663147,-0.10165538638830185,-0.04065977409482002,-0.5155596733093262,-0.03808002173900604,-0.06240945681929588,-0.7191606163978577,-0.06376171112060547,-0.08080288767814636,-0.8426194787025452,-0.07906684279441833,-0.10089664161205292,-0.9495612382888794,-0.09296794980764389,0.0401497557759285,-0.4724188446998596,-0.06009703874588013,0.02555724047124386,-0.620298445224762,-0.08156707882881165,0.0076226661913096905,-0.7142136693000793,-0.08809104561805725,-0.017454106360673904,-0.7970353960990906,-0.09392465651035309
3,0.0,0.0,0.0,-0.1415109783411026,-0.052002646028995514,-0.055273644626140594,-0.2465057373046875,-0.20564201474189758,-0.08006740361452103,-0.2765026092529297,-0.37578335404396057,-0.10198511183261871,-0.26594507694244385,-0.5156490206718445,-0.12024345248937607,-0.18820054829120636,-0.48317283391952515,-0.0174116138368845,-0.2111983746290207,-0.67620849609375,-0.056494567543268204,-0.22106018662452698,-0.7965274453163147,-0.09458925575017929,-0.2241133153438568,-0.9046491384506226,-0.12371496856212616,-0.11143872886896133,-0.5221929550170898,-0.021695448085665703,-0.1370989978313446,-0.7399634718894958,-0.05040490999817848,-0.15308184921741486,-0.8705938458442688,-0.07974821329116821,-0.168095201253891,-0.9857707619667053,-0.10269111394882202,-0.03841600567102432,-0.5173396468162537,-0.03689311072230339,-0.06040076166391373,-0.7173344492912292,-0.06390479952096939,-0.07903151214122772,-0.8400572538375854,-0.08074387907981873,-0.1003846526145935,-0.9475921392440796,-0.09544603526592255,0.042223744094371796,-0.4762546718120575,-0.0599030926823616,0.026032008230686188,-0.6237332224845886,-0.0823025181889534,0.006848268210887909,-0.7163804769515991,-0.08975255489349365,-0.020052537322044373,-0.7984082102775574,-0.09626226872205734
3,0.0,0.0,0.0,-0.14313438534736633,-0.052048735320568085,-0.05541252717375755,-0.24935169517993927,-0.2052004039287567,-0.08061914145946503,-0.27916789054870605,-0.3749608099460602,-0.10310293734073639,-0.26229164004325867,-0.5114313364028931,-0.12200649082660675,-0.18928827345371246,-0.4845857620239258,-0.016614366322755814,-0.2131928652524948,-0.6762030124664307,-0.05542207509279251,-0.22264911234378815,-0.79529869556427,-0.09413128346204758,-0.22458595037460327,-0.9021868705749512,-0.1237761601805687,-0.11264459043741226,-0.5218237638473511,-0.02104298584163189,-0.13891509175300598,-0.7395585179328918,-0.049291934818029404,-0.15519560873508453,-0.8709100484848022,-0.07885502278804779,-0.16885970532894135,-0.9856401085853577,-0.10198846459388733,-0.039389047771692276,-0.5149388909339905,-0.036474164575338364,-0.060810595750808716,-0.7171040177345276,-0.06355875730514526,-0.07934731245040894,-0.8405634760856628,-0.08059518784284592,-0.09875962883234024,-0.9477749466896057,-0.09553399682044983,0.0416572131216526,-0.47200828790664673,-0.0597207136452198,0.027197835966944695,-0.6193315982818604,-0.08252454549074173,0.009225398302078247,-0.7126531004905701,-0.08993297070264816,-0.015427008271217346,-0.7961550354957581,-0.09643562138080597
3,0.0,0.0,0.0,-0.14348465204238892,-0.05271267518401146,-0.05474718660116196,-0.2510523200035095,-0.20690809190273285,-0.07925861328840256,-0.28199607133865356,-0.3788306415081024,-0.10082051157951355,-0.2595458924770355,-0.5150691270828247,-0.11837219446897507,-0.19286616146564484,-0.48556819558143616,-0.015811655670404434,-0.21428275108337402,-0.679940938949585,-0.05292870104312897,-0.22327347099781036,-0.7996048927307129,-0.08977043628692627,-0.2257511019706726,-0.9055833220481873,-0.1179850772023201,-0.11555236577987671,-0.5233360528945923,-0.019338110461831093,-0.139419823884964,-0.7424529790878296,-0.04558945819735527,-0.15405097603797913,-0.8732665181159973,-0.07250550389289856,-0.16723795235157013,-0.9859165549278259,-0.09349005669355392,-0.041458453983068466,-0.5174176096916199,-0.03375060483813286,-0.06264844536781311,-0.71929931640625,-0.058346956968307495,-0.08016572892665863,-0.841891884803772,-0.07344253361225128,-0.09946131706237793,-0.9471389055252075,-0.08687232434749603,0.04055032134056091,-0.47587302327156067,-0.05602790415287018,0.024923020973801613,-0.6229156851768494,-0.0762014165520668,0.005351809784770012,-0.7137653231620789,-0.08206982910633087,-0.0207197368144989,-0.7930021286010742,-0.08730631321668625
3,0.0,0.0,0.0,-0.14357179403305054,-0.0493207648396492,-0.05548716336488724,-0.25046664476394653,-0.2040599286556244,-0.0810059979557991,-0.279719740152359,-0.37689682841300964,-0.10360846668481827,-0.2616826593875885,-0.5138739347457886,-0.12296977639198303,-0.18899881839752197,-0.48489877581596375,-0.020280294120311737,-0.21056953072547913,-0.678595781326294,-0.05991656333208084,-0.2208239734172821,-0.7988131046295166,-0.0982648953795433,-0.22461353242397308,-0.9057961106300354,-0.12779264152050018,-0.11209072172641754,-0.5234082937240601,-0.024998072534799576,-0.13552655279636383,-0.742422878742218,-0.05445120483636856,-0.1507323980331421,-0.8726921677589417,-0.08357150107622147,-0.1649380624294281,-0.9863039255142212,-0.10650044679641724,-0.039374418556690216,-0.517393171787262,-0.04053804278373718,-0.06093496084213257,-0.7173879146575928,-0.06852903962135315,-0.0798320546746254,-0.8407071828842163,-0.08589504659175873,-0.10090235620737076,-0.9481112360954285,-0.10118944197893143,0.040705230087041855,-0.47541260719299316,-0.0638340562582016,0.02611805684864521,-0.623813807964325,-0.08735984563827515,0.007228526286780834,-0.7169756293296814,-0.09559712558984756,-0.019514191895723343,-0.7997849583625793,-0.10289789736270905
3,0.0,0.0,0.0,-0.14567352831363678,-0.046403929591178894,-0.05790705978870392,-0.25323644280433655,-0.20213116705417633,-0.08265672624111176,-0.2855260372161865,-0.3760567307472229,-0.1042943000793457,-0.2636307179927826,-0.5109215378761292,-0.12229673564434052,-0.19477416574954987,-0.4819597899913788,-0.014232424087822437,-0.21791312098503113,-0.6742793917655945,-0.051026441156864166,-0.22688989341259003,-0.7937430143356323,-0.08897323161363602,-0.22902004420757294,-0.9020509123802185,-0.11918935179710388,-0.11811540275812149,-0.5212694406509399,-0.01745053008198738,-0.14317218959331512,-0.7386119365692139,-0.04413911700248718,-0.1577613353729248,-0.8688328266143799,-0.07421297580003738,-0.17131994664669037,-0.985215425491333,-0.09861557930707932,-0.04541744291782379,-0.5145323872566223,-0.032134782522916794,-0.06723026186227798,-0.7143439054489136,-0.0588655099272728,-0.08512658625841141,-0.837230920791626,-0.07823079824447632,-0.10473548620939255,-0.9453113675117493,-0.09546422213315964,0.035868771374225616,-0.4719618558883667,-0.05484961345791817,0.02043924294412136,-0.6187412142753601,-0.07816574722528458,0.002078801393508911,-0.7118644118309021,-0.08814132958650589,-0.02300066500902176,-0.7963457703590393,-0.09727515280246735
